DROP TABLE IF EXISTS `hjy_building`;

CREATE TABLE `hjy_building`
(
    `building_id`      bigint(20)      DEFAULT NULL COMMENT '楼栋id',
    `building_name`    varchar(32)     DEFAULT NULL COMMENT '楼栋名称',
    `building_code`    varchar(32)     DEFAULT NULL COMMENT '楼栋编码',
    `building_acreage` decimal(32, 10) DEFAULT NULL COMMENT '楼栋面积',
    `community_id`     bigint(20)      DEFAULT NULL COMMENT '小区id',
    `create_by`        varchar(32)     DEFAULT NULL COMMENT '创建者',
    `create_time`      datetime        DEFAULT NULL COMMENT '创建时间',
    `update_by`        varchar(32)     DEFAULT NULL COMMENT '更新者',
    `update_time`      datetime        DEFAULT NULL COMMENT '更新时间',
    `remark`           varchar(1024)   DEFAULT NULL COMMENT '备注'
) ENGINE = InnoDB
  DEFAULT CHARSET = utf8
  ROW_FORMAT = DYNAMIC COMMENT ='楼栋 ';

/*Data for the table `hjy_building` */

insert into `hjy_building`(`building_id`, `building_name`, `building_code`, `building_acreage`, `community_id`,
                           `create_by`, `create_time`, `update_by`, `update_time`, `remark`)
values (1623659483150794753, '南一区1号楼', 'BUILDING_1675945561579', 120.0000000000, 1623660256618201090, 'admin',
        '2023-02-09 20:26:02', 'admin', '2023-02-09 20:26:44', NULL),
       (1623660091043856386, '南一区2号楼', 'BUILDING_1675945706515', 99.0000000000, 1623660256618201090, 'admin',
        '2023-02-09 20:28:27', 'admin', '2023-02-09 20:28:27', NULL),
       (1623661400291655681, '宏福苑南一区1号楼', 'BUILDING_1675946018661', 120.0000000000, 1338423795842494466,
        'admin', '2023-02-09 20:33:39', 'admin', '2023-02-09 20:33:39', NULL);

/*Table structure for table `hjy_comment` */

DROP TABLE IF EXISTS `hjy_comment`;

CREATE TABLE `hjy_comment`
(
    `comment_id`     bigint(20) NOT NULL COMMENT 'id',
    `create_by`      varchar(32)   DEFAULT NULL COMMENT '创建人者',
    `update_by`      bigint(20)    DEFAULT NULL COMMENT '更新者ID',
    `create_time`    datetime      DEFAULT NULL COMMENT '创建时间',
    `update_time`    datetime      DEFAULT NULL COMMENT '更新时间',
    `content`        varchar(1024) DEFAULT NULL COMMENT '内容',
    `parent_id`      bigint(20)    DEFAULT '-1' COMMENT '父级ID',
    `del_flag`       int(2)        DEFAULT '0' COMMENT '删除状态0默认1删除',
    `interaction_id` bigint(20)    DEFAULT NULL COMMENT '社区互动ID',
    `user_id`        bigint(20)    DEFAULT NULL COMMENT '创建人ID',
    `remark`         varchar(255)  DEFAULT NULL COMMENT '备注',
    `root_id`        bigint(20)    DEFAULT NULL COMMENT '划属Id',
    PRIMARY KEY (`comment_id`) USING BTREE
) ENGINE = InnoDB
  DEFAULT CHARSET = utf8mb4
  ROW_FORMAT = DYNAMIC COMMENT ='评论表';

/*Data for the table `hjy_comment` */

insert into `hjy_comment`(`comment_id`, `create_by`, `update_by`, `create_time`, `update_time`, `content`, `parent_id`,
                          `del_flag`, `interaction_id`, `user_id`, `remark`, `root_id`)
values (1341204985234735105, NULL, NULL, '2020-12-22 10:12:42', NULL, '回复任何人', -1, 0, 1340860810819702785,
        1338485732744232962, NULL, NULL),
       (1341205042914803713, NULL, NULL, '2020-12-22 10:12:55', NULL, '你说的都对吗', 1341204985234735105, 0,
        1340860810819702785, 1338485732744232962, NULL, 1341204985234735105),
       (1341210784682098689, NULL, NULL, '2020-12-22 10:35:44', NULL, '谁说不是呢', -1, 0, 1341208746741088258,
        1338485732744232962, NULL, NULL),
       (1341228882095869953, NULL, NULL, '2020-12-22 11:47:39', NULL, '说点啥呢', -1, 0, 1341208746741088258,
        1338485732744232962, NULL, NULL),
       (1341228914236821505, NULL, NULL, '2020-12-22 11:47:47', NULL, '是白', 1341228882095869953, 0,
        1341208746741088258, 1338485732744232962, NULL, 1341228882095869953),
       (1341317133502615553, NULL, NULL, '2020-12-22 17:38:20', NULL, '哦哦哦哦哦哦哦', -1, 0, 1341303181327978498,
        1339439232424800258, NULL, NULL),
       (1341317237164838914, NULL, NULL, '2020-12-22 17:38:44', NULL, '靠', 1341317133502615553, 0, 1341303181327978498,
        1339439232424800258, NULL, 1341317133502615553),
       (1341317321956888577, NULL, NULL, '2020-12-22 17:39:05', NULL, '嗯呐', 1341228914236821505, 0,
        1341208746741088258, 1339439232424800258, NULL, 1341228882095869953),
       (1372759280895647746, NULL, NULL, '2021-03-19 11:58:12', NULL, '让他制裁吧', -1, 0, 1341302853727670273,
        1372728896395268097, NULL, NULL);

/*Table structure for table `hjy_community` */

DROP TABLE IF EXISTS `hjy_community`;

CREATE TABLE `hjy_community`
(
    `community_id`               bigint(20) NOT NULL COMMENT '小区id',
    `community_name`             varchar(128)  DEFAULT NULL COMMENT '小区名称',
    `community_code`             varchar(128)  DEFAULT NULL COMMENT '小区编码',
    `community_province_code`    varchar(32)   DEFAULT NULL COMMENT '省区划码',
    `community_city_code`        varchar(32)   DEFAULT NULL COMMENT '市区划码',
    `community_town_code`        varchar(32)   DEFAULT NULL COMMENT '区县区划码',
    `community_detailed_address` varchar(128)  DEFAULT NULL COMMENT '详细地址',
    `community_longitude`        varchar(32)   DEFAULT NULL COMMENT '经度',
    `community_latitude`         varchar(32)   DEFAULT NULL COMMENT '纬度',
    `dept_id`                    bigint(32)    DEFAULT NULL COMMENT '物业id',
    `community_sort`             int(11)       DEFAULT NULL COMMENT '排序',
    `create_by`                  varchar(32)   DEFAULT NULL COMMENT '创建者',
    `create_time`                datetime      DEFAULT NULL COMMENT '创建时间',
    `update_by`                  varchar(32)   DEFAULT NULL COMMENT '更新者',
    `update_time`                datetime      DEFAULT NULL COMMENT '更新时间',
    `remark`                     varchar(1024) DEFAULT NULL COMMENT '备注',
    PRIMARY KEY (`community_id`) USING BTREE
) ENGINE = InnoDB
  DEFAULT CHARSET = utf8
  ROW_FORMAT = DYNAMIC COMMENT ='小区 ';

/*Data for the table `hjy_community` */

insert into `hjy_community`(`community_id`, `community_name`, `community_code`, `community_province_code`,
                            `community_city_code`, `community_town_code`, `community_detailed_address`,
                            `community_longitude`, `community_latitude`, `dept_id`, `community_sort`, `create_by`,
                            `create_time`, `update_by`, `update_time`, `remark`)
values (1623660256618201090, '宏福苑小区', 'COMMUNITY_1675945745985', '1', '10', '1010', '北京市昌平区宏福苑', NULL,
        NULL, 103, NULL, 'admin', '2023-02-09 20:29:06', 'admin', '2023-02-09 20:29:06', NULL);

/*Table structure for table `hjy_community_interaction` */

DROP TABLE IF EXISTS `hjy_community_interaction`;

CREATE TABLE `hjy_community_interaction`
(
    `interaction_id` bigint(20) NOT NULL COMMENT 'id',
    `community_id`   bigint(20)    DEFAULT NULL COMMENT '小区ID',
    `create_by`      varchar(32)   DEFAULT NULL COMMENT '创建人ID',
    `update_by`      varchar(32)   DEFAULT NULL COMMENT '更新者ID',
    `create_time`    datetime      DEFAULT NULL COMMENT '创建时间',
    `update_time`    datetime      DEFAULT NULL COMMENT '更新时间',
    `content`        varchar(1024) DEFAULT NULL COMMENT '内容',
    `del_flag`       int(2)        DEFAULT '0' COMMENT '删除状态0默认1删除',
    `remark`         varchar(255)  DEFAULT NULL COMMENT '备注',
    `user_id`        bigint(20)    DEFAULT NULL COMMENT '创建人ID',
    PRIMARY KEY (`interaction_id`) USING BTREE
) ENGINE = InnoDB
  DEFAULT CHARSET = utf8mb4
  ROW_FORMAT = DYNAMIC COMMENT ='社区互动表';

/*Data for the table `hjy_community_interaction` */

insert into `hjy_community_interaction`(`interaction_id`, `community_id`, `create_by`, `update_by`, `create_time`,
                                        `update_time`, `content`, `del_flag`, `remark`, `user_id`)
values (1123123, 1623660256618201090, '1339439232424800258', NULL, '2020-12-18 13:01:07', NULL, '周末去郊游，有约的吗？',
        0, NULL, 1339439232424800258),
       (1340860174459899906, 1623660256618201090, NULL, NULL, '2020-12-21 11:22:32', NULL, '我也来发布个帖子', 0, NULL,
        1338485732744232962),
       (1340860810819702785, 1623660256618201090, NULL, NULL, '2020-12-21 11:25:04', NULL, '人民日报评暂停网贷进校园',
        0, NULL, 1338485732744232962),
       (1341208746741088258, 1623660256618201090, NULL, NULL, '2020-12-22 10:27:38', NULL, '律师谈郭美美再次被抓', 0,
        NULL, 1338485732744232962),
       (1341228994272530433, 1623660256618201090, NULL, NULL, '2020-12-22 11:48:06', NULL, '95号汽油步入7元时代', 1,
        NULL, 1338485732744232962),
       (1341302726216634370, 1623660256618201090, NULL, NULL, '2020-12-22 16:41:05', NULL,
        '清华规定申请硕士学位不必发表论文', 1, NULL, 1338485732744232962),
       (1341302768109342722, 1623660256618201090, NULL, NULL, '2020-12-22 16:41:15', NULL,
        '六部门发布义务教育质量评价指南', 1, NULL, 1338485732744232962),
       (1341302811960791041, 1623660256618201090, NULL, NULL, '2020-12-22 16:41:25', NULL, '中国有超3亿人存在睡眠障碍',
        1, NULL, 1338485732744232962),
       (1341302853727670273, 1623660256618201090, NULL, NULL, '2020-12-22 16:41:35', NULL,
        '全国人大常委会谴责美制裁中国官员', 0, NULL, 1338485732744232962),
       (1341302890243280897, 1623660256618201090, NULL, NULL, '2020-12-22 16:41:44', NULL, '九江市妇联倡议抵制高额彩礼',
        1, NULL, 1338485732744232962),
       (1341303123891179521, 1623660256618201090, NULL, NULL, '2020-12-22 16:42:40', NULL, '黄奕再现李玉湖嫁衣扮相', 1,
        NULL, 1338485732744232962),
       (1341303181327978498, 1623660256618201090, NULL, NULL, '2020-12-22 16:42:53', NULL,
        '7旬大爷在理发店3年消费235万', 0, NULL, 1338485732744232962);

/*Table structure for table `hjy_complaint_suggest` */

DROP TABLE IF EXISTS `hjy_complaint_suggest`;

CREATE TABLE `hjy_complaint_suggest`
(
    `complaint_suggest_id`      bigint(20) NOT NULL COMMENT 'id',
    `community_id`              bigint(20)    DEFAULT NULL COMMENT '小区id',
    `complaint_suggest_type`    varchar(32)   DEFAULT NULL COMMENT '类型(投诉、建议)',
    `complaint_suggest_content` varchar(3072) DEFAULT NULL COMMENT '内容',
    `create_by`                 varchar(32)   DEFAULT NULL COMMENT '创建者',
    `create_time`               datetime      DEFAULT NULL COMMENT '创建时间',
    `update_by`                 varchar(32)   DEFAULT NULL COMMENT '更新者',
    `update_time`               datetime      DEFAULT NULL COMMENT '更新时间',
    `remark`                    varchar(1024) DEFAULT NULL COMMENT '备注',
    `user_id`                   bigint(20)    DEFAULT NULL COMMENT '投诉人ID',
    PRIMARY KEY (`complaint_suggest_id`) USING BTREE
) ENGINE = InnoDB
  DEFAULT CHARSET = utf8
  ROW_FORMAT = DYNAMIC COMMENT ='投诉建议 ';

/*Data for the table `hjy_complaint_suggest` */

insert into `hjy_complaint_suggest`(`complaint_suggest_id`, `community_id`, `complaint_suggest_type`,
                                    `complaint_suggest_content`, `create_by`, `create_time`, `update_by`, `update_time`,
                                    `remark`, `user_id`)
values (1339922660207263746, 1338423709557272577, 'Suggest', '我是一个投诉', NULL, '2020-12-18 21:17:11', NULL, NULL,
        NULL, 1338485732744232962),
       (1339922858014834689, 1338423709557272577, 'Complaint', '我有个意见', NULL, '2020-12-18 21:17:59', NULL, NULL,
        NULL, 1338485732744232962),
       (1339926422765015042, 1338423709557272577, 'Suggest', '我是一个投诉', NULL, '2020-12-18 21:32:08', NULL, NULL,
        NULL, 1338485732744232962),
       (1339926698737635330, 1338423709557272577, 'Suggest', '管理不合格', NULL, '2020-12-18 21:33:14', NULL, NULL,
        NULL, 1338673355416272897),
       (1341246458851069954, 1338423709557272577, 'Suggest', '我是一个投诉', NULL, '2020-12-22 12:57:30', NULL, NULL,
        NULL, 1338485732744232962),
       (1341317588676874241, 1338423709557272577, 'Complaint', '我就抱怨', NULL, '2020-12-22 17:40:08', NULL, NULL,
        NULL, 1339439232424800258);

/*Table structure for table `hjy_files` */

DROP TABLE IF EXISTS `hjy_files`;

CREATE TABLE `hjy_files`
(
    `files_id`    bigint(20)   NOT NULL COMMENT '文件ID',
    `files_url`   varchar(500) NOT NULL COMMENT '文件地址',
    `create_time` datetime     DEFAULT NULL COMMENT '创建时间',
    `update_by`   varchar(32)  DEFAULT '' COMMENT '更新者',
    `update_time` datetime     DEFAULT NULL COMMENT '更新时间',
    `create_by`   varchar(32)  DEFAULT NULL COMMENT '创建人者',
    `del_flag`    int(2)       DEFAULT '0' COMMENT '删除状态0默认1删除',
    `source`      int(2)       DEFAULT NULL COMMENT '来源0APP端，1PC端',
    `remark`      varchar(255) DEFAULT NULL COMMENT '备注',
    `parent_id`   bigint(20)   DEFAULT NULL COMMENT '父级ID',
    `user_id`     bigint(20)   DEFAULT NULL COMMENT '创建人ID',
    PRIMARY KEY (`files_id`) USING BTREE
) ENGINE = InnoDB
  DEFAULT CHARSET = utf8
  ROW_FORMAT = DYNAMIC COMMENT ='文件管理';

/*Data for the table `hjy_files` */

/*Table structure for table `hjy_owner` */

DROP TABLE IF EXISTS `hjy_owner`;

CREATE TABLE `hjy_owner`
(
    `owner_id`           bigint(20) NOT NULL COMMENT '业主id',
    `owner_nickname`     varchar(30)   DEFAULT NULL COMMENT '昵称',
    `owner_real_name`    varchar(30)   DEFAULT NULL COMMENT '真实姓名',
    `owner_gender`       varchar(10)   DEFAULT NULL COMMENT '性别unknow未知male男female女',
    `owner_age`          int(3)        DEFAULT NULL COMMENT '年龄',
    `owner_id_card`      varchar(20)   DEFAULT NULL COMMENT '身份证号码',
    `owner_phone_number` varchar(11)   DEFAULT NULL COMMENT '手机号码',
    `owner_open_id`      varchar(64)   DEFAULT NULL COMMENT 'openid',
    `owner_wechat_id`    varchar(64)   DEFAULT NULL COMMENT '微信号',
    `owner_qq_number`    varchar(20)   DEFAULT NULL COMMENT 'qq号码',
    `owner_birthday`     date          DEFAULT NULL COMMENT '出生日期',
    `owner_portrait`     varchar(256)  DEFAULT NULL COMMENT '头像',
    `owner_signature`    varchar(64)   DEFAULT NULL COMMENT '个性签名',
    `owner_status`       varchar(10)   DEFAULT NULL COMMENT '禁用状态enable启用-disable禁用',
    `owner_logon_mode`   varchar(10)   DEFAULT NULL COMMENT '注册方式（weChat微信-app-web）',
    `owner_type`         varchar(32)   DEFAULT NULL COMMENT '业主类型',
    `owner_password`     varchar(128)  DEFAULT NULL COMMENT '密码',
    `create_by`          varchar(32)   DEFAULT NULL COMMENT '创建者',
    `create_time`        datetime      DEFAULT NULL COMMENT '创建时间',
    `update_by`          varchar(32)   DEFAULT NULL COMMENT '更新者',
    `update_time`        datetime      DEFAULT NULL COMMENT '更新时间',
    `remark`             varchar(1024) DEFAULT NULL COMMENT '备注',
    PRIMARY KEY (`owner_id`) USING BTREE
) ENGINE = InnoDB
  DEFAULT CHARSET = utf8
  ROW_FORMAT = DYNAMIC COMMENT ='业主 ';

/*Data for the table `hjy_owner` */

insert into `hjy_owner`(`owner_id`, `owner_nickname`, `owner_real_name`, `owner_gender`, `owner_age`, `owner_id_card`,
                        `owner_phone_number`, `owner_open_id`, `owner_wechat_id`, `owner_qq_number`, `owner_birthday`,
                        `owner_portrait`, `owner_signature`, `owner_status`, `owner_logon_mode`, `owner_type`,
                        `owner_password`, `create_by`, `create_time`, `update_by`, `update_time`, `remark`)
values (1338485732744232962, '未', '张三', 'Male', 0, '138923199205081012', '15373604268',
        'oo5qx4ue7md_S2mzNOtYgfcAQEBA', NULL, NULL, '2020-12-14',
        'https://thirdwx.qlogo.cn/mmopen/vi_32/Q0j4TwGTfTKBHYdpSEHGCiaiaUKNtktJv8vUiaVt8fGJxyNILG7ibAamyMkQzFFjBZkEb8pCIeneNqmCW5McZlsSpA/132',
        NULL, 'Enable', 'WeChat', NULL, NULL, NULL, '2020-12-14 22:07:21', NULL, '2020-12-14 22:07:21', NULL),
       (1338673355416272897, '未雨绸缪', '杨迪', 'Male', 25, '130323199511080817', '13126699005',
        'oo5qx4kjBP6THqXJcIzIGxoArkPw', NULL, NULL, '1995-12-08',
        'https://thirdwx.qlogo.cn/mmopen/vi_32/mFR1B9sibS0iaicuwkKtz55b7rAdmuOpkfZbSSFrBdnDoibw8lla9txVBMJicLqlzstiacJzUSAlSCDdAdpgdUOfCMpw/132',
        NULL, 'Enable', 'WeChat', NULL, NULL, NULL, '2020-12-15 10:32:54', NULL, '2020-12-15 10:32:54', NULL),
       (1339439232424800258, 'ゞ淇轩', '殷守兵', 'Male', 0, '340825199301051531', '15110261535',
        'oo5qx4vF4rhRIPE10su8HixtktC4', NULL, NULL, '2020-12-17',
        'https://thirdwx.qlogo.cn/mmopen/vi_32/Q0j4TwGTfTKhib3BANJjDLnzAOgzICpPFk2dtsjxNRaQKKa9uoqic8JIS9piaQJ8IHDVnuZVBRmWYwt2LISlu71fw/132',
        NULL, 'Enable', 'WeChat', NULL, NULL, NULL, '2020-12-17 13:16:13', NULL, '2020-12-17 13:16:13', NULL),
       (1372728896395268097, '吉想', '吉想社区', 'Male', 0, '130423198910015858', '13712662666',
        'o2vWl5Emu1fnAyVvj9jYTpxji_r0', NULL, NULL, '2021-03-19',
        'https://thirdwx.qlogo.cn/mmopen/vi_32/Q0j4TwGTfTK5FzPnALa9ZxuWzzosfGWniauVv5LfffqEj2RckIyMLy71KNn08OhGwYicKE2Pj8sicXZrjqMIq19rg/132',
        NULL, 'Enable', 'WeChat', NULL, NULL, NULL, '2021-03-19 09:57:26', NULL, '2021-03-19 09:57:26', NULL);

/*Table structure for table `hjy_owner_room` */

DROP TABLE IF EXISTS `hjy_owner_room`;

CREATE TABLE `hjy_owner_room`
(
    `owner_room_id` bigint(20) NOT NULL COMMENT '房屋绑定id',
    `community_id`  bigint(20)    DEFAULT NULL COMMENT '小区id',
    `building_id`   bigint(20)    DEFAULT NULL COMMENT '楼栋id',
    `unit_id`       bigint(20)    DEFAULT NULL COMMENT '单元id',
    `room_id`       bigint(20)    DEFAULT NULL COMMENT '房间id',
    `owner_id`      bigint(20)    DEFAULT NULL COMMENT '业主id',
    `owner_type`    varchar(32)   DEFAULT NULL COMMENT '业主类型',
    `room_status`   varchar(32)   DEFAULT NULL COMMENT '绑定状态（0审核中 1绑定 2审核失败）',
    `create_by`     varchar(32)   DEFAULT NULL COMMENT '创建者',
    `create_time`   datetime      DEFAULT NULL COMMENT '创建时间',
    `update_by`     varchar(32)   DEFAULT NULL COMMENT '更新者',
    `update_time`   datetime      DEFAULT NULL COMMENT '更新时间',
    `remark`        varchar(1024) DEFAULT NULL COMMENT '备注',
    PRIMARY KEY (`owner_room_id`) USING BTREE
) ENGINE = InnoDB
  DEFAULT CHARSET = utf8
  ROW_FORMAT = DYNAMIC COMMENT ='房屋绑定表 ';

/*Data for the table `hjy_owner_room` */

insert into `hjy_owner_room`(`owner_room_id`, `community_id`, `building_id`, `unit_id`, `room_id`, `owner_id`,
                             `owner_type`, `room_status`, `create_by`, `create_time`, `update_by`, `update_time`,
                             `remark`)
values (1339439735221186562, 1338423709557272577, 1338441072113565698, 1338441682099585026, 1338458297847418882,
        1339439232424800258, 'yz', 'Binding', NULL, '2020-12-17 13:18:13', 'admin', '2020-12-21 14:07:20', NULL),
       (1339446103684608001, 1338423709557272577, 1338441072113565698, 1338441620233601025, 1338460226656833538,
        1338485732744232962, 'zh', 'Binding', NULL, '2020-12-17 13:43:31', NULL, '2021-03-19 10:08:21', NULL),
       (1339532085820981249, 1338423709557272577, 1338441072113565698, 1338441682099585026, 1338761086540697602,
        1339439232424800258, 'yz', 'Auditing', NULL, '2020-12-17 19:25:11', NULL, NULL, NULL),
       (1339748157375447042, 1338423709557272577, 1338441072113565698, 1338441620233601025, 1338753944634929154,
        1338673355416272897, 'yz', 'Binding', NULL, '2020-12-18 09:43:47', 'admin', '2020-12-25 10:14:05', NULL),
       (1340112420526460930, 1338423709557272577, 1338441072113565698, 1338441682099585026, 1338761086540697602,
        1338673355416272897, 'yz', 'Auditing', NULL, '2020-12-19 09:51:14', NULL, NULL, NULL),
       (1341251280179716097, 1338423709557272577, 1338441072113565698, 1338441620233601025, 1339139873337954305,
        1338485732744232962, 'yz', 'Binding', NULL, '2020-12-22 13:16:39', 'admin', '2020-12-22 13:16:52', NULL),
       (1372729965422694402, 1338423709557272577, 1338441072113565698, 1338441620233601025, 1338460226656833538,
        1372728896395268097, 'yz', 'Binding', NULL, '2021-03-19 10:01:42', 'admin', '2021-03-19 10:05:02', NULL);

/*Table structure for table `hjy_owner_room_record` */

DROP TABLE IF EXISTS `hjy_owner_room_record`;

CREATE TABLE `hjy_owner_room_record`
(
    `record_id`            bigint(20) NOT NULL COMMENT '房屋绑定记录id',
    `owner_room_id`        varchar(32)   DEFAULT NULL COMMENT '房屋绑定id',
    `community_id`         bigint(20)    DEFAULT NULL COMMENT '小区id',
    `building_id`          bigint(20)    DEFAULT NULL COMMENT '楼栋id',
    `unit_id`              bigint(20)    DEFAULT NULL COMMENT '单元id',
    `room_id`              bigint(20)    DEFAULT NULL COMMENT '房间id',
    `owner_id`             bigint(20)    DEFAULT NULL COMMENT '业主id',
    `owner_type`           varchar(32)   DEFAULT NULL COMMENT '业主类型',
    `room_status`          varchar(32)   DEFAULT NULL COMMENT '绑定状态（0审核中 1绑定 2审核失败,3解绑）',
    `record_audit_opinion` varchar(128)  DEFAULT NULL COMMENT '审核意见',
    `record_audit_type`    varchar(32)   DEFAULT NULL COMMENT '审核人类型',
    `create_by_id`         bigint(20)    DEFAULT NULL COMMENT '创建人id',
    `create_by`            varchar(32)   DEFAULT NULL COMMENT '创建者',
    `create_time`          datetime      DEFAULT NULL COMMENT '创建时间',
    `update_by`            varchar(32)   DEFAULT NULL COMMENT '更新者',
    `update_time`          datetime      DEFAULT NULL COMMENT '更新时间',
    `remark`               varchar(1024) DEFAULT NULL COMMENT '备注',
    PRIMARY KEY (`record_id`) USING BTREE
) ENGINE = InnoDB
  DEFAULT CHARSET = utf8
  ROW_FORMAT = DYNAMIC COMMENT ='房屋绑定记录表 ';

/*Data for the table `hjy_owner_room_record` */

insert into `hjy_owner_room_record`(`record_id`, `owner_room_id`, `community_id`, `building_id`, `unit_id`, `room_id`,
                                    `owner_id`, `owner_type`, `room_status`, `record_audit_opinion`,
                                    `record_audit_type`, `create_by_id`, `create_by`, `create_time`, `update_by`,
                                    `update_time`, `remark`)
values (1338824813424562177, '1338824813118377985', 1338423709557272577, 1338441072113565698, 1338441620233601025,
        1338753944634929154, 1338485732744232962, 'yz', 'Auditing', NULL, 'Web', 1338485732744232962, NULL,
        '2020-12-15 20:34:44', NULL, NULL, NULL),
       (1339091874138759170, '1339091873908072449', 1338423709557272577, 1338441072113565698, 1338441682099585026,
        1338458297847418882, 1338485732744232962, 'yz', 'Auditing', NULL, 'App', 1338485732744232962, NULL,
        '2020-12-16 14:15:57', NULL, NULL, NULL),
       (1339104534904868866, '1339091873908072449', 1338423709557272577, 1338441072113565698, 1338441682099585026,
        1338458297847418882, 1338485732744232962, 'yz', 'Auditing', 'asdasd ', NULL, NULL, 'admin',
        '2020-12-16 15:06:15', 'admin', '2020-12-16 15:06:15', NULL),
       (1339105261706448898, '1339091873908072449', 1338423709557272577, 1338441072113565698, 1338441682099585026,
        1338458297847418882, 1338485732744232962, 'yz', 'Binding', '123123', NULL, NULL, 'admin', '2020-12-16 15:09:08',
        'admin', '2020-12-16 15:09:08', NULL),
       (1339105298394025986, '1339091873908072449', 1338423709557272577, 1338441072113565698, 1338441682099585026,
        1338458297847418882, 1338485732744232962, 'yz', 'Reject', 'qweqweqw', NULL, NULL, 'admin',
        '2020-12-16 15:09:17', 'admin', '2020-12-16 15:09:17', NULL),
       (1339106022372839426, '1339091873908072449', 1338423709557272577, 1338441072113565698, 1338441682099585026,
        1338458297847418882, 1338485732744232962, 'yz', 'Binding', '123123', NULL, NULL, 'admin', '2020-12-16 15:12:10',
        'admin', '2020-12-16 15:12:10', NULL),
       (1339106377097711618, '1338824813118377985', 1338423709557272577, 1338441072113565698, 1338441620233601025,
        1338753944634929154, 1338485732744232962, 'yz', 'Binding', '身份信息有误', NULL, NULL, 'admin',
        '2020-12-16 15:13:34', 'admin', '2020-12-16 15:13:34', NULL),
       (1339106573718294529, '1339091873908072449', 1338423709557272577, 1338441072113565698, 1338441682099585026,
        1338458297847418882, 1338485732744232962, 'yz', 'Reject', '123123', NULL, NULL, 'admin', '2020-12-16 15:14:21',
        'admin', '2020-12-16 15:14:21', NULL),
       (1339106770485678082, '1339091873908072449', 1338423709557272577, 1338441072113565698, 1338441682099585026,
        1338458297847418882, 1338485732744232962, 'yz', 'Binding', '身份信息不正确', NULL, NULL, 'admin',
        '2020-12-16 15:15:08', 'admin', '2020-12-16 15:15:08', NULL),
       (1339107002942394369, '1339091873908072449', 1338423709557272577, 1338441072113565698, 1338441682099585026,
        1338458297847418882, 1338485732744232962, 'yz', 'Reject', '身份信息不正确', NULL, NULL, 'admin',
        '2020-12-16 15:16:04', 'admin', '2020-12-16 15:16:04', NULL),
       (1339112405256298498, '1338824813118377985', 1338423709557272577, 1338441072113565698, 1338441620233601025,
        1338753944634929154, 1338485732744232962, 'yz', 'Binding', NULL, NULL, NULL, 'admin', '2020-12-16 15:37:32',
        'admin', '2020-12-16 15:37:32', NULL),
       (1339112560948862977, '1338824813118377985', 1338423709557272577, 1338441072113565698, 1338441620233601025,
        1338753944634929154, 1338485732744232962, 'yz', 'Binding', NULL, NULL, NULL, 'admin', '2020-12-16 15:38:09',
        'admin', '2020-12-16 15:38:09', NULL),
       (1339372561773305858, '1339372561525841921', 1338423709557272577, 1338441072113565698, 1338441620233601025,
        1338753944634929154, 1338673355416272897, 'zh', 'Auditing', NULL, NULL, 1338673355416272897, NULL,
        '2020-12-17 08:51:18', NULL, NULL, NULL),
       (1339394224661405697, '1339372561525841921', 1338423709557272577, 1338441072113565698, 1338441620233601025,
        1338753944634929154, 1338673355416272897, 'zh', 'Binding', '同意', 'App', 1338485732744232962, NULL,
        '2020-12-17 10:17:23', NULL, NULL, NULL),
       (1339435062208688129, '1339435062045110273', 1338423709557272577, 1338441072113565698, 1338441620233601025,
        1339434993530634242, 1338673355416272897, 'yz', 'Auditing', NULL, NULL, 1338673355416272897, NULL,
        '2020-12-17 12:59:39', NULL, NULL, NULL),
       (1339435866231599105, '1339435866059632642', 1338423709557272577, 1338441072113565698, 1338441620233601025,
        1339434993530634242, 1338485732744232962, 'yz', 'Auditing', NULL, NULL, 1338485732744232962, NULL,
        '2020-12-17 13:02:51', NULL, NULL, NULL),
       (1339435925349793794, '1339435062045110273', 1338423709557272577, 1338441072113565698, 1338441620233601025,
        1339434993530634242, 1338673355416272897, 'yz', 'Binding', NULL, 'Web', 1, 'admin', '2020-12-17 13:03:05',
        'admin', '2020-12-17 13:03:05', NULL),
       (1339436283375583234, '1339435866059632642', 1338423709557272577, 1338441072113565698, 1338441620233601025,
        1339434993530634242, 1338485732744232962, 'yz', 'Reject', '不同意', 'Web', 1, 'admin', '2020-12-17 13:04:30',
        'admin', '2020-12-17 13:04:30', NULL),
       (1339436712604397569, '1339372561525841921', 1338423709557272577, 1338441072113565698, 1338441620233601025,
        1338753944634929154, 1338673355416272897, 'zh', 'Unbind', '由[张三]解绑', 'App', 1338485732744232962, NULL,
        '2020-12-17 13:06:12', NULL, NULL, NULL),
       (1339436793743208450, '1338824813118377985', 1338423709557272577, 1338441072113565698, 1338441620233601025,
        1338753944634929154, 1338485732744232962, 'yz', 'Unbind', '由[张三]解绑', 'App', 1338485732744232962, NULL,
        '2020-12-17 13:06:32', NULL, NULL, NULL),
       (1339438410022449154, '1339435062045110273', 1338423709557272577, 1338441072113565698, 1338441620233601025,
        1339434993530634242, 1338673355416272897, 'yz', 'Unbind', '由[杨迪]解绑', 'App', 1338673355416272897, NULL,
        '2020-12-17 13:12:57', NULL, NULL, NULL),
       (1339438412408487937, '1339435866059632642', 1338423709557272577, 1338441072113565698, 1338441620233601025,
        1339434993530634242, 1338485732744232962, 'yz', 'Binding', NULL, 'Web', 1, 'admin', '2020-12-17 13:12:58',
        'admin', '2020-12-17 13:12:58', NULL),
       (1339438732782010370, '1339091873908072449', 1338423709557272577, 1338441072113565698, 1338441682099585026,
        1338458297847418882, 1338485732744232962, 'yz', 'Binding', NULL, 'Web', 1, 'admin', '2020-12-17 13:14:14',
        'admin', '2020-12-17 13:14:14', NULL),
       (1339439735401541633, '1339439735221186562', 1338423709557272577, 1338441072113565698, 1338441682099585026,
        1338458297847418882, 1339439232424800258, 'zh', 'Auditing', NULL, NULL, 1339439232424800258, NULL,
        '2020-12-17 13:18:13', NULL, NULL, NULL),
       (1339439812195053570, '1339439735221186562', 1338423709557272577, 1338441072113565698, 1338441682099585026,
        1338458297847418882, 1339439232424800258, 'zh', 'Binding', '同意', 'App', 1338485732744232962, NULL,
        '2020-12-17 13:18:31', NULL, NULL, NULL),
       (1339439992181026818, '1339091873908072449', 1338423709557272577, 1338441072113565698, 1338441682099585026,
        1338458297847418882, 1338485732744232962, 'yz', 'Unbind', '由[张三]解绑', 'App', 1338485732744232962, NULL,
        '2020-12-17 13:19:14', NULL, NULL, NULL),
       (1339440084988391426, '1339439735221186562', 1338423709557272577, 1338441072113565698, 1338441682099585026,
        1338458297847418882, 1339439232424800258, 'yz', 'Auditing', NULL, NULL, 1339439232424800258, NULL,
        '2020-12-17 13:19:37', NULL, NULL, NULL),
       (1339440416610516994, '1339439735221186562', 1338423709557272577, 1338441072113565698, 1338441682099585026,
        1338458297847418882, 1339439232424800258, 'yz', 'Binding', NULL, 'Web', 1, 'admin', '2020-12-17 13:20:56',
        'admin', '2020-12-17 13:20:56', NULL),
       (1339443586493513730, '1339439735221186562', 1338423709557272577, 1338441072113565698, 1338441682099585026,
        1338458297847418882, 1339439232424800258, 'yz', 'Reject', '艹', 'Web', 1, 'admin', '2020-12-17 13:33:31',
        'admin', '2020-12-17 13:33:31', NULL),
       (1339446103823020034, '1339446103684608001', 1338423709557272577, 1338441072113565698, 1338441620233601025,
        1338460226656833538, 1338485732744232962, 'zh', 'Auditing', NULL, NULL, 1338485732744232962, NULL,
        '2020-12-17 13:43:32', NULL, NULL, NULL),
       (1339449037268389889, NULL, 1338423709557272577, 1338441072113565698, 1338441620233601025, 1339434993530634242,
        1338485732744232962, 'yz', 'Unbind', NULL, 'Web', 1, 'admin', '2020-12-17 13:55:11', 'admin',
        '2020-12-17 13:55:11', NULL),
       (1339532086613704705, '1339532085820981249', 1338423709557272577, 1338441072113565698, 1338441682099585026,
        1338761086540697602, 1339439232424800258, 'yz', 'Auditing', NULL, NULL, 1339439232424800258, NULL,
        '2020-12-17 19:25:11', NULL, NULL, NULL),
       (1339748157610328066, '1339748157375447042', 1338423709557272577, 1338441072113565698, 1338441620233601025,
        1338753944634929154, 1338673355416272897, 'yz', 'Auditing', NULL, NULL, 1338673355416272897, NULL,
        '2020-12-18 09:43:47', NULL, NULL, NULL),
       (1340112420794896385, '1340112420526460930', 1338423709557272577, 1338441072113565698, 1338441682099585026,
        1338761086540697602, 1338673355416272897, 'yz', 'Auditing', NULL, NULL, 1338673355416272897, NULL,
        '2020-12-19 09:51:14', NULL, NULL, NULL),
       (1340901646013587457, '1339439735221186562', 1338423709557272577, 1338441072113565698, 1338441682099585026,
        1338458297847418882, 1339439232424800258, 'yz', 'Binding', NULL, 'Web', 1, 'admin', '2020-12-21 14:07:20',
        'admin', '2020-12-21 14:07:20', NULL),
       (1341251280406208513, '1341251280179716097', 1338423709557272577, 1338441072113565698, 1338441620233601025,
        1339139873337954305, 1338485732744232962, 'yz', 'Auditing', NULL, NULL, 1338485732744232962, NULL,
        '2020-12-22 13:16:39', NULL, NULL, NULL),
       (1341251335112146945, '1341251280179716097', 1338423709557272577, 1338441072113565698, 1338441620233601025,
        1339139873337954305, 1338485732744232962, 'yz', 'Binding', NULL, 'Web', 1, 'admin', '2020-12-22 13:16:52',
        'admin', '2020-12-22 13:16:52', NULL),
       (1342292499722813441, '1339748157375447042', 1338423709557272577, 1338441072113565698, 1338441620233601025,
        1338753944634929154, 1338673355416272897, 'yz', 'Binding', NULL, 'Web', 1, 'admin', '2020-12-25 10:14:05',
        'admin', '2020-12-25 10:14:05', NULL),
       (1372729965452054530, '1372729965422694402', 1338423709557272577, 1338441072113565698, 1338441620233601025,
        1338460226656833538, 1372728896395268097, 'yz', 'Auditing', NULL, NULL, 1372728896395268097, NULL,
        '2021-03-19 10:01:43', NULL, NULL, NULL),
       (1372730801544613890, '1372729965422694402', 1338423709557272577, 1338441072113565698, 1338441620233601025,
        1338460226656833538, 1372728896395268097, 'yz', 'Binding', NULL, 'Web', 1, 'admin', '2021-03-19 10:05:02',
        'admin', '2021-03-19 10:05:02', NULL),
       (1372731635707793410, '1339446103684608001', 1338423709557272577, 1338441072113565698, 1338441620233601025,
        1338460226656833538, 1338485732744232962, 'zh', 'Binding', '同意', 'App', 1372728896395268097, NULL,
        '2021-03-19 10:08:21', NULL, NULL, NULL);

/*Table structure for table `hjy_repair` */

DROP TABLE IF EXISTS `hjy_repair`;

CREATE TABLE `hjy_repair`
(
    `repair_id`             bigint(20)  NOT NULL AUTO_INCREMENT COMMENT '报修ID',
    `repair_num`            varchar(32) NOT NULL COMMENT '报修编号',
    `repair_state`          varchar(32) NOT NULL DEFAULT 'Pending' COMMENT '报修状态',
    `assignment_time`       datetime             DEFAULT NULL COMMENT '派单时间',
    `receiving_orders_time` datetime             DEFAULT NULL COMMENT '接单时间',
    `complete_time`         datetime             DEFAULT NULL COMMENT '处理完成时间',
    `cancel_time`           datetime             DEFAULT NULL COMMENT '取消时间',
    `door_time`             datetime             DEFAULT NULL COMMENT '期待上门时间',
    `assignment_id`         bigint(20)           DEFAULT NULL COMMENT '分派人id',
    `complete_id`           bigint(20)           DEFAULT NULL COMMENT '处理人id',
    `complete_phone`        varchar(255)         DEFAULT NULL COMMENT '处理人电话',
    `complete_name`         varchar(255)         DEFAULT NULL COMMENT '处理人姓名',
    `remark`                varchar(200)         DEFAULT NULL COMMENT '备注',
    `create_by`             varchar(64)          DEFAULT '' COMMENT '创建者',
    `create_time`           datetime             DEFAULT NULL COMMENT '创建时间',
    `update_by`             varchar(64)          DEFAULT '' COMMENT '更新者',
    `update_time`           datetime             DEFAULT NULL COMMENT '更新时间',
    `user_id`               bigint(20)           DEFAULT NULL COMMENT '创建人id',
    `del_flag`              int(2)               DEFAULT '0' COMMENT '删除状态0默认1删除',
    `repair_content`        varchar(500)         DEFAULT NULL COMMENT '报修内容',
    `community_id`          bigint(20)           DEFAULT NULL COMMENT '小区ID',
    `address`               varchar(255)         DEFAULT NULL COMMENT '详细地址',
    PRIMARY KEY (`repair_id`) USING BTREE
) ENGINE = InnoDB
  AUTO_INCREMENT = 2
  DEFAULT CHARSET = utf8
  ROW_FORMAT = DYNAMIC COMMENT ='报修信息';

/*Data for the table `hjy_repair` */

insert into `hjy_repair`(`repair_id`, `repair_num`, `repair_state`, `assignment_time`, `receiving_orders_time`,
                         `complete_time`, `cancel_time`, `door_time`, `assignment_id`, `complete_id`, `complete_phone`,
                         `complete_name`, `remark`, `create_by`, `create_time`, `update_by`, `update_time`, `user_id`,
                         `del_flag`, `repair_content`, `community_id`, `address`)
values (1, 'BX_1608624690947', 'Pending', '2020-12-22 00:00:00', '2020-12-23 00:00:00', '2020-12-22 00:00:00',
        '2020-12-23 00:00:00', '2020-12-22 00:00:00', NULL, NULL, NULL, NULL, '哈哈哈哈哈', NULL, '2020-12-22 16:11:31',
        NULL, NULL, 1339439232424800258, 0, '报修起来吧', 1338423709557272577, '三期1801');

/*Table structure for table `hjy_room` */

DROP TABLE IF EXISTS `hjy_room`;

CREATE TABLE `hjy_room`
(
    `room_id`                 bigint(20)      DEFAULT NULL COMMENT '房间id',
    `community_id`            bigint(20)      DEFAULT NULL COMMENT '小区id',
    `building_id`             bigint(20)      DEFAULT NULL COMMENT '楼栋id',
    `unit_id`                 bigint(20)      DEFAULT NULL COMMENT '单元id',
    `room_level`              int(11)         DEFAULT NULL COMMENT '楼层',
    `room_code`               varchar(32)     DEFAULT NULL COMMENT '房间编号',
    `room_name`               varchar(32)     DEFAULT NULL COMMENT '房间名称',
    `room_acreage`            decimal(32, 10) DEFAULT NULL COMMENT '房屋建筑面积',
    `room_cost`               decimal(32, 10) DEFAULT NULL COMMENT '算费系数',
    `room_status`             varchar(32)     DEFAULT NULL COMMENT '房屋状态',
    `room_is_shop`            varchar(32)     DEFAULT NULL COMMENT '是否商铺',
    `room_s_commercial_house` varchar(32)     DEFAULT NULL COMMENT '是否商品房',
    `room_house_type`         varchar(32)     DEFAULT NULL COMMENT '房屋户型',
    `create_by`               varchar(32)     DEFAULT NULL COMMENT '创建者',
    `create_time`             datetime        DEFAULT NULL COMMENT '创建时间',
    `update_by`               varchar(32)     DEFAULT NULL COMMENT '更新者',
    `update_time`             datetime        DEFAULT NULL COMMENT '更新时间',
    `remark`                  varchar(1024)   DEFAULT NULL COMMENT '备注'
) ENGINE = InnoDB
  DEFAULT CHARSET = utf8
  ROW_FORMAT = DYNAMIC COMMENT ='房间 ';

/*Data for the table `hjy_room` */

insert into `hjy_room`(`room_id`, `community_id`, `building_id`, `unit_id`, `room_level`, `room_code`, `room_name`,
                       `room_acreage`, `room_cost`, `room_status`, `room_is_shop`, `room_s_commercial_house`,
                       `room_house_type`, `create_by`, `create_time`, `update_by`, `update_time`, `remark`)
values (1338458297847418882, 1338423709557272577, 1338441072113565698, 1338441682099585026, 123, '123', '1801',
        123.0000000000, 123.0000000000, 'none', 'Y', 'N', 'other', 'admin', '2020-12-14 20:18:20', 'admin',
        '2020-12-14 20:18:20', NULL),
       (1338460226656833538, 1338423709557272577, 1338441072113565698, 1338441620233601025, 20, NULL, '12312',
        123123123.0000000000, NULL, NULL, 'Y', 'N', 'open_house', 'admin', '2020-12-14 20:26:00', 'admin',
        '2020-12-16 18:09:59', NULL),
       (1338753944634929154, 1338423709557272577, 1338441072113565698, 1338441620233601025, 18, 'ROOM_1608018787897',
        '1701', NULL, NULL, 'none', 'Y', 'Y', 'one_house', 'admin', '2020-12-15 15:53:08', 'admin',
        '2020-12-15 15:53:08', NULL),
       (1338761086540697602, 1338423709557272577, 1338441072113565698, 1338441682099585026, 17, 'ROOM_1608020490631',
        '1701', NULL, NULL, 'none', 'Y', 'Y', 'two_house', 'admin', '2020-12-15 16:21:31', 'admin',
        '2020-12-15 16:21:31', NULL),
       (1339139873337954305, 1338423709557272577, 1338441072113565698, 1338441620233601025, 123, 'ROOM_1608110800427',
        '12312', NULL, NULL, NULL, 'Y', 'N', 'open_house', 'admin', '2020-12-16 17:26:40', 'admin',
        '2020-12-16 18:01:22', NULL),
       (1339434993530634242, 1338423709557272577, 1338441072113565698, 1338441620233601025, 18, 'ROOM_1608181162563',
        '1801', 1.0000000000, NULL, 'none', 'Y', 'Y', 'three_house', 'admin', '2020-12-17 12:59:23', 'admin',
        '2020-12-17 12:59:23', NULL),
       (1623672865404796929, 1623660256618201090, 1623659483150794753, 1623672195486367746, 1, 'ROOM_1675948752133',
        '101', 120.0000000000, 2.0000000000, 'has_stay', 'N', 'Y', 'two_house', 'admin', '2023-02-09 21:19:12', 'admin',
        '2023-02-09 21:19:12', NULL),
       (1623673487776595969, 1623660256618201090, 1623659483150794753, 1623672195486367746, 1, 'ROOM_1675948900533',
        '102', 99.0000000000, 2.0000000000, 'has_stay', 'N', 'Y', 'two_house', 'admin', '2023-02-09 21:21:41', 'admin',
        '2023-02-09 21:21:41', NULL);

/*Table structure for table `hjy_unit` */

DROP TABLE IF EXISTS `hjy_unit`;

CREATE TABLE `hjy_unit`
(
    `unit_id`            bigint(20)      DEFAULT NULL COMMENT '单元id',
    `community_id`       bigint(20)      DEFAULT NULL COMMENT '小区id',
    `building_id`        bigint(20)      DEFAULT NULL COMMENT '楼栋id',
    `unit_name`          varchar(32)     DEFAULT NULL COMMENT '单元名称',
    `unit_code`          varchar(128)    DEFAULT NULL COMMENT '单元编号',
    `unit_level`         int(11)         DEFAULT NULL COMMENT '层数',
    `unit_acreage`       decimal(32, 10) DEFAULT NULL COMMENT '建筑面积',
    `unit_have_elevator` varchar(32)     DEFAULT NULL COMMENT '是否有电梯',
    `create_by`          varchar(32)     DEFAULT NULL COMMENT '创建者',
    `create_time`        datetime        DEFAULT NULL COMMENT '创建时间',
    `update_by`          varchar(32)     DEFAULT NULL COMMENT '更新者',
    `update_time`        datetime        DEFAULT NULL COMMENT '更新时间',
    `remark`             varchar(1024)   DEFAULT NULL COMMENT '备注'
) ENGINE = InnoDB
  DEFAULT CHARSET = utf8
  ROW_FORMAT = DYNAMIC COMMENT ='单元 ';

/*Data for the table `hjy_unit` */

insert into `hjy_unit`(`unit_id`, `community_id`, `building_id`, `unit_name`, `unit_code`, `unit_level`, `unit_acreage`,
                       `unit_have_elevator`, `create_by`, `create_time`, `update_by`, `update_time`, `remark`)
values (1623672195486367746, 1623660256618201090, 1623659483150794753, '1单元', 'UNIT_1675948592441', 1, 120.0000000000,
        'Y', 'admin', '2023-02-09 21:16:32', 'admin', '2023-02-09 21:16:32', NULL);

/*Table structure for table `hjy_visitor` */

DROP TABLE IF EXISTS `hjy_visitor`;

CREATE TABLE `hjy_visitor`
(
    `visitor_id`           bigint(20) NOT NULL COMMENT 'id',
    `community_id`         bigint(20)    DEFAULT NULL COMMENT '小区id',
    `visitor_name`         varchar(32)   DEFAULT NULL COMMENT '访客姓名',
    `visitor_phone_number` varchar(32)   DEFAULT NULL COMMENT '访客手机号',
    `visitor_date`         date          DEFAULT NULL COMMENT '到访时间',
    `create_by_id`         bigint(20)    DEFAULT NULL COMMENT '创建人id',
    `create_by_open_id`    varchar(128)  DEFAULT NULL COMMENT '创建人openid',
    `create_by`            varchar(32)   DEFAULT NULL COMMENT '创建者',
    `create_time`          datetime      DEFAULT NULL COMMENT '创建时间',
    `update_by`            varchar(32)   DEFAULT NULL COMMENT '更新者',
    `update_time`          datetime      DEFAULT NULL COMMENT '更新时间',
    `remark`               varchar(1024) DEFAULT NULL COMMENT '备注',
    PRIMARY KEY (`visitor_id`) USING BTREE
) ENGINE = InnoDB
  DEFAULT CHARSET = utf8
  ROW_FORMAT = DYNAMIC COMMENT ='访客邀请 ';

/*Data for the table `hjy_visitor` */

insert into `hjy_visitor`(`visitor_id`, `community_id`, `visitor_name`, `visitor_phone_number`, `visitor_date`,
                          `create_by_id`, `create_by_open_id`, `create_by`, `create_time`, `update_by`, `update_time`,
                          `remark`)
values (1339800137985605634, 1338423709557272577, '李四', '15373604268', '2020-12-18', 1338485732744232962,
        'oo5qx4ue7md_S2mzNOtYgfcAQEBA', NULL, '2020-12-18 13:10:20', NULL, NULL, NULL),
       (1339800756800634881, 1338423709557272577, '王五', '15373604268', '2020-12-18', 1338485732744232962,
        'oo5qx4ue7md_S2mzNOtYgfcAQEBA', NULL, '2020-12-18 13:12:47', NULL, NULL, NULL),
       (1339801090516209665, 1338423709557272577, '赵六', '15376365248', '2020-12-18', 1338485732744232962,
        'oo5qx4ue7md_S2mzNOtYgfcAQEBA', NULL, '2020-12-18 13:14:07', NULL, NULL, NULL),
       (1339801347446689793, 1338423709557272577, '陈启', '15373648597', '2020-12-18', 1338485732744232962,
        'oo5qx4ue7md_S2mzNOtYgfcAQEBA', NULL, '2020-12-18 13:15:08', NULL, NULL, NULL),
       (1339801767145525250, 1338423709557272577, '周年', '15469857845', '2020-12-18', 1338485732744232962,
        'oo5qx4ue7md_S2mzNOtYgfcAQEBA', NULL, '2020-12-18 13:16:48', NULL, NULL, NULL),
       (1339806635184795650, 1338423709557272577, '哈喽', '15636654789', '2020-12-18', 1338485732744232962,
        'oo5qx4ue7md_S2mzNOtYgfcAQEBA', NULL, '2020-12-18 13:36:09', NULL, NULL, NULL);

/*Table structure for table `sys_area` */

DROP TABLE IF EXISTS `sys_area`;

CREATE TABLE `sys_area`
(
    `id`           int(11) NOT NULL AUTO_INCREMENT COMMENT '唯一主键',
    `code`         int(6)      DEFAULT NULL COMMENT '城市编码',
    `name`         varchar(40) DEFAULT NULL COMMENT '城市名称',
    `parentId`     int(6)      DEFAULT NULL COMMENT '城市父ID',
    `level`        int(4)      DEFAULT NULL COMMENT '城市等级(0:省,1:市,2:县)',
    `type`         int(4)      DEFAULT NULL COMMENT '功能类型(1:角色认证地点开通;0:未开通)',
    `servicestate` int(5)      DEFAULT NULL COMMENT '服务状态',
    `delete_flag`  int(255)    DEFAULT '0' COMMENT '逻辑删除 0正常 1 删除',
    `region`       int(11)     DEFAULT NULL COMMENT '地区范围',
    PRIMARY KEY (`id`) USING BTREE
) ENGINE = InnoDB
  AUTO_INCREMENT = 10270
  DEFAULT CHARSET = utf8
  ROW_FORMAT = DYNAMIC COMMENT ='区域表';

/*Data for the table `sys_area` */

insert into `sys_area`(`id`, `code`, `name`, `parentId`, `level`, `type`, `servicestate`, `delete_flag`, `region`)
values (3534, 1, '北京市', 0, 3, NULL, 1, 0, NULL),
       (3535, 2, '上海市', 0, 3, NULL, 1, 0, NULL),
       (3536, 3, '天津市', 0, 3, NULL, 1, 0, NULL),
       (3537, 4, '重庆市', 0, 3, NULL, 1, 0, NULL),
       (3538, 10, '北京市', 1, 4, NULL, 1, 0, NULL),
       (3539, 1001, '东城区', 10, 5, NULL, 1, 0, NULL),
       (3540, 1002, '西城区', 10, 5, NULL, 1, 0, NULL),
       (3541, 1005, '朝阳区', 10, 5, NULL, 1, 0, NULL),
       (3542, 1006, '海淀区', 10, 5, NULL, 1, 0, NULL),
       (3543, 1007, '丰台区', 10, 5, NULL, 1, 0, NULL),
       (3544, 1008, '石景山区', 10, 5, NULL, 1, 0, NULL),
       (3545, 1009, '顺义区', 10, 5, NULL, 1, 0, NULL),
       (3546, 1010, '昌平区', 10, 5, NULL, 1, 0, NULL),
       (3547, 1011, '门头沟区', 10, 5, NULL, 1, 0, NULL),
       (3548, 1012, '通州区', 10, 5, NULL, 1, 0, NULL),
       (3549, 1013, '房山区', 10, 5, NULL, 1, 0, NULL),
       (3550, 1014, '大兴区', 10, 5, NULL, 1, 0, NULL),
       (3551, 1015, '延庆县', 10, 5, NULL, 1, 0, NULL),
       (3552, 1016, '怀柔区', 10, 5, NULL, 1, 0, NULL),
       (3553, 1017, '平谷区', 10, 5, NULL, 1, 0, NULL),
       (3554, 1018, '密云县', 10, 5, NULL, 1, 0, NULL),
       (3555, 1019, '亦庄开发区', 10, 5, NULL, 1, 0, NULL),
       (3556, 11, '天津市', 3, 4, NULL, 1, 0, NULL),
       (3557, 1101, '和平区', 11, 5, NULL, 1, 0, NULL),
       (3558, 1102, '河北区', 11, 5, NULL, 1, 0, NULL),
       (3559, 1103, '河东区', 11, 5, NULL, 1, 0, NULL),
       (3560, 1104, '河西区', 11, 5, NULL, 1, 0, NULL),
       (3561, 1105, '南开区', 11, 5, NULL, 1, 0, NULL),
       (3562, 1106, '红桥区', 11, 5, NULL, 1, 0, NULL),
       (3563, 1107, '滨海新区', 11, 5, NULL, 1, 0, NULL),
       (3564, 1110, '东丽区', 11, 5, NULL, 1, 0, NULL),
       (3565, 1111, '西青区', 11, 5, NULL, 1, 0, NULL),
       (3566, 1112, '津南区', 11, 5, NULL, 1, 0, NULL),
       (3567, 1113, '北辰区', 11, 5, NULL, 1, 0, NULL),
       (3568, 1114, '武清区', 11, 5, NULL, 1, 0, NULL),
       (3569, 1115, '宝坻区', 11, 5, NULL, 1, 0, NULL),
       (3570, 1116, '蓟县', 11, 5, NULL, 1, 0, NULL),
       (3571, 1117, '宁河县', 11, 5, NULL, 1, 0, NULL),
       (3572, 1118, '静海县', 11, 5, NULL, 1, 0, NULL),
       (3573, 1119, '开发区', 11, 5, NULL, 1, 0, NULL),
       (3574, 12, '河北省', 0, 3, NULL, 1, 0, NULL),
       (3575, 1201, '石家庄市', 12, 4, NULL, 1, 0, NULL),
       (3576, 120102, '长安区', 1201, 5, NULL, 1, 0, NULL),
       (3577, 120103, '桥东区', 1201, 5, NULL, 1, 0, NULL),
       (3578, 120104, '桥西区', 1201, 5, NULL, 1, 0, NULL),
       (3579, 120105, '新华区', 1201, 5, NULL, 1, 0, NULL),
       (3580, 120106, '井陉矿区', 1201, 5, NULL, 1, 0, NULL),
       (3581, 120107, '裕华区', 1201, 5, NULL, 1, 0, NULL),
       (3582, 120108, '井陉县', 1201, 5, NULL, 1, 0, NULL),
       (3583, 120109, '正定县', 1201, 5, NULL, 1, 0, NULL),
       (3584, 120110, '栾城县', 1201, 5, NULL, 1, 0, NULL),
       (3585, 120111, '行唐县', 1201, 5, NULL, 1, 0, NULL),
       (3586, 120112, '灵寿县', 1201, 5, NULL, 1, 0, NULL),
       (3587, 120113, '高邑县', 1201, 5, NULL, 1, 0, NULL),
       (3588, 120114, '深泽县', 1201, 5, NULL, 1, 0, NULL),
       (3589, 120115, '赞皇县', 1201, 5, NULL, 1, 0, NULL),
       (3590, 120116, '无极县', 1201, 5, NULL, 1, 0, NULL),
       (3591, 120117, '平山县', 1201, 5, NULL, 1, 0, NULL),
       (3592, 120118, '元氏县', 1201, 5, NULL, 1, 0, NULL),
       (3593, 120119, '赵县', 1201, 5, NULL, 1, 0, NULL),
       (3594, 120120, '辛集市', 1201, 4, NULL, 1, 0, NULL),
       (3595, 120121, '藁城市', 1201, 4, NULL, 1, 0, NULL),
       (3596, 120122, '晋州市', 1201, 4, NULL, 1, 0, NULL),
       (3597, 120123, '新乐市', 1201, 4, NULL, 1, 0, NULL),
       (3598, 120124, '鹿泉市', 1201, 4, NULL, 1, 0, NULL),
       (3599, 120125, '高新区', 1201, 5, NULL, 1, 0, NULL),
       (3600, 1202, '秦皇岛市', 12, 4, NULL, 1, 0, NULL),
       (3601, 120202, '海港区', 1202, 5, NULL, 1, 0, NULL),
       (3602, 120203, '山海关区', 1202, 5, NULL, 1, 0, NULL),
       (3603, 120204, '北戴河区', 1202, 5, NULL, 1, 0, NULL),
       (3604, 120205, '青龙县', 1202, 5, NULL, 1, 0, NULL),
       (3605, 120206, '昌黎县', 1202, 5, NULL, 1, 0, NULL),
       (3606, 120207, '抚宁县', 1202, 5, NULL, 1, 0, NULL),
       (3607, 120208, '卢龙县', 1202, 5, NULL, 1, 0, NULL),
       (3608, 120209, '开发区', 1202, 5, NULL, 1, 0, NULL),
       (3609, 1203, '唐山市', 12, 4, NULL, 1, 0, NULL),
       (3610, 120302, '路南区', 1203, 5, NULL, 1, 0, NULL),
       (3611, 120303, '路北区', 1203, 5, NULL, 1, 0, NULL),
       (3612, 120304, '古冶区', 1203, 5, NULL, 1, 0, NULL),
       (3613, 120305, '开平区', 1203, 5, NULL, 1, 0, NULL),
       (3614, 120306, '丰南区', 1203, 5, NULL, 1, 0, NULL),
       (3615, 120307, '丰润区', 1203, 5, NULL, 1, 0, NULL),
       (3616, 120308, '滦县', 1203, 5, NULL, 1, 0, NULL),
       (3617, 120309, '滦南县', 1203, 5, NULL, 1, 0, NULL),
       (3618, 120310, '乐亭县', 1203, 5, NULL, 1, 0, NULL),
       (3619, 120311, '迁西县', 1203, 5, NULL, 1, 0, NULL),
       (3620, 120312, '玉田县', 1203, 5, NULL, 1, 0, NULL),
       (3621, 120313, '唐海县', 1203, 5, NULL, 1, 0, NULL),
       (3622, 120314, '遵化市', 1203, 4, NULL, 1, 0, NULL),
       (3623, 120315, '迁安市', 1203, 4, NULL, 1, 0, NULL),
       (3624, 1204, '张家口市', 12, 4, NULL, 1, 0, NULL),
       (3625, 120402, '桥东区', 1204, 5, NULL, 1, 0, NULL),
       (3626, 120403, '桥西区', 1204, 5, NULL, 1, 0, NULL),
       (3627, 120404, '宣化区', 1204, 5, NULL, 1, 0, NULL),
       (3628, 120405, '下花园区', 1204, 5, NULL, 1, 0, NULL),
       (3629, 120406, '宣化县', 1204, 5, NULL, 1, 0, NULL),
       (3630, 120407, '张北县', 1204, 5, NULL, 1, 0, NULL),
       (3631, 120408, '康保县', 1204, 5, NULL, 1, 0, NULL),
       (3632, 120409, '沽源县', 1204, 5, NULL, 1, 0, NULL),
       (3633, 120410, '尚义县', 1204, 5, NULL, 1, 0, NULL),
       (3634, 120411, '蔚县', 1204, 5, NULL, 1, 0, NULL),
       (3635, 120412, '阳原县', 1204, 5, NULL, 1, 0, NULL),
       (3636, 120413, '怀安县', 1204, 5, NULL, 1, 0, NULL),
       (3637, 120414, '万全县', 1204, 5, NULL, 1, 0, NULL),
       (3638, 120415, '怀来县', 1204, 5, NULL, 1, 0, NULL),
       (3639, 120416, '涿鹿县', 1204, 5, NULL, 1, 0, NULL),
       (3640, 120417, '赤城县', 1204, 5, NULL, 1, 0, NULL),
       (3641, 120418, '崇礼县', 1204, 5, NULL, 1, 0, NULL),
       (3642, 1205, '廊坊市', 12, 4, NULL, 1, 0, NULL),
       (3643, 120502, '安次区', 1205, 5, NULL, 1, 0, NULL),
       (3644, 120503, '广阳区', 1205, 5, NULL, 1, 0, NULL),
       (3645, 120504, '固安县', 1205, 5, NULL, 1, 0, NULL),
       (3646, 120505, '永清县', 1205, 5, NULL, 1, 0, NULL),
       (3647, 120506, '香河县', 1205, 5, NULL, 1, 0, NULL),
       (3648, 120507, '大城县', 1205, 5, NULL, 1, 0, NULL),
       (3649, 120508, '文安县', 1205, 5, NULL, 1, 0, NULL),
       (3650, 120509, '大厂县', 1205, 5, NULL, 1, 0, NULL),
       (3651, 120510, '霸州市', 1205, 4, NULL, 1, 0, NULL),
       (3652, 120511, '三河市', 1205, 4, NULL, 1, 0, NULL),
       (3653, 120512, '燕郊开发区', 1205, 5, NULL, 1, 0, NULL),
       (3654, 1206, '衡水市', 12, 4, NULL, 1, 0, NULL),
       (3655, 120602, '桃城区', 1206, 5, NULL, 1, 0, NULL),
       (3656, 120603, '枣强县', 1206, 5, NULL, 1, 0, NULL),
       (3657, 120604, '武邑县', 1206, 5, NULL, 1, 0, NULL),
       (3658, 120605, '武强县', 1206, 5, NULL, 1, 0, NULL),
       (3659, 120606, '饶阳县', 1206, 5, NULL, 1, 0, NULL),
       (3660, 120607, '安平县', 1206, 5, NULL, 1, 0, NULL),
       (3661, 120608, '故城县', 1206, 5, NULL, 1, 0, NULL),
       (3662, 120609, '景县', 1206, 5, NULL, 1, 0, NULL),
       (3663, 120610, '阜城县', 1206, 5, NULL, 1, 0, NULL),
       (3664, 120611, '冀州市', 1206, 4, NULL, 1, 0, NULL),
       (3665, 120612, '深州市', 1206, 4, NULL, 1, 0, NULL),
       (3666, 1207, '保定市', 12, 4, NULL, 1, 0, NULL),
       (3667, 120701, '新市区', 1207, 5, NULL, 1, 0, NULL),
       (3668, 120702, '北市区', 1207, 5, NULL, 1, 0, NULL),
       (3669, 120703, '南市区', 1207, 5, NULL, 1, 0, NULL),
       (3670, 120705, '满城县', 1207, 5, NULL, 1, 0, NULL),
       (3671, 120706, '清苑县', 1207, 5, NULL, 1, 0, NULL),
       (3672, 120707, '涞水县', 1207, 5, NULL, 1, 0, NULL),
       (3673, 120708, '阜平县', 1207, 5, NULL, 1, 0, NULL),
       (3674, 120709, '徐水县', 1207, 5, NULL, 1, 0, NULL),
       (3675, 120710, '定兴县', 1207, 5, NULL, 1, 0, NULL),
       (3676, 120711, '唐县', 1207, 5, NULL, 1, 0, NULL),
       (3677, 120712, '高阳县', 1207, 5, NULL, 1, 0, NULL),
       (3678, 120713, '容城县', 1207, 5, NULL, 1, 0, NULL),
       (3679, 120714, '涞源县', 1207, 5, NULL, 1, 0, NULL),
       (3680, 120715, '望都县', 1207, 5, NULL, 1, 0, NULL),
       (3681, 120716, '安新县', 1207, 5, NULL, 1, 0, NULL),
       (3682, 120717, '易县', 1207, 5, NULL, 1, 0, NULL),
       (3683, 120718, '曲阳县', 1207, 5, NULL, 1, 0, NULL),
       (3684, 120719, '蠡县', 1207, 5, NULL, 1, 0, NULL),
       (3685, 120720, '顺平县', 1207, 5, NULL, 1, 0, NULL),
       (3686, 120721, '博野县', 1207, 5, NULL, 1, 0, NULL),
       (3687, 120722, '雄县', 1207, 5, NULL, 1, 0, NULL),
       (3688, 120723, '涿州市', 1207, 4, NULL, 1, 0, NULL),
       (3689, 120724, '定州市', 1207, 4, NULL, 1, 0, NULL),
       (3690, 120725, '安国市', 1207, 4, NULL, 1, 0, NULL),
       (3691, 120726, '高碑店市', 1207, 4, NULL, 1, 0, NULL),
       (3692, 120727, '高新区', 1207, 5, NULL, 1, 0, NULL),
       (3693, 1208, '承德市', 12, 4, NULL, 1, 0, NULL),
       (3694, 120802, '双桥区', 1208, 5, NULL, 1, 0, NULL),
       (3695, 120803, '双滦区', 1208, 5, NULL, 1, 0, NULL),
       (3696, 120804, '鹰手营子', 1208, NULL, NULL, 1, 0, NULL),
       (3697, 120805, '承德县', 1208, 5, NULL, 1, 0, NULL),
       (3698, 120806, '兴隆县', 1208, 5, NULL, 1, 0, NULL),
       (3699, 120807, '平泉县', 1208, 5, NULL, 1, 0, NULL),
       (3700, 120808, '滦平县', 1208, 5, NULL, 1, 0, NULL),
       (3701, 120809, '隆化县', 1208, 5, NULL, 1, 0, NULL),
       (3702, 120810, '丰宁县', 1208, 5, NULL, 1, 0, NULL),
       (3703, 120811, '宽城县', 1208, 5, NULL, 1, 0, NULL),
       (3704, 120812, '围场县', 1208, 5, NULL, 1, 0, NULL),
       (3705, 1209, '邢台市', 12, 4, NULL, 1, 0, NULL),
       (3706, 120902, '桥东区', 1209, 5, NULL, 1, 0, NULL),
       (3707, 120903, '桥西区', 1209, 5, NULL, 1, 0, NULL),
       (3708, 120904, '邢台县', 1209, 5, NULL, 1, 0, NULL),
       (3709, 120905, '临城县', 1209, 5, NULL, 1, 0, NULL),
       (3710, 120906, '内丘县', 1209, 5, NULL, 1, 0, NULL),
       (3711, 120907, '柏乡县', 1209, 5, NULL, 1, 0, NULL),
       (3712, 120908, '隆尧县', 1209, 5, NULL, 1, 0, NULL),
       (3713, 120909, '任县', 1209, 5, NULL, 1, 0, NULL),
       (3714, 120910, '南和县', 1209, 5, NULL, 1, 0, NULL),
       (3715, 120911, '宁晋县', 1209, 5, NULL, 1, 0, NULL),
       (3716, 120912, '巨鹿县', 1209, 5, NULL, 1, 0, NULL),
       (3717, 120913, '新河县', 1209, 5, NULL, 1, 0, NULL),
       (3718, 120914, '广宗县', 1209, 5, NULL, 1, 0, NULL),
       (3719, 120915, '平乡县', 1209, 5, NULL, 1, 0, NULL),
       (3720, 120916, '威县', 1209, 5, NULL, 1, 0, NULL),
       (3721, 120917, '清河县', 1209, 5, NULL, 1, 0, NULL),
       (3722, 120918, '临西县', 1209, 5, NULL, 1, 0, NULL),
       (3723, 120919, '南宫市', 1209, 4, NULL, 1, 0, NULL),
       (3724, 120920, '沙河市', 1209, 4, NULL, 1, 0, NULL),
       (3725, 1210, '沧州市', 12, 4, NULL, 1, 0, NULL),
       (3726, 121002, '新华区', 1210, 5, NULL, 1, 0, NULL),
       (3727, 121003, '运河区', 1210, 5, NULL, 1, 0, NULL),
       (3728, 121004, '沧县', 1210, 5, NULL, 1, 0, NULL),
       (3729, 121005, '青县', 1210, 5, NULL, 1, 0, NULL),
       (3730, 121006, '东光县', 1210, 5, NULL, 1, 0, NULL),
       (3731, 121007, '海兴县', 1210, 5, NULL, 1, 0, NULL),
       (3732, 121008, '盐山县', 1210, 5, NULL, 1, 0, NULL),
       (3733, 121009, '肃宁县', 1210, 5, NULL, 1, 0, NULL),
       (3734, 121010, '南皮县', 1210, 5, NULL, 1, 0, NULL),
       (3735, 121011, '吴桥县', 1210, 5, NULL, 1, 0, NULL),
       (3736, 121012, '献县', 1210, 5, NULL, 1, 0, NULL),
       (3737, 121013, '孟村县', 1210, 5, NULL, 1, 0, NULL),
       (3738, 121014, '泊头市', 1210, 4, NULL, 1, 0, NULL),
       (3739, 121015, '任丘市', 1210, 4, NULL, 1, 0, NULL),
       (3740, 121016, '黄骅市', 1210, 4, NULL, 1, 0, NULL),
       (3741, 121017, '河间市', 1210, 4, NULL, 1, 0, NULL),
       (3742, 121018, '开发区', 1210, 5, NULL, 1, 0, NULL),
       (3743, 1211, '邯郸市', 12, 4, NULL, 1, 0, NULL),
       (3744, 121102, '邯山区', 1211, 5, NULL, 1, 0, NULL),
       (3745, 121103, '丛台区', 1211, 5, NULL, 1, 0, NULL),
       (3746, 121104, '复兴区', 1211, 5, NULL, 1, 0, NULL),
       (3747, 121105, '峰峰矿区', 1211, 5, NULL, 1, 0, NULL),
       (3748, 121106, '邯郸县', 1211, 5, NULL, 1, 0, NULL),
       (3749, 121107, '临漳县', 1211, 5, NULL, 1, 0, NULL),
       (3750, 121108, '成安县', 1211, 5, NULL, 1, 0, NULL),
       (3751, 121109, '大名县', 1211, 5, NULL, 1, 0, NULL),
       (3752, 121110, '涉县', 1211, 5, NULL, 1, 0, NULL),
       (3753, 121111, '磁县', 1211, 5, NULL, 1, 0, NULL),
       (3754, 121112, '肥乡县', 1211, 5, NULL, 1, 0, NULL),
       (3755, 121113, '永年县', 1211, 5, NULL, 1, 0, NULL),
       (3756, 121114, '邱县', 1211, 5, NULL, 1, 0, NULL),
       (3757, 121115, '鸡泽县', 1211, 5, NULL, 1, 0, NULL),
       (3758, 121116, '广平县', 1211, 5, NULL, 1, 0, NULL),
       (3759, 121117, '馆陶县', 1211, 5, NULL, 1, 0, NULL),
       (3760, 121118, '魏县', 1211, 5, NULL, 1, 0, NULL),
       (3761, 121119, '曲周县', 1211, 5, NULL, 1, 0, NULL),
       (3762, 121120, '武安市', 1211, 4, NULL, 1, 0, NULL),
       (3763, 13, '内蒙古', 0, 3, NULL, 1, 0, NULL),
       (3764, 1301, '呼和浩特市', 13, 4, NULL, 1, 0, NULL),
       (3765, 130102, '新城区', 1301, 5, NULL, 1, 0, NULL),
       (3766, 130103, '回民区', 1301, 5, NULL, 1, 0, NULL),
       (3767, 130104, '玉泉区', 1301, 5, NULL, 1, 0, NULL),
       (3768, 130105, '赛罕区', 1301, 5, NULL, 1, 0, NULL),
       (3769, 130106, '土默特左旗', 1301, NULL, NULL, 1, 0, NULL),
       (3770, 130107, '托克托县', 1301, 5, NULL, 1, 0, NULL),
       (3771, 130108, '和林格尔县', 1301, 5, NULL, 1, 0, NULL),
       (3772, 130109, '清水河县', 1301, 5, NULL, 1, 0, NULL),
       (3773, 130110, '武川县', 1301, 5, NULL, 1, 0, NULL),
       (3774, 130111, '开发区', 1301, 5, NULL, 1, 0, NULL),
       (3775, 1302, '包头市', 13, 4, NULL, 1, 0, NULL),
       (3776, 130202, '东河区', 1302, 5, NULL, 1, 0, NULL),
       (3777, 130203, '昆都仑区', 1302, 5, NULL, 1, 0, NULL),
       (3778, 130204, '青山区', 1302, 5, NULL, 1, 0, NULL),
       (3779, 130205, '石拐区', 1302, 5, NULL, 1, 0, NULL),
       (3780, 130206, '白云鄂博', 1302, NULL, NULL, 1, 0, NULL),
       (3781, 130207, '九原区', 1302, 5, NULL, 1, 0, NULL),
       (3782, 130208, '土默特右旗', 1302, NULL, NULL, 1, 0, NULL),
       (3783, 130209, '固阳县', 1302, 5, NULL, 1, 0, NULL),
       (3784, 130210, '达茂联合旗', 1302, NULL, NULL, 1, 0, NULL),
       (3785, 130211, '高新区', 1302, 5, NULL, 1, 0, NULL),
       (3786, 1303, '呼伦贝尔市', 13, 4, NULL, 1, 0, NULL),
       (3787, 130302, '海拉尔区', 1303, 5, NULL, 1, 0, NULL),
       (3788, 130303, '阿荣旗', 1303, NULL, NULL, 1, 0, NULL),
       (3789, 130304, '莫旗', 1303, NULL, NULL, 1, 0, NULL),
       (3790, 130305, '鄂伦春自治旗', 1303, NULL, NULL, 1, 0, NULL),
       (3791, 130306, '鄂温克旗', 1303, NULL, NULL, 1, 0, NULL),
       (3792, 130307, '陈巴尔虎旗', 1303, NULL, NULL, 1, 0, NULL),
       (3793, 130308, '新巴尔虎左旗', 1303, NULL, NULL, 1, 0, NULL),
       (3794, 130309, '新巴尔虎右旗', 1303, NULL, NULL, 1, 0, NULL),
       (3795, 130311, '牙克石市', 1303, 4, NULL, 1, 0, NULL),
       (3796, 130312, '扎兰屯市', 1303, 4, NULL, 1, 0, NULL),
       (3797, 130313, '额尔古纳市', 1303, 4, NULL, 1, 0, NULL),
       (3798, 130314, '根河市', 1303, 4, NULL, 1, 0, NULL),
       (3799, 1304, '兴安盟', 13, NULL, NULL, 1, 0, NULL),
       (3800, 130401, '乌兰浩特市', 1304, 4, NULL, 1, 0, NULL),
       (3801, 130402, '阿尔山市', 1304, 4, NULL, 1, 0, NULL),
       (3802, 130403, '科右前旗', 1304, NULL, NULL, 1, 0, NULL),
       (3803, 130404, '科右中旗', 1304, NULL, NULL, 1, 0, NULL),
       (3804, 130405, '扎赉特旗', 1304, NULL, NULL, 1, 0, NULL),
       (3805, 130406, '突泉县', 1304, 5, NULL, 1, 0, NULL),
       (3806, 1305, '通辽市', 13, 4, NULL, 1, 0, NULL),
       (3807, 130502, '科尔沁区', 1305, 5, NULL, 1, 0, NULL),
       (3808, 130503, '科左中旗', 1305, NULL, NULL, 1, 0, NULL),
       (3809, 130504, '科左后旗', 1305, NULL, NULL, 1, 0, NULL),
       (3810, 130505, '开鲁县', 1305, 5, NULL, 1, 0, NULL),
       (3811, 130506, '库伦旗', 1305, NULL, NULL, 1, 0, NULL),
       (3812, 130507, '奈曼旗', 1305, NULL, NULL, 1, 0, NULL),
       (3813, 130508, '扎鲁特旗', 1305, NULL, NULL, 1, 0, NULL),
       (3814, 130509, '霍林郭勒市', 1305, 4, NULL, 1, 0, NULL),
       (3815, 1306, '赤峰市', 13, 4, NULL, 1, 0, NULL),
       (3816, 130602, '红山区', 1306, 5, NULL, 1, 0, NULL),
       (3817, 130603, '元宝山区', 1306, 5, NULL, 1, 0, NULL),
       (3818, 130604, '松山区', 1306, 5, NULL, 1, 0, NULL),
       (3819, 130605, '阿鲁科尔沁旗', 1306, NULL, NULL, 1, 0, NULL),
       (3820, 130606, '巴林左旗', 1306, NULL, NULL, 1, 0, NULL),
       (3821, 130607, '巴林右旗', 1306, NULL, NULL, 1, 0, NULL),
       (3822, 130608, '林西县', 1306, 5, NULL, 1, 0, NULL),
       (3823, 130609, '克什克腾旗', 1306, NULL, NULL, 1, 0, NULL),
       (3824, 130610, '翁牛特旗', 1306, NULL, NULL, 1, 0, NULL),
       (3825, 130611, '喀喇沁旗', 1306, NULL, NULL, 1, 0, NULL),
       (3826, 130612, '宁城县', 1306, 5, NULL, 1, 0, NULL),
       (3827, 130613, '敖汉旗', 1306, NULL, NULL, 1, 0, NULL),
       (3828, 1307, '锡林郭勒盟', 13, NULL, NULL, 1, 0, NULL),
       (3829, 130702, '锡林浩特市', 1307, 4, NULL, 1, 0, NULL),
       (3830, 130703, '阿巴嘎旗', 1307, NULL, NULL, 1, 0, NULL),
       (3831, 130704, '苏尼特左旗', 1307, NULL, NULL, 1, 0, NULL),
       (3832, 130705, '苏尼特右旗', 1307, NULL, NULL, 1, 0, NULL),
       (3833, 130706, '东乌珠穆沁旗', 1307, NULL, NULL, 1, 0, NULL),
       (3834, 130707, '西乌珠穆沁旗', 1307, NULL, NULL, 1, 0, NULL),
       (3835, 130708, '太仆寺旗', 1307, NULL, NULL, 1, 0, NULL),
       (3836, 130709, '镶黄旗', 1307, NULL, NULL, 1, 0, NULL),
       (3837, 130710, '正镶白旗', 1307, NULL, NULL, 1, 0, NULL),
       (3838, 130711, '正蓝旗', 1307, NULL, NULL, 1, 0, NULL),
       (3839, 130712, '多伦县', 1307, 5, NULL, 1, 0, NULL),
       (3840, 1308, '乌兰察布市', 13, 4, NULL, 1, 0, NULL),
       (3841, 130802, '集宁区', 1308, 5, NULL, 1, 0, NULL),
       (3842, 130803, '卓资县', 1308, 5, NULL, 1, 0, NULL),
       (3843, 130804, '化德县', 1308, 5, NULL, 1, 0, NULL),
       (3844, 130805, '商都县', 1308, 5, NULL, 1, 0, NULL),
       (3845, 130806, '兴和县', 1308, 5, NULL, 1, 0, NULL),
       (3846, 130807, '凉城县', 1308, 5, NULL, 1, 0, NULL),
       (3847, 130808, '察右前旗', 1308, NULL, NULL, 1, 0, NULL),
       (3848, 130809, '察右中旗', 1308, NULL, NULL, 1, 0, NULL),
       (3849, 130810, '察右后旗', 1308, NULL, NULL, 1, 0, NULL),
       (3850, 130811, '四子王旗', 1308, NULL, NULL, 1, 0, NULL),
       (3851, 130812, '丰镇市', 1308, 4, NULL, 1, 0, NULL),
       (3852, 1309, '鄂尔多斯市', 13, 4, NULL, 1, 0, NULL),
       (3853, 130902, '东胜区', 1309, 5, NULL, 1, 0, NULL),
       (3854, 130903, '达拉特旗', 1309, NULL, NULL, 1, 0, NULL),
       (3855, 130904, '准格尔旗', 1309, NULL, NULL, 1, 0, NULL),
       (3856, 130905, '鄂托克前旗', 1309, NULL, NULL, 1, 0, NULL),
       (3857, 130906, '鄂托克旗', 1309, NULL, NULL, 1, 0, NULL),
       (3858, 130907, '杭锦旗', 1309, NULL, NULL, 1, 0, NULL),
       (3859, 130908, '乌审旗', 1309, NULL, NULL, 1, 0, NULL),
       (3860, 130909, '伊金霍洛旗', 1309, NULL, NULL, 1, 0, NULL),
       (3861, 1310, '巴彦淖尔市', 13, 4, NULL, 1, 0, NULL),
       (3862, 131002, '临河区', 1310, 5, NULL, 1, 0, NULL),
       (3863, 131003, '五原县', 1310, 5, NULL, 1, 0, NULL),
       (3864, 131004, '磴口县', 1310, 5, NULL, 1, 0, NULL),
       (3865, 131005, '乌拉特前旗', 1310, NULL, NULL, 1, 0, NULL),
       (3866, 131006, '乌拉特中旗', 1310, NULL, NULL, 1, 0, NULL),
       (3867, 131007, '乌拉特后旗', 1310, NULL, NULL, 1, 0, NULL),
       (3868, 131008, '杭锦后旗', 1310, NULL, NULL, 1, 0, NULL),
       (3869, 1311, '乌海市', 13, 4, NULL, 1, 0, NULL),
       (3870, 131102, '海勃湾区', 1311, 5, NULL, 1, 0, NULL),
       (3871, 131103, '海南区', 1311, 5, NULL, 1, 0, NULL),
       (3872, 131104, '乌达区', 1311, 5, NULL, 1, 0, NULL),
       (3873, 1312, '阿拉善盟', 13, NULL, NULL, 1, 0, NULL),
       (3874, 131201, '阿拉善左旗', 1312, NULL, NULL, 1, 0, NULL),
       (3875, 131202, '阿拉善右旗', 1312, NULL, NULL, 1, 0, NULL),
       (3876, 131203, '额济纳旗', 1312, NULL, NULL, 1, 0, NULL),
       (3877, 1313, '满洲里', 13, NULL, NULL, 1, 0, NULL),
       (3878, 1314, '二连浩特', 13, NULL, NULL, 1, 0, NULL),
       (3879, 14, '山西省', 0, 3, NULL, 1, 0, NULL),
       (3880, 1401, '太原市', 14, 4, NULL, 1, 0, NULL),
       (3881, 140102, '小店区', 1401, 5, NULL, 1, 0, NULL),
       (3882, 140103, '迎泽区', 1401, 5, NULL, 1, 0, NULL),
       (3883, 140104, '杏花岭区', 1401, 5, NULL, 1, 0, NULL),
       (3884, 140105, '尖草坪区', 1401, 5, NULL, 1, 0, NULL),
       (3885, 140106, '万柏林区', 1401, 5, NULL, 1, 0, NULL),
       (3886, 140107, '晋源区', 1401, 5, NULL, 1, 0, NULL),
       (3887, 140108, '清徐县', 1401, 5, NULL, 1, 0, NULL),
       (3888, 140109, '阳曲县', 1401, 5, NULL, 1, 0, NULL),
       (3889, 140110, '娄烦县', 1401, 5, NULL, 1, 0, NULL),
       (3890, 140111, '古交市', 1401, 4, NULL, 1, 0, NULL),
       (3891, 140112, '开发区', 1401, 5, NULL, 1, 0, NULL),
       (3892, 1402, '大同市', 14, 4, NULL, 1, 0, NULL),
       (3893, 140202, '城区', 1402, 5, NULL, 1, 0, NULL),
       (3894, 140203, '矿区', 1402, 5, NULL, 1, 0, NULL),
       (3895, 140204, '南郊区', 1402, 5, NULL, 1, 0, NULL),
       (3896, 140205, '新荣区', 1402, 5, NULL, 1, 0, NULL),
       (3897, 140206, '阳高县', 1402, 5, NULL, 1, 0, NULL),
       (3898, 140207, '天镇县', 1402, 5, NULL, 1, 0, NULL),
       (3899, 140208, '广灵县', 1402, 5, NULL, 1, 0, NULL),
       (3900, 140209, '灵丘县', 1402, 5, NULL, 1, 0, NULL),
       (3901, 140210, '浑源县', 1402, 5, NULL, 1, 0, NULL),
       (3902, 140211, '左云县', 1402, 5, NULL, 1, 0, NULL),
       (3903, 140212, '大同县', 1402, 5, NULL, 1, 0, NULL),
       (3904, 140213, '开发区', 1402, 5, NULL, 1, 0, NULL),
       (3905, 1403, '阳泉市', 14, 4, NULL, 1, 0, NULL),
       (3906, 140302, '城区', 1403, 5, NULL, 1, 0, NULL),
       (3907, 140303, '矿区', 1403, 5, NULL, 1, 0, NULL),
       (3908, 140304, '郊区', 1403, 5, NULL, 1, 0, NULL),
       (3909, 140305, '平定县', 1403, 5, NULL, 1, 0, NULL),
       (3910, 140306, '盂县', 1403, 5, NULL, 1, 0, NULL),
       (3911, 1404, '长治市', 14, 4, NULL, 1, 0, NULL),
       (3912, 140402, '城区', 1404, 5, NULL, 1, 0, NULL),
       (3913, 140403, '郊区', 1404, 5, NULL, 1, 0, NULL),
       (3914, 140404, '长治县', 1404, 5, NULL, 1, 0, NULL),
       (3915, 140405, '襄垣县', 1404, 5, NULL, 1, 0, NULL),
       (3916, 140406, '屯留县', 1404, 5, NULL, 1, 0, NULL),
       (3917, 140407, '平顺县', 1404, 5, NULL, 1, 0, NULL),
       (3918, 140408, '黎城县', 1404, 5, NULL, 1, 0, NULL),
       (3919, 140409, '壶关县', 1404, 5, NULL, 1, 0, NULL),
       (3920, 140410, '长子县', 1404, 5, NULL, 1, 0, NULL),
       (3921, 140411, '武乡县', 1404, 5, NULL, 1, 0, NULL),
       (3922, 140412, '沁县', 1404, 5, NULL, 1, 0, NULL),
       (3923, 140413, '沁源县', 1404, 5, NULL, 1, 0, NULL),
       (3924, 140414, '潞城市', 1404, 4, NULL, 1, 0, NULL),
       (3925, 1405, '晋城市', 14, 4, NULL, 1, 0, NULL),
       (3926, 140502, '城区', 1405, 5, NULL, 1, 0, NULL),
       (3927, 140503, '沁水县', 1405, 5, NULL, 1, 0, NULL),
       (3928, 140504, '阳城县', 1405, 5, NULL, 1, 0, NULL),
       (3929, 140505, '陵川县', 1405, 5, NULL, 1, 0, NULL),
       (3930, 140506, '泽州县', 1405, 5, NULL, 1, 0, NULL),
       (3931, 140507, '高平市', 1405, 4, NULL, 1, 0, NULL),
       (3932, 1406, '朔州市', 14, 4, NULL, 1, 0, NULL),
       (3933, 140602, '朔城区', 1406, 5, NULL, 1, 0, NULL),
       (3934, 140603, '平鲁区', 1406, 5, NULL, 1, 0, NULL),
       (3935, 140604, '山阴县', 1406, 5, NULL, 1, 0, NULL),
       (3936, 140605, '应县', 1406, 5, NULL, 1, 0, NULL),
       (3937, 140606, '右玉县', 1406, 5, NULL, 1, 0, NULL),
       (3938, 140607, '怀仁县', 1406, 5, NULL, 1, 0, NULL),
       (3939, 1407, '忻州市', 14, 4, NULL, 1, 0, NULL),
       (3940, 140702, '忻府区', 1407, 5, NULL, 1, 0, NULL),
       (3941, 140703, '定襄县', 1407, 5, NULL, 1, 0, NULL),
       (3942, 140704, '五台县', 1407, 5, NULL, 1, 0, NULL),
       (3943, 140705, '代县', 1407, 5, NULL, 1, 0, NULL),
       (3944, 140706, '繁峙县', 1407, 5, NULL, 1, 0, NULL),
       (3945, 140707, '宁武县', 1407, 5, NULL, 1, 0, NULL),
       (3946, 140708, '静乐县', 1407, 5, NULL, 1, 0, NULL),
       (3947, 140709, '神池县', 1407, 5, NULL, 1, 0, NULL),
       (3948, 140710, '五寨县', 1407, 5, NULL, 1, 0, NULL),
       (3949, 140711, '岢岚县', 1407, 5, NULL, 1, 0, NULL),
       (3950, 140712, '河曲县', 1407, 5, NULL, 1, 0, NULL),
       (3951, 140713, '保德县', 1407, 5, NULL, 1, 0, NULL),
       (3952, 140714, '偏关县', 1407, 5, NULL, 1, 0, NULL),
       (3953, 140715, '原平市', 1407, 4, NULL, 1, 0, NULL),
       (3954, 1408, '晋中市', 14, 4, NULL, 1, 0, NULL),
       (3955, 140802, '榆次区', 1408, 5, NULL, 1, 0, NULL),
       (3956, 140803, '榆社县', 1408, 5, NULL, 1, 0, NULL),
       (3957, 140804, '左权县', 1408, 5, NULL, 1, 0, NULL),
       (3958, 140805, '和顺县', 1408, 5, NULL, 1, 0, NULL),
       (3959, 140806, '昔阳县', 1408, 5, NULL, 1, 0, NULL),
       (3960, 140807, '寿阳县', 1408, 5, NULL, 1, 0, NULL),
       (3961, 140808, '太谷县', 1408, 5, NULL, 1, 0, NULL),
       (3962, 140809, '祁县', 1408, 5, NULL, 1, 0, NULL),
       (3963, 140810, '平遥县', 1408, 5, NULL, 1, 0, NULL),
       (3964, 140811, '灵石县', 1408, 5, NULL, 1, 0, NULL),
       (3965, 140812, '介休市', 1408, 4, NULL, 1, 0, NULL),
       (3966, 1409, '临汾市', 14, 4, NULL, 1, 0, NULL),
       (3967, 140902, '尧都区', 1409, 5, NULL, 1, 0, NULL),
       (3968, 140903, '曲沃县', 1409, 5, NULL, 1, 0, NULL),
       (3969, 140904, '翼城县', 1409, 5, NULL, 1, 0, NULL),
       (3970, 140905, '襄汾县', 1409, 5, NULL, 1, 0, NULL),
       (3971, 140906, '洪洞县', 1409, 5, NULL, 1, 0, NULL),
       (3972, 140907, '古县', 1409, 5, NULL, 1, 0, NULL),
       (3973, 140908, '安泽县', 1409, 5, NULL, 1, 0, NULL),
       (3974, 140909, '浮山县', 1409, 5, NULL, 1, 0, NULL),
       (3975, 140910, '吉县', 1409, 5, NULL, 1, 0, NULL),
       (3976, 140911, '乡宁县', 1409, 5, NULL, 1, 0, NULL),
       (3977, 140912, '大宁县', 1409, 5, NULL, 1, 0, NULL),
       (3978, 140913, '隰县', 1409, 5, NULL, 1, 0, NULL),
       (3979, 140914, '永和县', 1409, 5, NULL, 1, 0, NULL),
       (3980, 140915, '蒲县', 1409, 5, NULL, 1, 0, NULL),
       (3981, 140916, '汾西县', 1409, 5, NULL, 1, 0, NULL),
       (3982, 140917, '侯马市', 1409, 4, NULL, 1, 0, NULL),
       (3983, 140918, '霍州市', 1409, 4, NULL, 1, 0, NULL),
       (3984, 1410, '吕梁市', 14, 4, NULL, 1, 0, NULL),
       (3985, 141002, '离石区', 1410, 5, NULL, 1, 0, NULL),
       (3986, 141003, '文水县', 1410, 5, NULL, 1, 0, NULL),
       (3987, 141004, '交城县', 1410, 5, NULL, 1, 0, NULL),
       (3988, 141005, '兴县', 1410, 5, NULL, 1, 0, NULL),
       (3989, 141006, '临县', 1410, 5, NULL, 1, 0, NULL),
       (3990, 141007, '柳林县', 1410, 5, NULL, 1, 0, NULL),
       (3991, 141008, '石楼县', 1410, 5, NULL, 1, 0, NULL),
       (3992, 141009, '岚县', 1410, 5, NULL, 1, 0, NULL),
       (3993, 141010, '方山县', 1410, 5, NULL, 1, 0, NULL),
       (3994, 141011, '中阳县', 1410, 5, NULL, 1, 0, NULL),
       (3995, 141012, '交口县', 1410, 5, NULL, 1, 0, NULL),
       (3996, 141013, '孝义市', 1410, 4, NULL, 1, 0, NULL),
       (3997, 141014, '汾阳市', 1410, 4, NULL, 1, 0, NULL),
       (3998, 1411, '运城市', 14, 4, NULL, 1, 0, NULL),
       (3999, 141102, '盐湖区', 1411, 5, NULL, 1, 0, NULL),
       (4000, 141103, '临猗县', 1411, 5, NULL, 1, 0, NULL),
       (4001, 141104, '万荣县', 1411, 5, NULL, 1, 0, NULL),
       (4002, 141105, '闻喜县', 1411, 5, NULL, 1, 0, NULL),
       (4003, 141106, '稷山县', 1411, 5, NULL, 1, 0, NULL),
       (4004, 141107, '新绛县', 1411, 5, NULL, 1, 0, NULL),
       (4005, 141108, '绛县', 1411, 5, NULL, 1, 0, NULL),
       (4006, 141109, '垣曲县', 1411, 5, NULL, 1, 0, NULL),
       (4007, 141110, '夏县', 1411, 5, NULL, 1, 0, NULL),
       (4008, 141111, '平陆县', 1411, 5, NULL, 1, 0, NULL),
       (4009, 141112, '芮城县', 1411, 5, NULL, 1, 0, NULL),
       (4010, 141113, '永济市', 1411, 4, NULL, 1, 0, NULL),
       (4011, 141114, '河津市', 1411, 4, NULL, 1, 0, NULL),
       (4012, 20, '辽宁省', 0, 3, NULL, 1, 0, NULL),
       (4013, 2001, '沈阳市', 20, 4, NULL, 1, 0, NULL),
       (4014, 200102, '和平区', 2001, 5, NULL, 1, 0, NULL),
       (4015, 200103, '沈河区', 2001, 5, NULL, 1, 0, NULL),
       (4016, 200104, '大东区', 2001, 5, NULL, 1, 0, NULL),
       (4017, 200105, '皇姑区', 2001, 5, NULL, 1, 0, NULL),
       (4018, 200106, '铁西区', 2001, 5, NULL, 1, 0, NULL),
       (4019, 200107, '苏家屯区', 2001, 5, NULL, 1, 0, NULL),
       (4020, 200108, '东陵区', 2001, 5, NULL, 1, 0, NULL),
       (4021, 200109, '沈北新区', 2001, 5, NULL, 1, 0, NULL),
       (4022, 200110, '于洪区', 2001, 5, NULL, 1, 0, NULL),
       (4023, 200111, '辽中县', 2001, 5, NULL, 1, 0, NULL),
       (4024, 200112, '康平县', 2001, 5, NULL, 1, 0, NULL),
       (4025, 200113, '法库县', 2001, 5, NULL, 1, 0, NULL),
       (4026, 200114, '新民市', 2001, 4, NULL, 1, 0, NULL),
       (4027, 200115, '浑南新区', 2001, 5, NULL, 1, 0, NULL),
       (4028, 2002, '大连市', 20, 4, NULL, 1, 0, NULL),
       (4029, 200202, '中山区', 2002, 5, NULL, 1, 0, NULL),
       (4030, 200203, '西岗区', 2002, 5, NULL, 1, 0, NULL),
       (4031, 200204, '沙河口区', 2002, 5, NULL, 1, 0, NULL),
       (4032, 200205, '甘井子区', 2002, 5, NULL, 1, 0, NULL),
       (4033, 200206, '旅顺口区', 2002, 5, NULL, 1, 0, NULL),
       (4034, 200207, '金州区', 2002, 5, NULL, 1, 0, NULL),
       (4035, 200208, '长海县', 2002, 5, NULL, 1, 0, NULL),
       (4036, 200209, '瓦房店市', 2002, 4, NULL, 1, 0, NULL),
       (4037, 200210, '普兰店市', 2002, 4, NULL, 1, 0, NULL),
       (4038, 200211, '庄河市', 2002, 4, NULL, 1, 0, NULL),
       (4039, 200212, '开发区', 2002, 5, NULL, 1, 0, NULL),
       (4040, 2003, '鞍山市', 20, 4, NULL, 1, 0, NULL),
       (4041, 200302, '铁东区', 2003, 5, NULL, 1, 0, NULL),
       (4042, 200303, '铁西区', 2003, 5, NULL, 1, 0, NULL),
       (4043, 200304, '立山区', 2003, 5, NULL, 1, 0, NULL),
       (4044, 200305, '千山区', 2003, 5, NULL, 1, 0, NULL),
       (4045, 200306, '台安县', 2003, 5, NULL, 1, 0, NULL),
       (4046, 200307, '岫岩县', 2003, 5, NULL, 1, 0, NULL),
       (4047, 200308, '海城市', 2003, 4, NULL, 1, 0, NULL),
       (4048, 200309, '高新区', 2003, 5, NULL, 1, 0, NULL),
       (4049, 2004, '锦州市', 20, 4, NULL, 1, 0, NULL),
       (4050, 200402, '古塔区', 2004, 5, NULL, 1, 0, NULL),
       (4051, 200403, '凌河区', 2004, 5, NULL, 1, 0, NULL),
       (4052, 200404, '太和区', 2004, 5, NULL, 1, 0, NULL),
       (4053, 200405, '黑山县', 2004, 5, NULL, 1, 0, NULL),
       (4054, 200406, '义县', 2004, 5, NULL, 1, 0, NULL),
       (4055, 200407, '凌海市', 2004, 4, NULL, 1, 0, NULL),
       (4056, 200408, '北镇市', 2004, 4, NULL, 1, 0, NULL),
       (4057, 200409, '开发区', 2004, 5, NULL, 1, 0, NULL),
       (4058, 2005, '丹东市', 20, 4, NULL, 1, 0, NULL),
       (4059, 200502, '元宝区', 2005, 5, NULL, 1, 0, NULL),
       (4060, 200503, '振兴区', 2005, 5, NULL, 1, 0, NULL),
       (4061, 200504, '振安区', 2005, 5, NULL, 1, 0, NULL),
       (4062, 200505, '宽甸县', 2005, 5, NULL, 1, 0, NULL),
       (4063, 200506, '东港市', 2005, 4, NULL, 1, 0, NULL),
       (4064, 200507, '凤城市', 2005, 4, NULL, 1, 0, NULL),
       (4065, 2006, '盘锦市', 20, 4, NULL, 1, 0, NULL),
       (4066, 200602, '双台子区', 2006, 5, NULL, 1, 0, NULL),
       (4067, 200603, '兴隆台区', 2006, 5, NULL, 1, 0, NULL),
       (4068, 200604, '大洼县', 2006, 5, NULL, 1, 0, NULL),
       (4069, 200605, '盘山县', 2006, 5, NULL, 1, 0, NULL),
       (4070, 2007, '铁岭市', 20, 4, NULL, 1, 0, NULL),
       (4071, 200702, '银州区', 2007, 5, NULL, 1, 0, NULL),
       (4072, 200703, '清河区', 2007, 5, NULL, 1, 0, NULL),
       (4073, 200704, '铁岭县', 2007, 5, NULL, 1, 0, NULL),
       (4074, 200705, '西丰县', 2007, 5, NULL, 1, 0, NULL),
       (4075, 200706, '昌图县', 2007, 5, NULL, 1, 0, NULL),
       (4076, 200707, '调兵山市', 2007, 4, NULL, 1, 0, NULL),
       (4077, 200708, '开原市', 2007, 4, NULL, 1, 0, NULL),
       (4078, 2008, '抚顺市', 20, 4, NULL, 1, 0, NULL),
       (4079, 200802, '新抚区', 2008, 5, NULL, 1, 0, NULL),
       (4080, 200803, '东洲区', 2008, 5, NULL, 1, 0, NULL),
       (4081, 200804, '望花区', 2008, 5, NULL, 1, 0, NULL),
       (4082, 200805, '顺城区', 2008, 5, NULL, 1, 0, NULL),
       (4083, 200806, '抚顺县', 2008, 5, NULL, 1, 0, NULL),
       (4084, 200807, '新宾县', 2008, 5, NULL, 1, 0, NULL),
       (4085, 200808, '清原县', 2008, 5, NULL, 1, 0, NULL),
       (4086, 2009, '营口市', 20, 4, NULL, 1, 0, NULL),
       (4087, 200902, '站前区', 2009, 5, NULL, 1, 0, NULL),
       (4088, 200904, '鲅鱼圈区', 2009, 5, NULL, 1, 0, NULL),
       (4089, 200905, '老边区', 2009, 5, NULL, 1, 0, NULL),
       (4090, 200906, '盖州市', 2009, 4, NULL, 1, 0, NULL),
       (4091, 200907, '大石桥市', 2009, 4, NULL, 1, 0, NULL),
       (4092, 200908, '开发区', 2009, 5, NULL, 1, 0, NULL),
       (4093, 2010, '辽阳市', 20, 4, NULL, 1, 0, NULL),
       (4094, 201002, '白塔区', 2010, 5, NULL, 1, 0, NULL),
       (4095, 201003, '文圣区', 2010, 5, NULL, 1, 0, NULL),
       (4096, 201004, '宏伟区', 2010, 5, NULL, 1, 0, NULL),
       (4097, 201005, '弓长岭区', 2010, 5, NULL, 1, 0, NULL),
       (4098, 201006, '太子河区', 2010, 5, NULL, 1, 0, NULL),
       (4099, 201007, '辽阳县', 2010, 5, NULL, 1, 0, NULL),
       (4100, 201008, '灯塔市', 2010, 4, NULL, 1, 0, NULL),
       (4101, 201009, '高新区', 2010, 5, NULL, 1, 0, NULL),
       (4102, 2011, '阜新市', 20, 4, NULL, 1, 0, NULL),
       (4103, 201102, '海州区', 2011, 5, NULL, 1, 0, NULL),
       (4104, 201103, '新邱区', 2011, 5, NULL, 1, 0, NULL),
       (4105, 201104, '太平区', 2011, 5, NULL, 1, 0, NULL),
       (4106, 201105, '清河门区', 2011, 5, NULL, 1, 0, NULL),
       (4107, 201106, '细河区', 2011, 5, NULL, 1, 0, NULL),
       (4108, 201107, '阜新县', 2011, 5, NULL, 1, 0, NULL),
       (4109, 201108, '彰武县', 2011, 5, NULL, 1, 0, NULL),
       (4110, 2012, '本溪市', 20, 4, NULL, 1, 0, NULL),
       (4111, 201202, '平山区', 2012, 5, NULL, 1, 0, NULL),
       (4112, 201203, '溪湖区', 2012, 5, NULL, 1, 0, NULL),
       (4113, 201204, '明山区', 2012, 5, NULL, 1, 0, NULL),
       (4114, 201205, '南芬区', 2012, 5, NULL, 1, 0, NULL),
       (4115, 201206, '本溪县', 2012, 5, NULL, 1, 0, NULL),
       (4116, 201207, '桓仁县', 2012, 5, NULL, 1, 0, NULL),
       (4117, 2013, '朝阳市', 20, 4, NULL, 1, 0, NULL),
       (4118, 201302, '双塔区', 2013, 5, NULL, 1, 0, NULL),
       (4119, 201303, '龙城区', 2013, 5, NULL, 1, 0, NULL),
       (4120, 201304, '朝阳县', 2013, 5, NULL, 1, 0, NULL),
       (4121, 201305, '建平县', 2013, 5, NULL, 1, 0, NULL),
       (4122, 201306, '喀左县', 2013, 5, NULL, 1, 0, NULL),
       (4123, 201307, '北票市', 2013, 4, NULL, 1, 0, NULL),
       (4124, 201308, '凌源市', 2013, 4, NULL, 1, 0, NULL),
       (4125, 2014, '葫芦岛市', 20, 4, NULL, 1, 0, NULL),
       (4126, 201402, '连山区', 2014, 5, NULL, 1, 0, NULL),
       (4127, 201403, '龙港区', 2014, 5, NULL, 1, 0, NULL),
       (4128, 201404, '南票区', 2014, 5, NULL, 1, 0, NULL),
       (4129, 201405, '绥中县', 2014, 5, NULL, 1, 0, NULL),
       (4130, 201406, '建昌县', 2014, 5, NULL, 1, 0, NULL),
       (4131, 201407, '兴城市', 2014, 4, NULL, 1, 0, NULL),
       (4132, 21, '吉林省', 0, 3, NULL, 1, 0, NULL),
       (4133, 2101, '长春市', 21, 4, NULL, 1, 0, NULL),
       (4134, 210102, '南关区', 2101, 5, NULL, 1, 0, NULL),
       (4135, 210103, '宽城区', 2101, 5, NULL, 1, 0, NULL),
       (4136, 210104, '朝阳区', 2101, 5, NULL, 1, 0, NULL),
       (4137, 210105, '二道区', 2101, 5, NULL, 1, 0, NULL),
       (4138, 210106, '绿园区', 2101, 5, NULL, 1, 0, NULL),
       (4139, 210107, '双阳区', 2101, 5, NULL, 1, 0, NULL),
       (4140, 210108, '农安县', 2101, 5, NULL, 1, 0, NULL),
       (4141, 210109, '九台市', 2101, 4, NULL, 1, 0, NULL),
       (4142, 210110, '榆树市', 2101, 4, NULL, 1, 0, NULL),
       (4143, 210111, '德惠市', 2101, 4, NULL, 1, 0, NULL),
       (4144, 210112, '开发区', 2101, 5, NULL, 1, 0, NULL),
       (4145, 2102, '吉林市', 21, 4, NULL, 1, 0, NULL),
       (4146, 210202, '昌邑区', 2102, 5, NULL, 1, 0, NULL),
       (4147, 210203, '龙潭区', 2102, 5, NULL, 1, 0, NULL),
       (4148, 210204, '船营区', 2102, 5, NULL, 1, 0, NULL),
       (4149, 210205, '丰满区', 2102, 5, NULL, 1, 0, NULL),
       (4150, 210206, '永吉县', 2102, 5, NULL, 1, 0, NULL),
       (4151, 210207, '蛟河市', 2102, 4, NULL, 1, 0, NULL),
       (4152, 210208, '桦甸市', 2102, 4, NULL, 1, 0, NULL),
       (4153, 210209, '舒兰市', 2102, 4, NULL, 1, 0, NULL),
       (4154, 210210, '磐石市', 2102, 4, NULL, 1, 0, NULL),
       (4155, 210211, '开发区', 2102, 5, NULL, 1, 0, NULL),
       (4156, 2103, '四平市', 21, 4, NULL, 1, 0, NULL),
       (4157, 210302, '铁西区', 2103, 5, NULL, 1, 0, NULL),
       (4158, 210303, '铁东区', 2103, 5, NULL, 1, 0, NULL),
       (4159, 210304, '梨树县', 2103, 5, NULL, 1, 0, NULL),
       (4160, 210305, '伊通县', 2103, 5, NULL, 1, 0, NULL),
       (4161, 210306, '公主岭市', 2103, 4, NULL, 1, 0, NULL),
       (4162, 210307, '双辽市', 2103, 4, NULL, 1, 0, NULL),
       (4163, 210308, '开发区', 2103, 5, NULL, 1, 0, NULL),
       (4164, 2104, '辽源市', 21, 4, NULL, 1, 0, NULL),
       (4165, 210402, '龙山区', 2104, 5, NULL, 1, 0, NULL),
       (4166, 210403, '西安区', 2104, 5, NULL, 1, 0, NULL),
       (4167, 210404, '东丰县', 2104, 5, NULL, 1, 0, NULL),
       (4168, 210405, '东辽县', 2104, 5, NULL, 1, 0, NULL),
       (4169, 2105, '通化市', 21, 4, NULL, 1, 0, NULL),
       (4170, 210502, '东昌区', 2105, 5, NULL, 1, 0, NULL),
       (4171, 210503, '二道江区', 2105, 5, NULL, 1, 0, NULL),
       (4172, 210504, '通化县', 2105, 5, NULL, 1, 0, NULL),
       (4173, 210505, '辉南县', 2105, 5, NULL, 1, 0, NULL),
       (4174, 210506, '柳河县', 2105, 5, NULL, 1, 0, NULL),
       (4175, 210507, '梅河口市', 2105, 4, NULL, 1, 0, NULL),
       (4176, 210508, '集安市', 2105, 4, NULL, 1, 0, NULL),
       (4177, 2106, '白山市', 21, 4, NULL, 1, 0, NULL),
       (4178, 210602, '八道江区', 2106, 5, NULL, 1, 0, NULL),
       (4179, 210603, '江源区', 2106, 5, NULL, 1, 0, NULL),
       (4180, 210604, '抚松县', 2106, 5, NULL, 1, 0, NULL),
       (4181, 210605, '靖宇县', 2106, 5, NULL, 1, 0, NULL),
       (4182, 210606, '长白县', 2106, 5, NULL, 1, 0, NULL),
       (4183, 210607, '临江市', 2106, 4, NULL, 1, 0, NULL),
       (4184, 2107, '松原市', 21, 4, NULL, 1, 0, NULL),
       (4185, 210702, '宁江区', 2107, 5, NULL, 1, 0, NULL),
       (4186, 210703, '前郭县', 2107, 5, NULL, 1, 0, NULL),
       (4187, 210704, '长岭县', 2107, 5, NULL, 1, 0, NULL),
       (4188, 210705, '乾安县', 2107, 5, NULL, 1, 0, NULL),
       (4189, 210706, '扶余县', 2107, 5, NULL, 1, 0, NULL),
       (4190, 2108, '白城市', 21, 4, NULL, 1, 0, NULL),
       (4191, 210802, '洮北区', 2108, 5, NULL, 1, 0, NULL),
       (4192, 210803, '镇赉县', 2108, 5, NULL, 1, 0, NULL),
       (4193, 210804, '通榆县', 2108, 5, NULL, 1, 0, NULL),
       (4194, 210805, '洮南市', 2108, 4, NULL, 1, 0, NULL),
       (4195, 210806, '大安市', 2108, 4, NULL, 1, 0, NULL),
       (4196, 2109, '延边州', 21, NULL, NULL, 1, 0, NULL),
       (4197, 210901, '延吉市', 2109, 4, NULL, 1, 0, NULL),
       (4198, 210902, '图们市', 2109, 4, NULL, 1, 0, NULL),
       (4199, 210903, '敦化市', 2109, 4, NULL, 1, 0, NULL),
       (4200, 210904, '珲春市', 2109, 4, NULL, 1, 0, NULL),
       (4201, 210905, '龙井市', 2109, 4, NULL, 1, 0, NULL),
       (4202, 210906, '和龙市', 2109, 4, NULL, 1, 0, NULL),
       (4203, 210907, '汪清县', 2109, 5, NULL, 1, 0, NULL),
       (4204, 210908, '安图县', 2109, 5, NULL, 1, 0, NULL),
       (4205, 210909, '高新区', 2109, 5, NULL, 1, 0, NULL),
       (4206, 22, '黑龙江省', 0, 3, NULL, 1, 0, NULL),
       (4207, 2201, '哈尔滨市', 22, 4, NULL, 1, 0, NULL),
       (4208, 220102, '道里区', 2201, 5, NULL, 1, 0, NULL),
       (4209, 220103, '南岗区', 2201, 5, NULL, 1, 0, NULL),
       (4210, 220104, '道外区', 2201, 5, NULL, 1, 0, NULL),
       (4211, 220105, '平房区', 2201, 5, NULL, 1, 0, NULL),
       (4212, 220106, '松北区', 2201, 5, NULL, 1, 0, NULL),
       (4213, 220107, '香坊区', 2201, 5, NULL, 1, 0, NULL),
       (4214, 220108, '呼兰区', 2201, 5, NULL, 1, 0, NULL),
       (4215, 220109, '阿城区', 2201, 5, NULL, 1, 0, NULL),
       (4216, 220110, '依兰县', 2201, 5, NULL, 1, 0, NULL),
       (4217, 220111, '方正县', 2201, 5, NULL, 1, 0, NULL),
       (4218, 220112, '宾县', 2201, 5, NULL, 1, 0, NULL),
       (4219, 220113, '巴彦县', 2201, 5, NULL, 1, 0, NULL),
       (4220, 220114, '木兰县', 2201, 5, NULL, 1, 0, NULL),
       (4221, 220115, '通河县', 2201, 5, NULL, 1, 0, NULL),
       (4222, 220116, '延寿县', 2201, 5, NULL, 1, 0, NULL),
       (4223, 220117, '双城市', 2201, 4, NULL, 1, 0, NULL),
       (4224, 220118, '尚志市', 2201, 4, NULL, 1, 0, NULL),
       (4225, 220119, '五常市', 2201, 4, NULL, 1, 0, NULL),
       (4226, 220120, '开发区', 2201, 5, NULL, 1, 0, NULL),
       (4227, 2202, '齐齐哈尔市', 22, 4, NULL, 1, 0, NULL),
       (4228, 220202, '龙沙区', 2202, 5, NULL, 1, 0, NULL),
       (4229, 220203, '建华区', 2202, 5, NULL, 1, 0, NULL),
       (4230, 220204, '铁锋区', 2202, 5, NULL, 1, 0, NULL),
       (4231, 220205, '昂昂溪区', 2202, 5, NULL, 1, 0, NULL),
       (4232, 220206, '富拉尔基区', 2202, 5, NULL, 1, 0, NULL),
       (4233, 220207, '碾子山区', 2202, 5, NULL, 1, 0, NULL),
       (4234, 220208, '梅里斯区', 2202, 5, NULL, 1, 0, NULL),
       (4235, 220209, '龙江县', 2202, 5, NULL, 1, 0, NULL),
       (4236, 220210, '依安县', 2202, 5, NULL, 1, 0, NULL),
       (4237, 220211, '泰来县', 2202, 5, NULL, 1, 0, NULL),
       (4238, 220212, '甘南县', 2202, 5, NULL, 1, 0, NULL),
       (4239, 220213, '富裕县', 2202, 5, NULL, 1, 0, NULL),
       (4240, 220214, '克山县', 2202, 5, NULL, 1, 0, NULL),
       (4241, 220215, '克东县', 2202, 5, NULL, 1, 0, NULL),
       (4242, 220216, '拜泉县', 2202, 5, NULL, 1, 0, NULL),
       (4243, 220217, '讷河市', 2202, 4, NULL, 1, 0, NULL),
       (4244, 220218, '高新区', 2202, 5, NULL, 1, 0, NULL),
       (4245, 2203, '鸡西市', 22, 4, NULL, 1, 0, NULL),
       (4246, 220302, '鸡冠区', 2203, 5, NULL, 1, 0, NULL),
       (4247, 220303, '恒山区', 2203, 5, NULL, 1, 0, NULL),
       (4248, 220304, '滴道区', 2203, 5, NULL, 1, 0, NULL),
       (4249, 220305, '梨树区', 2203, 5, NULL, 1, 0, NULL),
       (4250, 220306, '城子河区', 2203, 5, NULL, 1, 0, NULL),
       (4251, 220307, '麻山区', 2203, 5, NULL, 1, 0, NULL),
       (4252, 220308, '鸡东县', 2203, 5, NULL, 1, 0, NULL),
       (4253, 220309, '虎林市', 2203, 4, NULL, 1, 0, NULL),
       (4254, 220310, '密山市', 2203, 4, NULL, 1, 0, NULL),
       (4255, 2204, '鹤岗市', 22, 4, NULL, 1, 0, NULL),
       (4256, 220402, '向阳区', 2204, 5, NULL, 1, 0, NULL),
       (4257, 220403, '工农区', 2204, 5, NULL, 1, 0, NULL),
       (4258, 220404, '南山区', 2204, 5, NULL, 1, 0, NULL),
       (4259, 220405, '兴安区', 2204, 5, NULL, 1, 0, NULL),
       (4260, 220406, '东山区', 2204, 5, NULL, 1, 0, NULL),
       (4261, 220407, '兴山区', 2204, 5, NULL, 1, 0, NULL),
       (4262, 220408, '萝北县', 2204, 5, NULL, 1, 0, NULL),
       (4263, 220409, '绥滨县', 2204, 5, NULL, 1, 0, NULL),
       (4264, 2205, '双鸭山市', 22, 4, NULL, 1, 0, NULL),
       (4265, 220502, '尖山区', 2205, 5, NULL, 1, 0, NULL),
       (4266, 220503, '岭东区', 2205, 5, NULL, 1, 0, NULL),
       (4267, 220504, '四方台区', 2205, 5, NULL, 1, 0, NULL),
       (4268, 220505, '宝山区', 2205, 5, NULL, 1, 0, NULL),
       (4269, 220506, '集贤县', 2205, 5, NULL, 1, 0, NULL),
       (4270, 220507, '友谊县', 2205, 5, NULL, 1, 0, NULL),
       (4271, 220508, '宝清县', 2205, 5, NULL, 1, 0, NULL),
       (4272, 220509, '饶河县', 2205, 5, NULL, 1, 0, NULL),
       (4273, 2206, '大庆市', 22, 4, NULL, 1, 0, NULL),
       (4274, 220602, '萨尔图区', 2206, 5, NULL, 1, 0, NULL),
       (4275, 220603, '龙凤区', 2206, 5, NULL, 1, 0, NULL),
       (4276, 220604, '让胡路区', 2206, 5, NULL, 1, 0, NULL),
       (4277, 220605, '红岗区', 2206, 5, NULL, 1, 0, NULL),
       (4278, 220606, '大同区', 2206, 5, NULL, 1, 0, NULL),
       (4279, 220607, '肇州县', 2206, 5, NULL, 1, 0, NULL),
       (4280, 220608, '肇源县', 2206, 5, NULL, 1, 0, NULL),
       (4281, 220609, '林甸县', 2206, 5, NULL, 1, 0, NULL),
       (4282, 220610, '杜尔伯特县', 2206, 5, NULL, 1, 0, NULL),
       (4283, 220611, '高新区', 2206, 5, NULL, 1, 0, NULL),
       (4284, 2207, '伊春市', 22, 4, NULL, 1, 0, NULL),
       (4285, 220702, '伊春区', 2207, 5, NULL, 1, 0, NULL),
       (4286, 220703, '南岔区', 2207, 5, NULL, 1, 0, NULL),
       (4287, 220704, '友好区', 2207, 5, NULL, 1, 0, NULL),
       (4288, 220705, '西林区', 2207, 5, NULL, 1, 0, NULL),
       (4289, 220706, '翠峦区', 2207, 5, NULL, 1, 0, NULL),
       (4290, 220707, '新青区', 2207, 5, NULL, 1, 0, NULL),
       (4291, 220708, '美溪区', 2207, 5, NULL, 1, 0, NULL),
       (4292, 220709, '金山屯区', 2207, 5, NULL, 1, 0, NULL),
       (4293, 220710, '五营区', 2207, 5, NULL, 1, 0, NULL),
       (4294, 220711, '乌马河区', 2207, 5, NULL, 1, 0, NULL),
       (4295, 220712, '汤旺河区', 2207, 5, NULL, 1, 0, NULL),
       (4296, 220713, '带岭区', 2207, 5, NULL, 1, 0, NULL),
       (4297, 220714, '乌伊岭区', 2207, 5, NULL, 1, 0, NULL),
       (4298, 220715, '红星区', 2207, 5, NULL, 1, 0, NULL),
       (4299, 220716, '上甘岭区', 2207, 5, NULL, 1, 0, NULL),
       (4300, 220717, '嘉荫县', 2207, 5, NULL, 1, 0, NULL),
       (4301, 220718, '铁力市', 2207, 4, NULL, 1, 0, NULL),
       (4302, 2208, '佳木斯市', 22, 4, NULL, 1, 0, NULL),
       (4303, 220802, '向阳区', 2208, 5, NULL, 1, 0, NULL),
       (4304, 220803, '前进区', 2208, 5, NULL, 1, 0, NULL),
       (4305, 220804, '东风区', 2208, 5, NULL, 1, 0, NULL),
       (4306, 220805, '郊区', 2208, 5, NULL, 1, 0, NULL),
       (4307, 220806, '桦南县', 2208, 5, NULL, 1, 0, NULL),
       (4308, 220807, '桦川县', 2208, 5, NULL, 1, 0, NULL),
       (4309, 220808, '汤原县', 2208, 5, NULL, 1, 0, NULL),
       (4310, 220809, '抚远县', 2208, 5, NULL, 1, 0, NULL),
       (4311, 220810, '同江市', 2208, 4, NULL, 1, 0, NULL),
       (4312, 220811, '富锦市', 2208, 4, NULL, 1, 0, NULL),
       (4313, 2209, '七台河市', 22, 4, NULL, 1, 0, NULL),
       (4314, 220902, '新兴区', 2209, 5, NULL, 1, 0, NULL),
       (4315, 220903, '桃山区', 2209, 5, NULL, 1, 0, NULL),
       (4316, 220904, '茄子河区', 2209, 5, NULL, 1, 0, NULL),
       (4317, 220905, '勃利县', 2209, 5, NULL, 1, 0, NULL),
       (4318, 2210, '牡丹江市', 22, 4, NULL, 1, 0, NULL),
       (4319, 221002, '东安区', 2210, 5, NULL, 1, 0, NULL),
       (4320, 221003, '阳明区', 2210, 5, NULL, 1, 0, NULL),
       (4321, 221004, '爱民区', 2210, 5, NULL, 1, 0, NULL),
       (4322, 221005, '西安区', 2210, 5, NULL, 1, 0, NULL),
       (4323, 221006, '东宁县', 2210, 5, NULL, 1, 0, NULL),
       (4324, 221007, '林口县', 2210, 5, NULL, 1, 0, NULL),
       (4325, 221008, '绥芬河市', 2210, 4, NULL, 1, 0, NULL),
       (4326, 221009, '海林市', 2210, 4, NULL, 1, 0, NULL),
       (4327, 221010, '宁安市', 2210, 4, NULL, 1, 0, NULL),
       (4328, 221011, '穆棱市', 2210, 4, NULL, 1, 0, NULL),
       (4329, 2211, '黑河市', 22, 4, NULL, 1, 0, NULL),
       (4330, 221102, '爱辉区', 2211, 5, NULL, 1, 0, NULL),
       (4331, 221103, '嫩江县', 2211, 5, NULL, 1, 0, NULL),
       (4332, 221104, '逊克县', 2211, 5, NULL, 1, 0, NULL),
       (4333, 221105, '孙吴县', 2211, 5, NULL, 1, 0, NULL),
       (4334, 221106, '北安市', 2211, 4, NULL, 1, 0, NULL),
       (4335, 221107, '五大连池市', 2211, 4, NULL, 1, 0, NULL),
       (4336, 2212, '绥化市', 22, 4, NULL, 1, 0, NULL),
       (4337, 221202, '北林区', 2212, 5, NULL, 1, 0, NULL),
       (4338, 221203, '望奎县', 2212, 5, NULL, 1, 0, NULL),
       (4339, 221204, '兰西县', 2212, 5, NULL, 1, 0, NULL),
       (4340, 221205, '青冈县', 2212, 5, NULL, 1, 0, NULL),
       (4341, 221206, '庆安县', 2212, 5, NULL, 1, 0, NULL),
       (4342, 221207, '明水县', 2212, 5, NULL, 1, 0, NULL),
       (4343, 221208, '绥棱县', 2212, 5, NULL, 1, 0, NULL),
       (4344, 221209, '安达市', 2212, 4, NULL, 1, 0, NULL),
       (4345, 221210, '肇东市', 2212, 4, NULL, 1, 0, NULL),
       (4346, 221211, '海伦市', 2212, 4, NULL, 1, 0, NULL),
       (4347, 2213, '大兴安岭地区', 22, 5, NULL, 1, 0, NULL),
       (4348, 221301, '加格达奇区', 2213, 5, NULL, 1, 0, NULL),
       (4349, 221302, '松岭区', 2213, 5, NULL, 1, 0, NULL),
       (4350, 221303, '新林区', 2213, 5, NULL, 1, 0, NULL),
       (4351, 221304, '呼中区', 2213, 5, NULL, 1, 0, NULL),
       (4352, 221305, '呼玛县', 2213, 5, NULL, 1, 0, NULL),
       (4353, 221306, '塔河县', 2213, 5, NULL, 1, 0, NULL),
       (4354, 221307, '漠河县', 2213, 5, NULL, 1, 0, NULL),
       (4355, 30, '上海市', 2, 4, NULL, 1, 0, NULL),
       (4356, 3001, '宝山区', 30, 5, NULL, 1, 0, NULL),
       (4357, 3002, '金山区', 30, 5, NULL, 1, 0, NULL),
       (4358, 3004, '长宁区', 30, 5, NULL, 1, 0, NULL),
       (4359, 3005, '静安区', 30, 5, NULL, 1, 0, NULL),
       (4360, 3006, '青浦区', 30, 5, NULL, 1, 0, NULL),
       (4361, 3007, '崇明县', 30, 5, NULL, 1, 0, NULL),
       (4362, 3009, '松江区', 30, 5, NULL, 1, 0, NULL),
       (4363, 3010, '奉贤区', 30, 5, NULL, 1, 0, NULL),
       (4364, 3011, '浦东新区', 30, 5, NULL, 1, 0, NULL),
       (4365, 3012, '杨浦区', 30, 5, NULL, 1, 0, NULL),
       (4366, 3013, '虹口区', 30, 5, NULL, 1, 0, NULL),
       (4367, 3014, '普陀区', 30, 5, NULL, 1, 0, NULL),
       (4368, 3015, '闸北区', 30, 5, NULL, 1, 0, NULL),
       (4369, 3016, '黄浦区', 30, 5, NULL, 1, 0, NULL),
       (4370, 3017, '闵行区', 30, 5, NULL, 1, 0, NULL),
       (4371, 3018, '徐汇区', 30, 5, NULL, 1, 0, NULL),
       (4372, 3019, '嘉定区', 30, 5, NULL, 1, 0, NULL),
       (4373, 31, '江苏省', 0, 3, NULL, 1, 0, NULL),
       (4374, 3101, '南京市', 31, 4, NULL, 1, 0, NULL),
       (4375, 310102, '玄武区', 3101, 5, NULL, 1, 0, NULL),
       (4376, 310103, '白下区', 3101, 5, NULL, 1, 0, NULL),
       (4377, 310104, '秦淮区', 3101, 5, NULL, 1, 0, NULL),
       (4378, 310105, '建邺区', 3101, 5, NULL, 1, 0, NULL),
       (4379, 310106, '鼓楼区', 3101, 5, NULL, 1, 0, NULL),
       (4380, 310107, '下关区', 3101, 5, NULL, 1, 0, NULL),
       (4381, 310108, '浦口区', 3101, 5, NULL, 1, 0, NULL),
       (4382, 310109, '栖霞区', 3101, 5, NULL, 1, 0, NULL),
       (4383, 310110, '雨花台区', 3101, 5, NULL, 1, 0, NULL),
       (4384, 310111, '江宁区', 3101, 5, NULL, 1, 0, NULL),
       (4385, 310112, '六合区', 3101, 5, NULL, 1, 0, NULL),
       (4386, 310113, '溧水县', 3101, 5, NULL, 1, 0, NULL),
       (4387, 310114, '高淳县', 3101, 5, NULL, 1, 0, NULL),
       (4388, 310115, '开发区', 3101, 5, NULL, 1, 0, NULL),
       (4389, 3102, '苏州市', 31, 4, NULL, 1, 0, NULL),
       (4390, 310202, '沧浪区', 3102, 5, NULL, 1, 0, NULL),
       (4391, 310203, '平江区', 3102, 5, NULL, 1, 0, NULL),
       (4392, 310204, '金阊区', 3102, 5, NULL, 1, 0, NULL),
       (4393, 310205, '虎丘区', 3102, 5, NULL, 1, 0, NULL),
       (4394, 310206, '吴中区', 3102, 5, NULL, 1, 0, NULL),
       (4395, 310207, '相城区', 3102, 5, NULL, 1, 0, NULL),
       (4396, 310208, '常熟市', 3102, 4, NULL, 1, 0, NULL),
       (4397, 310209, '张家港市', 3102, 4, NULL, 1, 0, NULL),
       (4398, 310210, '昆山市', 3102, 4, NULL, 1, 0, NULL),
       (4399, 310211, '吴江市', 3102, 4, NULL, 1, 0, NULL),
       (4400, 310212, '太仓市', 3102, 4, NULL, 1, 0, NULL),
       (4401, 310213, '工业园区', 3102, 5, NULL, 1, 0, NULL),
       (4402, 310214, '高新区', 3102, 5, NULL, 1, 0, NULL),
       (4403, 3103, '无锡市', 31, 4, NULL, 1, 0, NULL),
       (4404, 310302, '崇安区', 3103, 5, NULL, 1, 0, NULL),
       (4405, 310303, '南长区', 3103, 5, NULL, 1, 0, NULL),
       (4406, 310304, '北塘区', 3103, 5, NULL, 1, 0, NULL),
       (4407, 310305, '锡山区', 3103, 5, NULL, 1, 0, NULL),
       (4408, 310306, '惠山区', 3103, 5, NULL, 1, 0, NULL),
       (4409, 310307, '滨湖区', 3103, 5, NULL, 1, 0, NULL),
       (4410, 310308, '江阴市', 3103, 4, NULL, 1, 0, NULL),
       (4411, 310309, '宜兴市', 3103, 4, NULL, 1, 0, NULL),
       (4412, 310310, '高新区', 3103, 5, NULL, 1, 0, NULL),
       (4413, 3104, '镇江市', 31, 4, NULL, 1, 0, NULL),
       (4414, 310402, '京口区', 3104, 5, NULL, 1, 0, NULL),
       (4415, 310403, '润州区', 3104, 5, NULL, 1, 0, NULL),
       (4416, 310404, '丹徒区', 3104, 5, NULL, 1, 0, NULL),
       (4417, 310405, '丹阳市', 3104, 4, NULL, 1, 0, NULL),
       (4418, 310406, '扬中市', 3104, 4, NULL, 1, 0, NULL),
       (4419, 310407, '句容市', 3104, 4, NULL, 1, 0, NULL),
       (4420, 310408, '开发区', 3104, 5, NULL, 1, 0, NULL),
       (4421, 3105, '扬州市', 31, 4, NULL, 1, 0, NULL),
       (4422, 310502, '广陵区', 3105, 5, NULL, 1, 0, NULL),
       (4423, 310503, '邗江区', 3105, 5, NULL, 1, 0, NULL),
       (4424, 310505, '宝应县', 3105, 5, NULL, 1, 0, NULL),
       (4425, 310506, '仪征市', 3105, 4, NULL, 1, 0, NULL),
       (4426, 310507, '高邮市', 3105, 4, NULL, 1, 0, NULL),
       (4427, 310508, '江都区', 3105, 5, NULL, 1, 0, NULL),
       (4428, 310509, '开发区', 3105, 5, NULL, 1, 0, NULL),
       (4429, 3106, '南通市', 31, 4, NULL, 1, 0, NULL),
       (4430, 310602, '崇川区', 3106, 5, NULL, 1, 0, NULL),
       (4431, 310603, '港闸区', 3106, 5, NULL, 1, 0, NULL),
       (4432, 310604, '海安县', 3106, 5, NULL, 1, 0, NULL),
       (4433, 310605, '如东县', 3106, 5, NULL, 1, 0, NULL),
       (4434, 310606, '启东市', 3106, 4, NULL, 1, 0, NULL),
       (4435, 310607, '如皋市', 3106, 4, NULL, 1, 0, NULL),
       (4436, 310608, '通州市', 3106, 4, NULL, 1, 0, NULL),
       (4437, 310609, '海门市', 3106, 4, NULL, 1, 0, NULL),
       (4438, 310610, '开发区', 3106, 5, NULL, 1, 0, NULL),
       (4439, 3107, '常州市', 31, 4, NULL, 1, 0, NULL),
       (4440, 310702, '天宁区', 3107, 5, NULL, 1, 0, NULL),
       (4441, 310703, '钟楼区', 3107, 5, NULL, 1, 0, NULL),
       (4442, 310704, '戚墅堰区', 3107, 5, NULL, 1, 0, NULL),
       (4443, 310705, '新北区', 3107, 5, NULL, 1, 0, NULL),
       (4444, 310706, '武进区', 3107, 5, NULL, 1, 0, NULL),
       (4445, 310707, '溧阳市', 3107, 4, NULL, 1, 0, NULL),
       (4446, 310708, '金坛市', 3107, 4, NULL, 1, 0, NULL),
       (4447, 3108, '徐州市', 31, 4, NULL, 1, 0, NULL),
       (4448, 310802, '鼓楼区', 3108, 5, NULL, 1, 0, NULL),
       (4449, 310803, '云龙区', 3108, 5, NULL, 1, 0, NULL),
       (4450, 310804, '九里区', 3108, 5, NULL, 1, 0, NULL),
       (4451, 310805, '贾汪区', 3108, 5, NULL, 1, 0, NULL),
       (4452, 310806, '泉山区', 3108, 5, NULL, 1, 0, NULL),
       (4453, 310807, '丰县', 3108, 5, NULL, 1, 0, NULL),
       (4454, 310808, '沛县', 3108, 5, NULL, 1, 0, NULL),
       (4455, 310809, '铜山县', 3108, 5, NULL, 1, 0, NULL),
       (4456, 310810, '睢宁县', 3108, 5, NULL, 1, 0, NULL),
       (4457, 310811, '新沂市', 3108, 4, NULL, 1, 0, NULL),
       (4458, 310812, '邳州市', 3108, 4, NULL, 1, 0, NULL),
       (4459, 310813, '开发区', 3108, 5, NULL, 1, 0, NULL),
       (4460, 3109, '连云港市', 31, 4, NULL, 1, 0, NULL),
       (4461, 310902, '连云区', 3109, 5, NULL, 1, 0, NULL),
       (4462, 310903, '新浦区', 3109, 5, NULL, 1, 0, NULL),
       (4463, 310904, '海州区', 3109, 5, NULL, 1, 0, NULL),
       (4464, 310905, '赣榆县', 3109, 5, NULL, 1, 0, NULL),
       (4465, 310906, '东海县', 3109, 5, NULL, 1, 0, NULL),
       (4466, 310907, '灌云县', 3109, 5, NULL, 1, 0, NULL),
       (4467, 310908, '灌南县', 3109, 5, NULL, 1, 0, NULL),
       (4468, 310909, '开发区', 3109, 5, NULL, 1, 0, NULL),
       (4469, 3110, '盐城市', 31, 4, NULL, 1, 0, NULL),
       (4470, 311002, '亭湖区', 3110, 5, NULL, 1, 0, NULL),
       (4471, 311003, '盐都区', 3110, 5, NULL, 1, 0, NULL),
       (4472, 311004, '响水县', 3110, 5, NULL, 1, 0, NULL),
       (4473, 311005, '滨海县', 3110, 5, NULL, 1, 0, NULL),
       (4474, 311006, '阜宁县', 3110, 5, NULL, 1, 0, NULL),
       (4475, 311007, '射阳县', 3110, 5, NULL, 1, 0, NULL),
       (4476, 311008, '建湖县', 3110, 5, NULL, 1, 0, NULL),
       (4477, 311009, '东台市', 3110, 4, NULL, 1, 0, NULL),
       (4478, 311010, '大丰市', 3110, 4, NULL, 1, 0, NULL),
       (4479, 311011, '开发区', 3110, 5, NULL, 1, 0, NULL),
       (4480, 3111, '淮安市', 31, 4, NULL, 1, 0, NULL),
       (4481, 311102, '清河区', 3111, 5, NULL, 1, 0, NULL),
       (4482, 311103, '楚州区', 3111, 5, NULL, 1, 0, NULL),
       (4483, 311104, '淮阴区', 3111, 5, NULL, 1, 0, NULL),
       (4484, 311105, '清浦区', 3111, 5, NULL, 1, 0, NULL),
       (4485, 311106, '涟水县', 3111, 5, NULL, 1, 0, NULL),
       (4486, 311107, '洪泽县', 3111, 5, NULL, 1, 0, NULL),
       (4487, 311108, '盱眙县', 3111, 5, NULL, 1, 0, NULL),
       (4488, 311109, '金湖县', 3111, 5, NULL, 1, 0, NULL),
       (4489, 311110, '开发区', 3111, 5, NULL, 1, 0, NULL),
       (4490, 3112, '泰州市', 31, 4, NULL, 1, 0, NULL),
       (4491, 311202, '海陵区', 3112, 5, NULL, 1, 0, NULL),
       (4492, 311203, '高港区', 3112, 5, NULL, 1, 0, NULL),
       (4493, 311204, '兴化市', 3112, 4, NULL, 1, 0, NULL),
       (4494, 311205, '靖江市', 3112, 4, NULL, 1, 0, NULL),
       (4495, 311206, '泰兴市', 3112, 4, NULL, 1, 0, NULL),
       (4496, 311207, '姜堰市', 3112, 4, NULL, 1, 0, NULL),
       (4497, 311208, '高新区', 3112, 5, NULL, 1, 0, NULL),
       (4498, 3113, '宿迁市', 31, 4, NULL, 1, 0, NULL),
       (4499, 311302, '宿城区', 3113, 5, NULL, 1, 0, NULL),
       (4500, 311303, '宿豫区', 3113, 5, NULL, 1, 0, NULL),
       (4501, 311304, '沭阳县', 3113, 5, NULL, 1, 0, NULL),
       (4502, 311305, '泗阳县', 3113, 5, NULL, 1, 0, NULL),
       (4503, 311306, '泗洪县', 3113, 5, NULL, 1, 0, NULL),
       (4504, 32, '山东省', 0, 3, NULL, 1, 0, NULL),
       (4505, 3201, '济南市', 32, 4, NULL, 1, 0, NULL),
       (4506, 320102, '历下区', 3201, 5, NULL, 1, 0, NULL),
       (4507, 320103, '市中区', 3201, 5, NULL, 1, 0, NULL),
       (4508, 320104, '槐荫区', 3201, 5, NULL, 1, 0, NULL),
       (4509, 320105, '天桥区', 3201, 5, NULL, 1, 0, NULL),
       (4510, 320106, '历城区', 3201, 5, NULL, 1, 0, NULL),
       (4511, 320107, '长清区', 3201, 5, NULL, 1, 0, NULL),
       (4512, 320108, '平阴县', 3201, 5, NULL, 1, 0, NULL),
       (4513, 320109, '济阳县', 3201, 5, NULL, 1, 0, NULL),
       (4514, 320110, '商河县', 3201, 5, NULL, 1, 0, NULL),
       (4515, 320111, '章丘市', 3201, 4, NULL, 1, 0, NULL),
       (4516, 320112, '高新区', 3201, 5, NULL, 1, 0, NULL),
       (4517, 3202, '青岛市', 32, 4, NULL, 1, 0, NULL),
       (4518, 320202, '市南区', 3202, 5, NULL, 1, 0, NULL),
       (4519, 320203, '市北区', 3202, 5, NULL, 1, 0, NULL),
       (4520, 320204, '四方区', 3202, 5, NULL, 1, 0, NULL),
       (4521, 320205, '黄岛区', 3202, 5, NULL, 1, 0, NULL),
       (4522, 320206, '崂山区', 3202, 5, NULL, 1, 0, NULL),
       (4523, 320207, '李沧区', 3202, 5, NULL, 1, 0, NULL),
       (4524, 320208, '城阳区', 3202, 5, NULL, 1, 0, NULL),
       (4525, 320209, '胶州市', 3202, 4, NULL, 1, 0, NULL),
       (4526, 320210, '即墨市', 3202, 4, NULL, 1, 0, NULL),
       (4527, 320211, '平度市', 3202, 4, NULL, 1, 0, NULL),
       (4528, 320212, '胶南市', 3202, 4, NULL, 1, 0, NULL),
       (4529, 320213, '莱西市', 3202, 4, NULL, 1, 0, NULL),
       (4530, 320214, '开发区', 3202, 5, NULL, 1, 0, NULL),
       (4531, 3203, '烟台市', 32, 4, NULL, 1, 0, NULL),
       (4532, 320302, '芝罘区', 3203, 5, NULL, 1, 0, NULL),
       (4533, 320303, '福山区', 3203, 5, NULL, 1, 0, NULL),
       (4534, 320304, '牟平区', 3203, 5, NULL, 1, 0, NULL),
       (4535, 320305, '莱山区', 3203, 5, NULL, 1, 0, NULL),
       (4536, 320306, '长岛县', 3203, 5, NULL, 1, 0, NULL),
       (4537, 320307, '龙口市', 3203, 4, NULL, 1, 0, NULL),
       (4538, 320308, '莱阳市', 3203, 4, NULL, 1, 0, NULL),
       (4539, 320309, '莱州市', 3203, 4, NULL, 1, 0, NULL),
       (4540, 320310, '蓬莱市', 3203, 4, NULL, 1, 0, NULL),
       (4541, 320311, '招远市', 3203, 4, NULL, 1, 0, NULL),
       (4542, 320312, '栖霞市', 3203, 4, NULL, 1, 0, NULL),
       (4543, 320313, '海阳市', 3203, 4, NULL, 1, 0, NULL),
       (4544, 320314, '高新区', 3203, 5, NULL, 1, 0, NULL),
       (4545, 320315, '开发区', 3203, 5, NULL, 1, 0, NULL),
       (4546, 3204, '淄博市', 32, 4, NULL, 1, 0, NULL),
       (4547, 320402, '淄川区', 3204, 5, NULL, 1, 0, NULL),
       (4548, 320403, '张店区', 3204, 5, NULL, 1, 0, NULL),
       (4549, 320404, '博山区', 3204, 5, NULL, 1, 0, NULL),
       (4550, 320405, '临淄区', 3204, 5, NULL, 1, 0, NULL),
       (4551, 320406, '周村区', 3204, 5, NULL, 1, 0, NULL),
       (4552, 320407, '桓台县', 3204, 5, NULL, 1, 0, NULL),
       (4553, 320408, '高青县', 3204, 5, NULL, 1, 0, NULL),
       (4554, 320409, '沂源县', 3204, 5, NULL, 1, 0, NULL),
       (4555, 320410, '高新区', 3204, 5, NULL, 1, 0, NULL),
       (4556, 3205, '泰安市', 32, 4, NULL, 1, 0, NULL),
       (4557, 320502, '泰山区', 3205, 5, NULL, 1, 0, NULL),
       (4558, 320503, '岱岳区', 3205, 5, NULL, 1, 0, NULL),
       (4559, 320504, '宁阳县', 3205, 5, NULL, 1, 0, NULL),
       (4560, 320505, '东平县', 3205, 5, NULL, 1, 0, NULL),
       (4561, 320506, '新泰市', 3205, 4, NULL, 1, 0, NULL),
       (4562, 320507, '肥城市', 3205, 4, NULL, 1, 0, NULL),
       (4563, 3206, '潍坊市', 32, 4, NULL, 1, 0, NULL),
       (4564, 320602, '潍城区', 3206, 5, NULL, 1, 0, NULL),
       (4565, 320603, '寒亭区', 3206, 5, NULL, 1, 0, NULL),
       (4566, 320604, '坊子区', 3206, 5, NULL, 1, 0, NULL),
       (4567, 320605, '奎文区', 3206, 5, NULL, 1, 0, NULL),
       (4568, 320606, '临朐县', 3206, 5, NULL, 1, 0, NULL),
       (4569, 320607, '昌乐县', 3206, 5, NULL, 1, 0, NULL),
       (4570, 320608, '青州市', 3206, 4, NULL, 1, 0, NULL),
       (4571, 320609, '诸城市', 3206, 4, NULL, 1, 0, NULL),
       (4572, 320610, '寿光市', 3206, 4, NULL, 1, 0, NULL),
       (4573, 320611, '安丘市', 3206, 4, NULL, 1, 0, NULL),
       (4574, 320612, '高密市', 3206, 4, NULL, 1, 0, NULL),
       (4575, 320613, '昌邑市', 3206, 4, NULL, 1, 0, NULL),
       (4576, 320614, '开发区', 3206, 5, NULL, 1, 0, NULL),
       (4577, 3207, '济宁市', 32, 4, NULL, 1, 0, NULL),
       (4578, 320702, '市中区', 3207, 5, NULL, 1, 0, NULL),
       (4579, 320703, '任城区', 3207, 5, NULL, 1, 0, NULL),
       (4580, 320704, '微山县', 3207, 5, NULL, 1, 0, NULL),
       (4581, 320705, '鱼台县', 3207, 5, NULL, 1, 0, NULL),
       (4582, 320706, '金乡县', 3207, 5, NULL, 1, 0, NULL),
       (4583, 320707, '嘉祥县', 3207, 5, NULL, 1, 0, NULL),
       (4584, 320708, '汶上县', 3207, 5, NULL, 1, 0, NULL),
       (4585, 320709, '泗水县', 3207, 5, NULL, 1, 0, NULL),
       (4586, 320710, '梁山县', 3207, 5, NULL, 1, 0, NULL),
       (4587, 320711, '曲阜市', 3207, 4, NULL, 1, 0, NULL),
       (4588, 320712, '兖州市', 3207, 4, NULL, 1, 0, NULL),
       (4589, 320713, '邹城市', 3207, 4, NULL, 1, 0, NULL),
       (4590, 320714, '高新区', 3207, 5, NULL, 1, 0, NULL),
       (4591, 3208, '枣庄市', 32, 4, NULL, 1, 0, NULL),
       (4592, 320802, '市中区', 3208, 5, NULL, 1, 0, NULL),
       (4593, 320803, '薛城区', 3208, 5, NULL, 1, 0, NULL),
       (4594, 320804, '峄城区', 3208, 5, NULL, 1, 0, NULL),
       (4595, 320805, '台儿庄区', 3208, 5, NULL, 1, 0, NULL),
       (4596, 320806, '山亭区', 3208, 5, NULL, 1, 0, NULL),
       (4597, 320807, '滕州市', 3208, 4, NULL, 1, 0, NULL),
       (4598, 320808, '高新区', 3208, 5, NULL, 1, 0, NULL),
       (4599, 3209, '德州市', 32, 4, NULL, 1, 0, NULL),
       (4600, 320902, '德城区', 3209, 5, NULL, 1, 0, NULL),
       (4601, 320903, '陵县', 3209, 5, NULL, 1, 0, NULL),
       (4602, 320904, '宁津县', 3209, 5, NULL, 1, 0, NULL),
       (4603, 320905, '庆云县', 3209, 5, NULL, 1, 0, NULL),
       (4604, 320906, '临邑县', 3209, 5, NULL, 1, 0, NULL),
       (4605, 320907, '齐河县', 3209, 5, NULL, 1, 0, NULL),
       (4606, 320908, '平原县', 3209, 5, NULL, 1, 0, NULL),
       (4607, 320909, '夏津县', 3209, 5, NULL, 1, 0, NULL),
       (4608, 320910, '武城县', 3209, 5, NULL, 1, 0, NULL),
       (4609, 320911, '乐陵市', 3209, 4, NULL, 1, 0, NULL),
       (4610, 320912, '禹城市', 3209, 4, NULL, 1, 0, NULL),
       (4611, 3210, '威海市', 32, 4, NULL, 1, 0, NULL),
       (4612, 321002, '环翠区', 3210, 5, NULL, 1, 0, NULL),
       (4613, 321003, '文登市', 3210, 4, NULL, 1, 0, NULL),
       (4614, 321004, '荣成市', 3210, 4, NULL, 1, 0, NULL),
       (4615, 321005, '乳山市', 3210, 4, NULL, 1, 0, NULL),
       (4616, 321006, '开发区', 3210, 5, NULL, 1, 0, NULL),
       (4617, 3211, '日照市', 32, 4, NULL, 1, 0, NULL),
       (4618, 321102, '东港区', 3211, 5, NULL, 1, 0, NULL),
       (4619, 321103, '岚山区', 3211, 5, NULL, 1, 0, NULL),
       (4620, 321104, '五莲县', 3211, 5, NULL, 1, 0, NULL),
       (4621, 321105, '莒县', 3211, 5, NULL, 1, 0, NULL),
       (4622, 321106, '开发区', 3211, 5, NULL, 1, 0, NULL),
       (4623, 3212, '莱芜市', 32, 4, NULL, 1, 0, NULL),
       (4624, 321202, '莱城区', 3212, 5, NULL, 1, 0, NULL),
       (4625, 321203, '钢城区', 3212, 5, NULL, 1, 0, NULL),
       (4626, 3213, '滨州市', 32, 4, NULL, 1, 0, NULL),
       (4627, 321302, '滨城区', 3213, 5, NULL, 1, 0, NULL),
       (4628, 321303, '惠民县', 3213, 5, NULL, 1, 0, NULL),
       (4629, 321304, '阳信县', 3213, 5, NULL, 1, 0, NULL),
       (4630, 321305, '无棣县', 3213, 5, NULL, 1, 0, NULL),
       (4631, 321306, '沾化县', 3213, 5, NULL, 1, 0, NULL),
       (4632, 321307, '博兴县', 3213, 5, NULL, 1, 0, NULL),
       (4633, 321308, '邹平县', 3213, 5, NULL, 1, 0, NULL),
       (4634, 3214, '东营市', 32, 4, NULL, 1, 0, NULL),
       (4635, 321402, '东营区', 3214, 5, NULL, 1, 0, NULL),
       (4636, 321403, '河口区', 3214, 5, NULL, 1, 0, NULL),
       (4637, 321404, '垦利县', 3214, 5, NULL, 1, 0, NULL),
       (4638, 321405, '利津县', 3214, 5, NULL, 1, 0, NULL),
       (4639, 321406, '广饶县', 3214, 5, NULL, 1, 0, NULL),
       (4640, 321407, '开发区', 3214, 5, NULL, 1, 0, NULL),
       (4641, 3215, '聊城市', 32, 4, NULL, 1, 0, NULL),
       (4642, 321502, '东昌府区', 3215, 5, NULL, 1, 0, NULL),
       (4643, 321503, '阳谷县', 3215, 5, NULL, 1, 0, NULL),
       (4644, 321504, '莘县', 3215, 5, NULL, 1, 0, NULL),
       (4645, 321505, '茌平县', 3215, 5, NULL, 1, 0, NULL),
       (4646, 321506, '东阿县', 3215, 5, NULL, 1, 0, NULL),
       (4647, 321507, '冠县', 3215, 5, NULL, 1, 0, NULL),
       (4648, 321508, '高唐县', 3215, 5, NULL, 1, 0, NULL),
       (4649, 321509, '临清市', 3215, 4, NULL, 1, 0, NULL),
       (4650, 321510, '高新区', 3215, 5, NULL, 1, 0, NULL),
       (4651, 3216, '菏泽市', 32, 4, NULL, 1, 0, NULL),
       (4652, 321602, '牡丹区', 3216, 5, NULL, 1, 0, NULL),
       (4653, 321603, '曹县', 3216, 5, NULL, 1, 0, NULL),
       (4654, 321604, '单县', 3216, 5, NULL, 1, 0, NULL),
       (4655, 321605, '成武县', 3216, 5, NULL, 1, 0, NULL),
       (4656, 321606, '巨野县', 3216, 5, NULL, 1, 0, NULL),
       (4657, 321607, '郓城县', 3216, 5, NULL, 1, 0, NULL),
       (4658, 321608, '鄄城县', 3216, 5, NULL, 1, 0, NULL),
       (4659, 321609, '定陶县', 3216, 5, NULL, 1, 0, NULL),
       (4660, 321610, '东明县', 3216, 5, NULL, 1, 0, NULL),
       (4661, 3217, '临沂市', 32, 4, NULL, 1, 0, NULL),
       (4662, 321702, '兰山区', 3217, 5, NULL, 1, 0, NULL),
       (4663, 321703, '罗庄区', 3217, 5, NULL, 1, 0, NULL),
       (4664, 321704, '河东区', 3217, 5, NULL, 1, 0, NULL),
       (4665, 321705, '沂南县', 3217, 5, NULL, 1, 0, NULL),
       (4666, 321706, '郯城县', 3217, 5, NULL, 1, 0, NULL),
       (4667, 321707, '沂水县', 3217, 5, NULL, 1, 0, NULL),
       (4668, 321708, '苍山县', 3217, 5, NULL, 1, 0, NULL),
       (4669, 321709, '费县', 3217, 5, NULL, 1, 0, NULL),
       (4670, 321710, '平邑县', 3217, 5, NULL, 1, 0, NULL),
       (4671, 321711, '莒南县', 3217, 5, NULL, 1, 0, NULL),
       (4672, 321712, '蒙阴县', 3217, 5, NULL, 1, 0, NULL),
       (4673, 321713, '临沭县', 3217, 5, NULL, 1, 0, NULL),
       (4674, 321714, '开发区', 3217, 5, NULL, 1, 0, NULL),
       (4675, 33, '安徽省', 0, 3, NULL, 1, 0, NULL),
       (4676, 3301, '合肥市', 33, 4, NULL, 1, 0, NULL),
       (4677, 330102, '瑶海区', 3301, 5, NULL, 1, 0, NULL),
       (4678, 330103, '庐阳区', 3301, 5, NULL, 1, 0, NULL),
       (4679, 330104, '蜀山区', 3301, 5, NULL, 1, 0, NULL),
       (4680, 330105, '包河区', 3301, 5, NULL, 1, 0, NULL),
       (4681, 330106, '长丰县', 3301, 5, NULL, 1, 0, NULL),
       (4682, 330107, '肥东县', 3301, 5, NULL, 1, 0, NULL),
       (4683, 330108, '肥西县', 3301, 5, NULL, 1, 0, NULL),
       (4684, 330109, '开发区', 3301, 5, NULL, 1, 0, NULL),
       (4685, 3302, '芜湖市', 33, 4, NULL, 1, 0, NULL),
       (4686, 330202, '镜湖区', 3302, 5, NULL, 1, 0, NULL),
       (4687, 330203, '弋江区', 3302, 5, NULL, 1, 0, NULL),
       (4688, 330204, '鸠江区', 3302, 5, NULL, 1, 0, NULL),
       (4689, 330205, '三山区', 3302, 5, NULL, 1, 0, NULL),
       (4690, 330206, '芜湖县', 3302, 5, NULL, 1, 0, NULL),
       (4691, 330207, '繁昌县', 3302, 5, NULL, 1, 0, NULL),
       (4692, 330208, '南陵县', 3302, 5, NULL, 1, 0, NULL),
       (4693, 330209, '开发区', 3302, 5, NULL, 1, 0, NULL),
       (4694, 3303, '蚌埠市', 33, 4, NULL, 1, 0, NULL),
       (4695, 330302, '龙子湖区', 3303, 5, NULL, 1, 0, NULL),
       (4696, 330303, '蚌山区', 3303, 5, NULL, 1, 0, NULL),
       (4697, 330304, '禹会区', 3303, 5, NULL, 1, 0, NULL),
       (4698, 330305, '淮上区', 3303, 5, NULL, 1, 0, NULL),
       (4699, 330306, '怀远县', 3303, 5, NULL, 1, 0, NULL),
       (4700, 330307, '五河县', 3303, 5, NULL, 1, 0, NULL),
       (4701, 330308, '固镇县', 3303, 5, NULL, 1, 0, NULL),
       (4702, 330309, '高新区', 3303, 5, NULL, 1, 0, NULL),
       (4703, 3304, '马鞍山市', 33, 4, NULL, 1, 0, NULL),
       (4704, 330402, '金家庄区', 3304, 5, NULL, 1, 0, NULL),
       (4705, 330403, '花山区', 3304, 5, NULL, 1, 0, NULL),
       (4706, 330404, '雨山区', 3304, 5, NULL, 1, 0, NULL),
       (4707, 330405, '当涂县', 3304, 5, NULL, 1, 0, NULL),
       (4708, 330406, '开发区', 3304, 5, NULL, 1, 0, NULL),
       (4709, 3305, '淮北市', 33, 4, NULL, 1, 0, NULL),
       (4710, 330502, '杜集区', 3305, 5, NULL, 1, 0, NULL),
       (4711, 330503, '相山区', 3305, 5, NULL, 1, 0, NULL),
       (4712, 330504, '烈山区', 3305, 5, NULL, 1, 0, NULL),
       (4713, 330505, '濉溪县', 3305, 5, NULL, 1, 0, NULL),
       (4714, 3306, '铜陵市', 33, 4, NULL, 1, 0, NULL),
       (4715, 330602, '铜官山区', 3306, 5, NULL, 1, 0, NULL),
       (4716, 330603, '狮子山区', 3306, 5, NULL, 1, 0, NULL),
       (4717, 330604, '郊区', 3306, 5, NULL, 1, 0, NULL),
       (4718, 330605, '铜陵县', 3306, 5, NULL, 1, 0, NULL),
       (4719, 330606, '开发区', 3306, 5, NULL, 1, 0, NULL),
       (4720, 3307, '安庆市', 33, 4, NULL, 1, 0, NULL),
       (4721, 330702, '迎江区', 3307, 5, NULL, 1, 0, NULL),
       (4722, 330703, '大观区', 3307, 5, NULL, 1, 0, NULL),
       (4723, 330704, '宜秀区', 3307, 5, NULL, 1, 0, NULL),
       (4724, 330705, '怀宁县', 3307, 5, NULL, 1, 0, NULL),
       (4725, 330706, '枞阳县', 3307, 5, NULL, 1, 0, NULL),
       (4726, 330707, '潜山县', 3307, 5, NULL, 1, 0, NULL),
       (4727, 330708, '太湖县', 3307, 5, NULL, 1, 0, NULL),
       (4728, 330709, '宿松县', 3307, 5, NULL, 1, 0, NULL),
       (4729, 330710, '望江县', 3307, 5, NULL, 1, 0, NULL),
       (4730, 330711, '岳西县', 3307, 5, NULL, 1, 0, NULL),
       (4731, 330712, '桐城市', 3307, 4, NULL, 1, 0, NULL),
       (4732, 330713, '开发区', 3307, 5, NULL, 1, 0, NULL),
       (4733, 3308, '黄山市', 33, 4, NULL, 1, 0, NULL),
       (4734, 330802, '屯溪区', 3308, 5, NULL, 1, 0, NULL),
       (4735, 330803, '黄山区', 3308, 5, NULL, 1, 0, NULL),
       (4736, 330804, '徽州区', 3308, 5, NULL, 1, 0, NULL),
       (4737, 330805, '歙县', 3308, 5, NULL, 1, 0, NULL),
       (4738, 330806, '休宁县', 3308, 5, NULL, 1, 0, NULL),
       (4739, 330807, '黟县', 3308, 5, NULL, 1, 0, NULL),
       (4740, 330808, '祁门县', 3308, 5, NULL, 1, 0, NULL),
       (4741, 3309, '滁州市', 33, 4, NULL, 1, 0, NULL),
       (4742, 330902, '琅琊区', 3309, 5, NULL, 1, 0, NULL),
       (4743, 330903, '南谯区', 3309, 5, NULL, 1, 0, NULL),
       (4744, 330904, '来安县', 3309, 5, NULL, 1, 0, NULL),
       (4745, 330905, '全椒县', 3309, 5, NULL, 1, 0, NULL),
       (4746, 330906, '定远县', 3309, 5, NULL, 1, 0, NULL),
       (4747, 330907, '凤阳县', 3309, 5, NULL, 1, 0, NULL),
       (4748, 330908, '天长市', 3309, 4, NULL, 1, 0, NULL),
       (4749, 330909, '明光市', 3309, 4, NULL, 1, 0, NULL),
       (4750, 3310, '宿州市', 33, 4, NULL, 1, 0, NULL),
       (4751, 331002, '埇桥区', 3310, 5, NULL, 1, 0, NULL),
       (4752, 331003, '砀山县', 3310, 5, NULL, 1, 0, NULL),
       (4753, 331004, '萧县', 3310, 5, NULL, 1, 0, NULL),
       (4754, 331005, '灵璧县', 3310, 5, NULL, 1, 0, NULL),
       (4755, 331006, '泗县', 3310, 5, NULL, 1, 0, NULL),
       (4756, 3311, '池州市', 33, 4, NULL, 1, 0, NULL),
       (4757, 331102, '贵池区', 3311, 5, NULL, 1, 0, NULL),
       (4758, 331103, '东至县', 3311, 5, NULL, 1, 0, NULL),
       (4759, 331104, '石台县', 3311, 5, NULL, 1, 0, NULL),
       (4760, 331105, '青阳县', 3311, 5, NULL, 1, 0, NULL),
       (4761, 3312, '淮南市', 33, 4, NULL, 1, 0, NULL),
       (4762, 331202, '大通区', 3312, 5, NULL, 1, 0, NULL),
       (4763, 331203, '田家庵区', 3312, 5, NULL, 1, 0, NULL),
       (4764, 331204, '谢家集区', 3312, 5, NULL, 1, 0, NULL),
       (4765, 331205, '八公山区', 3312, 5, NULL, 1, 0, NULL),
       (4766, 331206, '潘集区', 3312, 5, NULL, 1, 0, NULL),
       (4767, 331207, '凤台县', 3312, 5, NULL, 1, 0, NULL),
       (4768, 3313, '巢湖市', 33, 4, NULL, 1, 0, NULL),
       (4769, 331302, '居巢区', 3313, 5, NULL, 1, 0, NULL),
       (4770, 331303, '庐江县', 3313, 5, NULL, 1, 0, NULL),
       (4771, 331304, '无为县', 3313, 5, NULL, 1, 0, NULL),
       (4772, 331305, '含山县', 3313, 5, NULL, 1, 0, NULL),
       (4773, 331306, '和县', 3313, 5, NULL, 1, 0, NULL),
       (4774, 3314, '阜阳市', 33, 4, NULL, 1, 0, NULL),
       (4775, 331402, '颍州区', 3314, 5, NULL, 1, 0, NULL),
       (4776, 331403, '颍东区', 3314, 5, NULL, 1, 0, NULL),
       (4777, 331404, '颍泉区', 3314, 5, NULL, 1, 0, NULL),
       (4778, 331405, '临泉县', 3314, 5, NULL, 1, 0, NULL),
       (4779, 331406, '太和县', 3314, 5, NULL, 1, 0, NULL),
       (4780, 331407, '阜南县', 3314, 5, NULL, 1, 0, NULL),
       (4781, 331408, '颍上县', 3314, 5, NULL, 1, 0, NULL),
       (4782, 331409, '界首市', 3314, 4, NULL, 1, 0, NULL),
       (4783, 3315, '六安市', 33, 4, NULL, 1, 0, NULL),
       (4784, 331502, '金安区', 3315, 5, NULL, 1, 0, NULL),
       (4785, 331503, '裕安区', 3315, 5, NULL, 1, 0, NULL),
       (4786, 331504, '寿县', 3315, 5, NULL, 1, 0, NULL),
       (4787, 331505, '霍邱县', 3315, 5, NULL, 1, 0, NULL),
       (4788, 331506, '舒城县', 3315, 5, NULL, 1, 0, NULL),
       (4789, 331507, '金寨县', 3315, 5, NULL, 1, 0, NULL),
       (4790, 331508, '霍山县', 3315, 5, NULL, 1, 0, NULL),
       (4791, 3316, '宣城市', 33, 4, NULL, 1, 0, NULL),
       (4792, 331602, '宣州区', 3316, 5, NULL, 1, 0, NULL),
       (4793, 331603, '郎溪县', 3316, 5, NULL, 1, 0, NULL),
       (4794, 331604, '广德县', 3316, 5, NULL, 1, 0, NULL),
       (4795, 331605, '泾县', 3316, 5, NULL, 1, 0, NULL),
       (4796, 331606, '绩溪县', 3316, 5, NULL, 1, 0, NULL),
       (4797, 331607, '旌德县', 3316, 5, NULL, 1, 0, NULL),
       (4798, 331608, '宁国市', 3316, 4, NULL, 1, 0, NULL),
       (4799, 3317, '亳州市', 33, 4, NULL, 1, 0, NULL),
       (4800, 331702, '谯城区', 3317, 5, NULL, 1, 0, NULL),
       (4801, 331703, '涡阳县', 3317, 5, NULL, 1, 0, NULL),
       (4802, 331704, '蒙城县', 3317, 5, NULL, 1, 0, NULL),
       (4803, 331705, '利辛县', 3317, 5, NULL, 1, 0, NULL),
       (4804, 34, '福建省', 0, 3, NULL, 1, 0, NULL),
       (4805, 3401, '福州市', 34, 4, NULL, 1, 0, NULL),
       (4806, 340102, '鼓楼区', 3401, 5, NULL, 1, 0, NULL),
       (4807, 340103, '台江区', 3401, 5, NULL, 1, 0, NULL),
       (4808, 340104, '仓山区', 3401, 5, NULL, 1, 0, NULL),
       (4809, 340105, '马尾区', 3401, 5, NULL, 1, 0, NULL),
       (4810, 340106, '晋安区', 3401, 5, NULL, 1, 0, NULL),
       (4811, 340107, '闽侯县', 3401, 5, NULL, 1, 0, NULL),
       (4812, 340108, '连江县', 3401, 5, NULL, 1, 0, NULL),
       (4813, 340109, '罗源县', 3401, 5, NULL, 1, 0, NULL),
       (4814, 340110, '闽清县', 3401, 5, NULL, 1, 0, NULL),
       (4815, 340111, '永泰县', 3401, 5, NULL, 1, 0, NULL),
       (4816, 340112, '平潭县', 3401, 5, NULL, 1, 0, NULL),
       (4817, 340113, '福清市', 3401, 4, NULL, 1, 0, NULL),
       (4818, 340114, '长乐市', 3401, 4, NULL, 1, 0, NULL),
       (4819, 340115, '开发区', 3401, 5, NULL, 1, 0, NULL),
       (4820, 3402, '厦门市', 34, 4, NULL, 1, 0, NULL),
       (4821, 340202, '思明区', 3402, 5, NULL, 1, 0, NULL),
       (4822, 340203, '海沧区', 3402, 5, NULL, 1, 0, NULL),
       (4823, 340204, '湖里区', 3402, 5, NULL, 1, 0, NULL),
       (4824, 340205, '集美区', 3402, 5, NULL, 1, 0, NULL),
       (4825, 340206, '同安区', 3402, 5, NULL, 1, 0, NULL),
       (4826, 340207, '翔安区', 3402, 5, NULL, 1, 0, NULL),
       (4827, 340208, '开发区', 3402, 5, NULL, 1, 0, NULL),
       (4828, 3403, '漳州市', 34, 4, NULL, 1, 0, NULL),
       (4829, 340302, '芗城区', 3403, 5, NULL, 1, 0, NULL),
       (4830, 340303, '龙文区', 3403, 5, NULL, 1, 0, NULL),
       (4831, 340304, '云霄县', 3403, 5, NULL, 1, 0, NULL),
       (4832, 340305, '漳浦县', 3403, 5, NULL, 1, 0, NULL),
       (4833, 340306, '诏安县', 3403, 5, NULL, 1, 0, NULL),
       (4834, 340307, '长泰县', 3403, 5, NULL, 1, 0, NULL),
       (4835, 340308, '东山县', 3403, 5, NULL, 1, 0, NULL),
       (4836, 340309, '南靖县', 3403, 5, NULL, 1, 0, NULL),
       (4837, 340310, '平和县', 3403, 5, NULL, 1, 0, NULL),
       (4838, 340311, '华安县', 3403, 5, NULL, 1, 0, NULL),
       (4839, 340312, '龙海市', 3403, 4, NULL, 1, 0, NULL),
       (4840, 340313, '开发区', 3403, 5, NULL, 1, 0, NULL),
       (4841, 3404, '泉州市', 34, 4, NULL, 1, 0, NULL),
       (4842, 340402, '鲤城区', 3404, 5, NULL, 1, 0, NULL),
       (4843, 340403, '丰泽区', 3404, 5, NULL, 1, 0, NULL),
       (4844, 340404, '洛江区', 3404, 5, NULL, 1, 0, NULL),
       (4845, 340405, '泉港区', 3404, 5, NULL, 1, 0, NULL),
       (4846, 340406, '惠安县', 3404, 5, NULL, 1, 0, NULL),
       (4847, 340407, '安溪县', 3404, 5, NULL, 1, 0, NULL),
       (4848, 340408, '永春县', 3404, 5, NULL, 1, 0, NULL),
       (4849, 340409, '德化县', 3404, 5, NULL, 1, 0, NULL),
       (4850, 340410, '金门县', 3404, 5, NULL, 1, 0, NULL),
       (4851, 340411, '石狮市', 3404, 4, NULL, 1, 0, NULL),
       (4852, 340412, '晋江市', 3404, 4, NULL, 1, 0, NULL),
       (4853, 340413, '南安市', 3404, 4, NULL, 1, 0, NULL),
       (4854, 340414, '开发区', 3404, 5, NULL, 1, 0, NULL),
       (4855, 3405, '莆田市', 34, 4, NULL, 1, 0, NULL),
       (4856, 340502, '城厢区', 3405, 5, NULL, 1, 0, NULL),
       (4857, 340503, '涵江区', 3405, 5, NULL, 1, 0, NULL),
       (4858, 340504, '荔城区', 3405, 5, NULL, 1, 0, NULL),
       (4859, 340505, '秀屿区', 3405, 5, NULL, 1, 0, NULL),
       (4860, 340506, '仙游县', 3405, 5, NULL, 1, 0, NULL),
       (4861, 3406, '三明市', 34, 4, NULL, 1, 0, NULL),
       (4862, 340602, '梅列区', 3406, 5, NULL, 1, 0, NULL),
       (4863, 340603, '三元区', 3406, 5, NULL, 1, 0, NULL),
       (4864, 340604, '明溪县', 3406, 5, NULL, 1, 0, NULL),
       (4865, 340605, '清流县', 3406, 5, NULL, 1, 0, NULL),
       (4866, 340606, '宁化县', 3406, 5, NULL, 1, 0, NULL),
       (4867, 340607, '大田县', 3406, 5, NULL, 1, 0, NULL),
       (4868, 340608, '尤溪县', 3406, 5, NULL, 1, 0, NULL),
       (4869, 340609, '沙县', 3406, 5, NULL, 1, 0, NULL),
       (4870, 340610, '将乐县', 3406, 5, NULL, 1, 0, NULL),
       (4871, 340611, '泰宁县', 3406, 5, NULL, 1, 0, NULL),
       (4872, 340612, '建宁县', 3406, 5, NULL, 1, 0, NULL),
       (4873, 340613, '永安市', 3406, 4, NULL, 1, 0, NULL),
       (4874, 3407, '南平市', 34, 4, NULL, 1, 0, NULL),
       (4875, 340702, '延平区', 3407, 5, NULL, 1, 0, NULL),
       (4876, 340703, '顺昌县', 3407, 5, NULL, 1, 0, NULL),
       (4877, 340704, '浦城县', 3407, 5, NULL, 1, 0, NULL),
       (4878, 340705, '光泽县', 3407, 5, NULL, 1, 0, NULL),
       (4879, 340706, '松溪县', 3407, 5, NULL, 1, 0, NULL),
       (4880, 340707, '政和县', 3407, 5, NULL, 1, 0, NULL),
       (4881, 340708, '邵武市', 3407, 4, NULL, 1, 0, NULL),
       (4882, 340709, '武夷山市', 3407, 4, NULL, 1, 0, NULL),
       (4883, 340710, '建瓯市', 3407, 4, NULL, 1, 0, NULL),
       (4884, 340711, '建阳市', 3407, 4, NULL, 1, 0, NULL),
       (4885, 3408, '龙岩市', 34, 4, NULL, 1, 0, NULL),
       (4886, 340802, '新罗区', 3408, 5, NULL, 1, 0, NULL),
       (4887, 340803, '长汀县', 3408, 5, NULL, 1, 0, NULL),
       (4888, 340804, '永定县', 3408, 5, NULL, 1, 0, NULL),
       (4889, 340805, '上杭县', 3408, 5, NULL, 1, 0, NULL),
       (4890, 340806, '武平县', 3408, 5, NULL, 1, 0, NULL),
       (4891, 340807, '连城县', 3408, 5, NULL, 1, 0, NULL),
       (4892, 340808, '漳平市', 3408, 4, NULL, 1, 0, NULL),
       (4893, 3409, '宁德市', 34, 4, NULL, 1, 0, NULL),
       (4894, 340902, '蕉城区', 3409, 5, NULL, 1, 0, NULL),
       (4895, 340903, '霞浦县', 3409, 5, NULL, 1, 0, NULL),
       (4896, 340904, '古田县', 3409, 5, NULL, 1, 0, NULL),
       (4897, 340905, '屏南县', 3409, 5, NULL, 1, 0, NULL),
       (4898, 340906, '寿宁县', 3409, 5, NULL, 1, 0, NULL),
       (4899, 340907, '周宁县', 3409, 5, NULL, 1, 0, NULL),
       (4900, 340908, '柘荣县', 3409, 5, NULL, 1, 0, NULL),
       (4901, 340909, '福安市', 3409, 4, NULL, 1, 0, NULL),
       (4902, 340910, '福鼎市', 3409, 4, NULL, 1, 0, NULL),
       (4903, 35, '浙江省', 0, 3, NULL, 1, 0, NULL),
       (4904, 3501, '杭州市', 35, 4, NULL, 1, 0, NULL),
       (4905, 350102, '上城区', 3501, 5, NULL, 1, 0, NULL),
       (4906, 350103, '下城区', 3501, 5, NULL, 1, 0, NULL),
       (4907, 350104, '江干区', 3501, 5, NULL, 1, 0, NULL),
       (4908, 350105, '拱墅区', 3501, 5, NULL, 1, 0, NULL),
       (4909, 350106, '西湖区', 3501, 5, NULL, 1, 0, NULL),
       (4910, 350107, '滨江区', 3501, 5, NULL, 1, 0, NULL),
       (4911, 350108, '萧山区', 3501, 5, NULL, 1, 0, NULL),
       (4912, 350109, '余杭区', 3501, 5, NULL, 1, 0, NULL),
       (4913, 350110, '桐庐县', 3501, 5, NULL, 1, 0, NULL),
       (4914, 350111, '淳安县', 3501, 5, NULL, 1, 0, NULL),
       (4915, 350112, '建德市', 3501, 4, NULL, 1, 0, NULL),
       (4916, 350113, '富阳市', 3501, 4, NULL, 1, 0, NULL),
       (4917, 350114, '临安市', 3501, 4, NULL, 1, 0, NULL),
       (4918, 350115, '开发区', 3501, 5, NULL, 1, 0, NULL),
       (4919, 3502, '宁波市', 35, 4, NULL, 1, 0, NULL),
       (4920, 350202, '海曙区', 3502, 5, NULL, 1, 0, NULL),
       (4921, 350203, '江东区', 3502, 5, NULL, 1, 0, NULL),
       (4922, 350204, '江北区', 3502, 5, NULL, 1, 0, NULL),
       (4923, 350205, '北仑区', 3502, 5, NULL, 1, 0, NULL),
       (4924, 350206, '镇海区', 3502, 5, NULL, 1, 0, NULL),
       (4925, 350207, '鄞州区', 3502, 5, NULL, 1, 0, NULL),
       (4926, 350208, '象山县', 3502, 5, NULL, 1, 0, NULL),
       (4927, 350209, '宁海县', 3502, 5, NULL, 1, 0, NULL),
       (4928, 350210, '余姚市', 3502, 4, NULL, 1, 0, NULL),
       (4929, 350211, '慈溪市', 3502, 4, NULL, 1, 0, NULL),
       (4930, 350212, '奉化市', 3502, 4, NULL, 1, 0, NULL),
       (4931, 350213, '开发区', 3502, 5, NULL, 1, 0, NULL),
       (4932, 3503, '温州市', 35, 4, NULL, 1, 0, NULL),
       (4933, 350302, '鹿城区', 3503, 5, NULL, 1, 0, NULL),
       (4934, 350303, '龙湾区', 3503, 5, NULL, 1, 0, NULL),
       (4935, 350304, '瓯海区', 3503, 5, NULL, 1, 0, NULL),
       (4936, 350305, '洞头县', 3503, 5, NULL, 1, 0, NULL),
       (4937, 350306, '永嘉县', 3503, 5, NULL, 1, 0, NULL),
       (4938, 350307, '平阳县', 3503, 5, NULL, 1, 0, NULL),
       (4939, 350308, '苍南县', 3503, 5, NULL, 1, 0, NULL),
       (4940, 350309, '文成县', 3503, 5, NULL, 1, 0, NULL),
       (4941, 350310, '泰顺县', 3503, 5, NULL, 1, 0, NULL),
       (4942, 350311, '瑞安市', 3503, 4, NULL, 1, 0, NULL),
       (4943, 350312, '乐清市', 3503, 4, NULL, 1, 0, NULL),
       (4944, 350313, '开发区', 3503, 5, NULL, 1, 0, NULL),
       (4945, 3504, '嘉兴市', 35, 4, NULL, 1, 0, NULL),
       (4946, 350402, '南湖区', 3504, 5, NULL, 1, 0, NULL),
       (4947, 350403, '秀洲区', 3504, 5, NULL, 1, 0, NULL),
       (4948, 350404, '嘉善县', 3504, 5, NULL, 1, 0, NULL),
       (4949, 350405, '海盐县', 3504, 5, NULL, 1, 0, NULL),
       (4950, 350406, '海宁市', 3504, 4, NULL, 1, 0, NULL),
       (4951, 350407, '平湖市', 3504, 4, NULL, 1, 0, NULL),
       (4952, 350408, '桐乡市', 3504, 4, NULL, 1, 0, NULL),
       (4953, 350409, '开发区', 3504, 5, NULL, 1, 0, NULL),
       (4954, 3505, '湖州市', 35, 4, NULL, 1, 0, NULL),
       (4955, 350502, '吴兴区', 3505, 5, NULL, 1, 0, NULL),
       (4956, 350503, '南浔区', 3505, 5, NULL, 1, 0, NULL),
       (4957, 350504, '德清县', 3505, 5, NULL, 1, 0, NULL),
       (4958, 350505, '长兴县', 3505, 5, NULL, 1, 0, NULL),
       (4959, 350506, '安吉县', 3505, 5, NULL, 1, 0, NULL),
       (4960, 350507, '开发区', 3505, 5, NULL, 1, 0, NULL),
       (4961, 3506, '绍兴市', 35, 4, NULL, 1, 0, NULL),
       (4962, 350602, '越城区', 3506, 5, NULL, 1, 0, NULL),
       (4963, 350603, '绍兴县', 3506, 5, NULL, 1, 0, NULL),
       (4964, 350604, '新昌县', 3506, 5, NULL, 1, 0, NULL),
       (4965, 350605, '诸暨市', 3506, 4, NULL, 1, 0, NULL),
       (4966, 350606, '上虞市', 3506, 4, NULL, 1, 0, NULL),
       (4967, 350607, '嵊州市', 3506, 4, NULL, 1, 0, NULL),
       (4968, 350608, '开发区', 3506, 5, NULL, 1, 0, NULL),
       (4969, 3507, '金华市', 35, 4, NULL, 1, 0, NULL),
       (4970, 350702, '婺城区', 3507, 5, NULL, 1, 0, NULL),
       (4971, 350703, '金东区', 3507, 5, NULL, 1, 0, NULL),
       (4972, 350704, '武义县', 3507, 5, NULL, 1, 0, NULL),
       (4973, 350705, '浦江县', 3507, 5, NULL, 1, 0, NULL),
       (4974, 350706, '磐安县', 3507, 5, NULL, 1, 0, NULL),
       (4975, 350707, '兰溪市', 3507, 4, NULL, 1, 0, NULL),
       (4976, 350708, '义乌市', 3507, 4, NULL, 1, 0, NULL),
       (4977, 350709, '东阳市', 3507, 4, NULL, 1, 0, NULL),
       (4978, 350710, '永康市', 3507, 4, NULL, 1, 0, NULL),
       (4979, 350711, '开发区', 3507, 5, NULL, 1, 0, NULL),
       (4980, 3508, '衢州市', 35, 4, NULL, 1, 0, NULL),
       (4981, 350802, '柯城区', 3508, 5, NULL, 1, 0, NULL),
       (4982, 350803, '衢江区', 3508, 5, NULL, 1, 0, NULL),
       (4983, 350804, '常山县', 3508, 5, NULL, 1, 0, NULL),
       (4984, 350805, '开化县', 3508, 5, NULL, 1, 0, NULL),
       (4985, 350806, '龙游县', 3508, 5, NULL, 1, 0, NULL),
       (4986, 350807, '江山市', 3508, 4, NULL, 1, 0, NULL),
       (4987, 3509, '舟山市', 35, 4, NULL, 1, 0, NULL),
       (4988, 350902, '定海区', 3509, 5, NULL, 1, 0, NULL),
       (4989, 350903, '普陀区', 3509, 5, NULL, 1, 0, NULL),
       (4990, 350904, '岱山县', 3509, 5, NULL, 1, 0, NULL),
       (4991, 350905, '嵊泗县', 3509, 5, NULL, 1, 0, NULL),
       (4992, 3510, '台州市', 35, 4, NULL, 1, 0, NULL),
       (4993, 351002, '椒江区', 3510, 5, NULL, 1, 0, NULL),
       (4994, 351003, '黄岩区', 3510, 5, NULL, 1, 0, NULL),
       (4995, 351004, '路桥区', 3510, 5, NULL, 1, 0, NULL),
       (4996, 351005, '玉环县', 3510, 5, NULL, 1, 0, NULL),
       (4997, 351006, '三门县', 3510, 5, NULL, 1, 0, NULL),
       (4998, 351007, '天台县', 3510, 5, NULL, 1, 0, NULL),
       (4999, 351008, '仙居县', 3510, 5, NULL, 1, 0, NULL),
       (5000, 351009, '温岭市', 3510, 4, NULL, 1, 0, NULL),
       (5001, 351010, '临海市', 3510, 4, NULL, 1, 0, NULL),
       (5002, 3511, '丽水市', 35, 4, NULL, 1, 0, NULL),
       (5003, 351102, '莲都区', 3511, 5, NULL, 1, 0, NULL),
       (5004, 351103, '青田县', 3511, 5, NULL, 1, 0, NULL),
       (5005, 351104, '缙云县', 3511, 5, NULL, 1, 0, NULL),
       (5006, 351105, '遂昌县', 3511, 5, NULL, 1, 0, NULL),
       (5007, 351106, '松阳县', 3511, 5, NULL, 1, 0, NULL),
       (5008, 351107, '云和县', 3511, 5, NULL, 1, 0, NULL),
       (5009, 351108, '庆元县', 3511, 5, NULL, 1, 0, NULL),
       (5010, 351109, '景宁县', 3511, 5, NULL, 1, 0, NULL),
       (5011, 351110, '龙泉市', 3511, 4, NULL, 1, 0, NULL),
       (5012, 36, '江西省', 0, 3, NULL, 1, 0, NULL),
       (5013, 3601, '南昌市', 36, 4, NULL, 1, 0, NULL),
       (5014, 360102, '东湖区', 3601, 5, NULL, 1, 0, NULL),
       (5015, 360103, '西湖区', 3601, 5, NULL, 1, 0, NULL),
       (5016, 360104, '青云谱区', 3601, 5, NULL, 1, 0, NULL),
       (5017, 360105, '湾里区', 3601, 5, NULL, 1, 0, NULL),
       (5018, 360106, '青山湖区', 3601, 5, NULL, 1, 0, NULL),
       (5019, 360107, '南昌县', 3601, 5, NULL, 1, 0, NULL),
       (5020, 360108, '新建县', 3601, 5, NULL, 1, 0, NULL),
       (5021, 360109, '安义县', 3601, 5, NULL, 1, 0, NULL),
       (5022, 360110, '进贤县', 3601, 5, NULL, 1, 0, NULL),
       (5023, 360111, '开发区', 3601, 5, NULL, 1, 0, NULL),
       (5024, 3602, '景德镇市', 36, 4, NULL, 1, 0, NULL),
       (5025, 360202, '昌江区', 3602, 5, NULL, 1, 0, NULL),
       (5026, 360203, '珠山区', 3602, 5, NULL, 1, 0, NULL),
       (5027, 360204, '浮梁县', 3602, 5, NULL, 1, 0, NULL),
       (5028, 360205, '乐平市', 3602, 4, NULL, 1, 0, NULL),
       (5029, 360206, '高新区', 3602, 5, NULL, 1, 0, NULL),
       (5030, 3603, '萍乡市', 36, 4, NULL, 1, 0, NULL),
       (5031, 360302, '安源区', 3603, 5, NULL, 1, 0, NULL),
       (5032, 360303, '湘东区', 3603, 5, NULL, 1, 0, NULL),
       (5033, 360304, '莲花县', 3603, 5, NULL, 1, 0, NULL),
       (5034, 360305, '上栗县', 3603, 5, NULL, 1, 0, NULL),
       (5035, 360306, '芦溪县', 3603, 5, NULL, 1, 0, NULL),
       (5036, 360307, '开发区', 3603, 5, NULL, 1, 0, NULL),
       (5037, 3604, '九江市', 36, 4, NULL, 1, 0, NULL),
       (5038, 360402, '庐山区', 3604, 5, NULL, 1, 0, NULL),
       (5039, 360403, '浔阳区', 3604, 5, NULL, 1, 0, NULL),
       (5040, 360404, '九江县', 3604, 5, NULL, 1, 0, NULL),
       (5041, 360405, '武宁县', 3604, 5, NULL, 1, 0, NULL),
       (5042, 360406, '修水县', 3604, 5, NULL, 1, 0, NULL),
       (5043, 360407, '永修县', 3604, 5, NULL, 1, 0, NULL),
       (5044, 360408, '德安县', 3604, 5, NULL, 1, 0, NULL),
       (5045, 360409, '星子县', 3604, 5, NULL, 1, 0, NULL),
       (5046, 360410, '都昌县', 3604, 5, NULL, 1, 0, NULL),
       (5047, 360411, '湖口县', 3604, 5, NULL, 1, 0, NULL),
       (5048, 360412, '彭泽县', 3604, 5, NULL, 1, 0, NULL),
       (5049, 360413, '瑞昌市', 3604, 4, NULL, 1, 0, NULL),
       (5050, 360414, '开发区', 3604, 5, NULL, 1, 0, NULL),
       (5051, 3605, '新余市', 36, 4, NULL, 1, 0, NULL),
       (5052, 360502, '渝水区', 3605, 5, NULL, 1, 0, NULL),
       (5053, 360503, '分宜县', 3605, 5, NULL, 1, 0, NULL),
       (5054, 360504, '高新区', 3605, 5, NULL, 1, 0, NULL),
       (5055, 3606, '鹰潭市', 36, 4, NULL, 1, 0, NULL),
       (5056, 360602, '月湖区', 3606, 5, NULL, 1, 0, NULL),
       (5057, 360603, '余江县', 3606, 5, NULL, 1, 0, NULL),
       (5058, 360604, '贵溪市', 3606, 4, NULL, 1, 0, NULL),
       (5059, 3607, '赣州市', 36, 4, NULL, 1, 0, NULL),
       (5060, 360702, '章贡区', 3607, 5, NULL, 1, 0, NULL),
       (5061, 360703, '赣县', 3607, 5, NULL, 1, 0, NULL),
       (5062, 360704, '信丰县', 3607, 5, NULL, 1, 0, NULL),
       (5063, 360705, '大余县', 3607, 5, NULL, 1, 0, NULL),
       (5064, 360706, '上犹县', 3607, 5, NULL, 1, 0, NULL),
       (5065, 360707, '崇义县', 3607, 5, NULL, 1, 0, NULL),
       (5066, 360708, '安远县', 3607, 5, NULL, 1, 0, NULL),
       (5067, 360709, '龙南县', 3607, 5, NULL, 1, 0, NULL),
       (5068, 360710, '定南县', 3607, 5, NULL, 1, 0, NULL),
       (5069, 360711, '全南县', 3607, 5, NULL, 1, 0, NULL),
       (5070, 360712, '宁都县', 3607, 5, NULL, 1, 0, NULL),
       (5071, 360713, '于都县', 3607, 5, NULL, 1, 0, NULL),
       (5072, 360714, '兴国县', 3607, 5, NULL, 1, 0, NULL),
       (5073, 360715, '会昌县', 3607, 5, NULL, 1, 0, NULL),
       (5074, 360716, '寻乌县', 3607, 5, NULL, 1, 0, NULL),
       (5075, 360717, '石城县', 3607, 5, NULL, 1, 0, NULL),
       (5076, 360718, '瑞金市', 3607, 4, NULL, 1, 0, NULL),
       (5077, 360719, '南康市', 3607, 4, NULL, 1, 0, NULL),
       (5078, 360720, '开发区', 3607, 5, NULL, 1, 0, NULL),
       (5079, 3608, '吉安市', 36, 4, NULL, 1, 0, NULL),
       (5080, 360802, '吉州区', 3608, 5, NULL, 1, 0, NULL),
       (5081, 360803, '青原区', 3608, 5, NULL, 1, 0, NULL),
       (5082, 360804, '吉安县', 3608, 5, NULL, 1, 0, NULL),
       (5083, 360805, '吉水县', 3608, 5, NULL, 1, 0, NULL),
       (5084, 360806, '峡江县', 3608, 5, NULL, 1, 0, NULL),
       (5085, 360807, '新干县', 3608, 5, NULL, 1, 0, NULL),
       (5086, 360808, '永丰县', 3608, 5, NULL, 1, 0, NULL),
       (5087, 360809, '泰和县', 3608, 5, NULL, 1, 0, NULL),
       (5088, 360810, '遂川县', 3608, 5, NULL, 1, 0, NULL),
       (5089, 360811, '万安县', 3608, 5, NULL, 1, 0, NULL),
       (5090, 360812, '安福县', 3608, 5, NULL, 1, 0, NULL),
       (5091, 360813, '永新县', 3608, 5, NULL, 1, 0, NULL),
       (5092, 360814, '井冈山市', 3608, 4, NULL, 1, 0, NULL),
       (5093, 3609, '宜春市', 36, 4, NULL, 1, 0, NULL),
       (5094, 360902, '袁州区', 3609, 5, NULL, 1, 0, NULL),
       (5095, 360903, '奉新县', 3609, 5, NULL, 1, 0, NULL),
       (5096, 360904, '万载县', 3609, 5, NULL, 1, 0, NULL),
       (5097, 360905, '上高县', 3609, 5, NULL, 1, 0, NULL),
       (5098, 360906, '宜丰县', 3609, 5, NULL, 1, 0, NULL),
       (5099, 360907, '靖安县', 3609, 5, NULL, 1, 0, NULL),
       (5100, 360908, '铜鼓县', 3609, 5, NULL, 1, 0, NULL),
       (5101, 360909, '丰城市', 3609, 4, NULL, 1, 0, NULL),
       (5102, 360910, '樟树市', 3609, 4, NULL, 1, 0, NULL),
       (5103, 360911, '高安市', 3609, 4, NULL, 1, 0, NULL),
       (5104, 3610, '抚州市', 36, 4, NULL, 1, 0, NULL),
       (5105, 361002, '临川区', 3610, 5, NULL, 1, 0, NULL),
       (5106, 361003, '南城县', 3610, 5, NULL, 1, 0, NULL),
       (5107, 361004, '黎川县', 3610, 5, NULL, 1, 0, NULL),
       (5108, 361005, '南丰县', 3610, 5, NULL, 1, 0, NULL),
       (5109, 361006, '崇仁县', 3610, 5, NULL, 1, 0, NULL),
       (5110, 361007, '乐安县', 3610, 5, NULL, 1, 0, NULL),
       (5111, 361008, '宜黄县', 3610, 5, NULL, 1, 0, NULL),
       (5112, 361009, '金溪县', 3610, 5, NULL, 1, 0, NULL),
       (5113, 361010, '资溪县', 3610, 5, NULL, 1, 0, NULL),
       (5114, 361011, '东乡县', 3610, 5, NULL, 1, 0, NULL),
       (5115, 361012, '广昌县', 3610, 5, NULL, 1, 0, NULL),
       (5116, 3611, '上饶市', 36, 4, NULL, 1, 0, NULL),
       (5117, 361102, '信州区', 3611, 5, NULL, 1, 0, NULL),
       (5118, 361103, '上饶县', 3611, 5, NULL, 1, 0, NULL),
       (5119, 361104, '广丰县', 3611, 5, NULL, 1, 0, NULL),
       (5120, 361105, '玉山县', 3611, 5, NULL, 1, 0, NULL),
       (5121, 361106, '铅山县', 3611, 5, NULL, 1, 0, NULL),
       (5122, 361107, '横峰县', 3611, 5, NULL, 1, 0, NULL),
       (5123, 361108, '弋阳县', 3611, 5, NULL, 1, 0, NULL),
       (5124, 361109, '余干县', 3611, 5, NULL, 1, 0, NULL),
       (5125, 361110, '鄱阳县', 3611, 5, NULL, 1, 0, NULL),
       (5126, 361111, '万年县', 3611, 5, NULL, 1, 0, NULL),
       (5127, 361112, '婺源县', 3611, 5, NULL, 1, 0, NULL),
       (5128, 361113, '德兴市', 3611, 4, NULL, 1, 0, NULL),
       (5129, 361114, '开发区', 3611, 5, NULL, 1, 0, NULL),
       (5130, 40, '广东省', 0, 3, NULL, 1, 0, NULL),
       (5131, 4001, '广州市', 40, 4, NULL, 1, 0, NULL),
       (5132, 400102, '荔湾区', 4001, 5, NULL, 1, 0, NULL),
       (5133, 400103, '越秀区', 4001, 5, NULL, 1, 0, NULL),
       (5134, 400104, '海珠区', 4001, 5, NULL, 1, 0, NULL),
       (5135, 400105, '天河区', 4001, 5, NULL, 1, 0, NULL),
       (5136, 400106, '白云区', 4001, 5, NULL, 1, 0, NULL),
       (5137, 400107, '黄埔区', 4001, 5, NULL, 1, 0, NULL),
       (5138, 400108, '番禺区', 4001, 5, NULL, 1, 0, NULL),
       (5139, 400109, '花都区', 4001, 5, NULL, 1, 0, NULL),
       (5140, 400110, '南沙区', 4001, 5, NULL, 1, 0, NULL),
       (5141, 400111, '萝岗区', 4001, 5, NULL, 1, 0, NULL),
       (5142, 400112, '增城市', 4001, 4, NULL, 1, 0, NULL),
       (5143, 400113, '从化市', 4001, 4, NULL, 1, 0, NULL),
       (5144, 400114, '开发区', 4001, 5, NULL, 1, 0, NULL),
       (5145, 4002, '深圳市', 40, 4, NULL, 1, 0, NULL),
       (5146, 400202, '罗湖区', 4002, 5, NULL, 1, 0, NULL),
       (5147, 400203, '福田区', 4002, 5, NULL, 1, 0, NULL),
       (5148, 400204, '南山区', 4002, 5, NULL, 1, 0, NULL),
       (5149, 400205, '宝安区', 4002, 5, NULL, 1, 0, NULL),
       (5150, 400206, '龙岗区', 4002, 5, NULL, 1, 0, NULL),
       (5151, 400207, '盐田区', 4002, 5, NULL, 1, 0, NULL),
       (5152, 400208, '高新区', 4002, 5, NULL, 1, 0, NULL),
       (5153, 4003, '珠海市', 40, 4, NULL, 1, 0, NULL),
       (5154, 400302, '香洲区', 4003, 5, NULL, 1, 0, NULL),
       (5155, 400303, '斗门区', 4003, 5, NULL, 1, 0, NULL),
       (5156, 400304, '金湾区', 4003, 5, NULL, 1, 0, NULL),
       (5157, 400305, '高新区', 4003, 5, NULL, 1, 0, NULL),
       (5158, 4004, '汕头市', 40, 4, NULL, 1, 0, NULL),
       (5159, 400402, '龙湖区', 4004, 5, NULL, 1, 0, NULL),
       (5160, 400403, '金平区', 4004, 5, NULL, 1, 0, NULL),
       (5161, 400404, '濠江区', 4004, 5, NULL, 1, 0, NULL),
       (5162, 400405, '潮阳区', 4004, 5, NULL, 1, 0, NULL),
       (5163, 400406, '潮南区', 4004, 5, NULL, 1, 0, NULL),
       (5164, 400407, '澄海区', 4004, 5, NULL, 1, 0, NULL),
       (5165, 400408, '南澳县', 4004, 5, NULL, 1, 0, NULL),
       (5166, 4005, '韶关市', 40, 4, NULL, 1, 0, NULL),
       (5167, 400502, '武江区', 4005, 5, NULL, 1, 0, NULL),
       (5168, 400503, '浈江区', 4005, 5, NULL, 1, 0, NULL),
       (5169, 400504, '曲江区', 4005, 5, NULL, 1, 0, NULL),
       (5170, 400505, '始兴县', 4005, 5, NULL, 1, 0, NULL),
       (5171, 400506, '仁化县', 4005, 5, NULL, 1, 0, NULL),
       (5172, 400507, '翁源县', 4005, 5, NULL, 1, 0, NULL),
       (5173, 400508, '乳源县', 4005, 5, NULL, 1, 0, NULL),
       (5174, 400509, '新丰县', 4005, 5, NULL, 1, 0, NULL),
       (5175, 400510, '乐昌市', 4005, 4, NULL, 1, 0, NULL),
       (5176, 400511, '南雄市', 4005, 4, NULL, 1, 0, NULL),
       (5177, 4006, '河源市', 40, 4, NULL, 1, 0, NULL),
       (5178, 400602, '源城区', 4006, 5, NULL, 1, 0, NULL),
       (5179, 400603, '紫金县', 4006, 5, NULL, 1, 0, NULL),
       (5180, 400604, '龙川县', 4006, 5, NULL, 1, 0, NULL),
       (5181, 400605, '连平县', 4006, 5, NULL, 1, 0, NULL),
       (5182, 400606, '和平县', 4006, 5, NULL, 1, 0, NULL),
       (5183, 400607, '东源县', 4006, 5, NULL, 1, 0, NULL),
       (5184, 4007, '梅州市', 40, 4, NULL, 1, 0, NULL),
       (5185, 400702, '梅江区', 4007, 5, NULL, 1, 0, NULL),
       (5186, 400703, '梅县', 4007, 5, NULL, 1, 0, NULL),
       (5187, 400704, '大埔县', 4007, 5, NULL, 1, 0, NULL),
       (5188, 400705, '丰顺县', 4007, 5, NULL, 1, 0, NULL),
       (5189, 400706, '五华县', 4007, 5, NULL, 1, 0, NULL),
       (5190, 400707, '平远县', 4007, 5, NULL, 1, 0, NULL),
       (5191, 400708, '蕉岭县', 4007, 5, NULL, 1, 0, NULL),
       (5192, 400709, '兴宁市', 4007, 4, NULL, 1, 0, NULL),
       (5193, 4008, '惠州市', 40, 4, NULL, 1, 0, NULL),
       (5194, 400802, '惠城区', 4008, 5, NULL, 1, 0, NULL),
       (5195, 400803, '惠阳区', 4008, 5, NULL, 1, 0, NULL),
       (5196, 400804, '博罗县', 4008, 5, NULL, 1, 0, NULL),
       (5197, 400805, '惠东县', 4008, 5, NULL, 1, 0, NULL),
       (5198, 400806, '龙门县', 4008, 5, NULL, 1, 0, NULL),
       (5199, 400807, '高新区', 4008, 5, NULL, 1, 0, NULL),
       (5200, 4009, '汕尾市', 40, 4, NULL, 1, 0, NULL),
       (5201, 400902, '城区', 4009, 5, NULL, 1, 0, NULL),
       (5202, 400903, '海丰县', 4009, 5, NULL, 1, 0, NULL),
       (5203, 400904, '陆河县', 4009, 5, NULL, 1, 0, NULL),
       (5204, 400905, '陆丰市', 4009, 4, NULL, 1, 0, NULL),
       (5205, 4010, '东莞市', 40, 4, NULL, 1, 0, NULL),
       (5206, 401001, '高新区', 4010, 5, NULL, 1, 0, NULL),
       (5207, 4011, '中山市', 40, 4, NULL, 1, 0, NULL),
       (5208, 401101, '高新区', 4011, 5, NULL, 1, 0, NULL),
       (5209, 4012, '江门市', 40, 4, NULL, 1, 0, NULL),
       (5210, 401202, '蓬江区', 4012, 5, NULL, 1, 0, NULL),
       (5211, 401203, '江海区', 4012, 5, NULL, 1, 0, NULL),
       (5212, 401204, '新会区', 4012, 5, NULL, 1, 0, NULL),
       (5213, 401205, '台山市', 4012, 4, NULL, 1, 0, NULL),
       (5214, 401206, '开平市', 4012, 4, NULL, 1, 0, NULL),
       (5215, 401207, '鹤山市', 4012, 4, NULL, 1, 0, NULL),
       (5216, 401208, '恩平市', 4012, 4, NULL, 1, 0, NULL),
       (5217, 401209, '高新区', 4012, 5, NULL, 1, 0, NULL),
       (5218, 4013, '佛山市', 40, 4, NULL, 1, 0, NULL),
       (5219, 401302, '禅城区', 4013, 5, NULL, 1, 0, NULL),
       (5220, 401303, '南海区', 4013, 5, NULL, 1, 0, NULL),
       (5221, 401304, '顺德区', 4013, 5, NULL, 1, 0, NULL),
       (5222, 401305, '三水区', 4013, 5, NULL, 1, 0, NULL),
       (5223, 401306, '高明区', 4013, 5, NULL, 1, 0, NULL),
       (5224, 401307, '高新区', 4013, 5, NULL, 1, 0, NULL),
       (5225, 4014, '阳江市', 40, 4, NULL, 1, 0, NULL),
       (5226, 401402, '江城区', 4014, 5, NULL, 1, 0, NULL),
       (5227, 401403, '阳西县', 4014, 5, NULL, 1, 0, NULL),
       (5228, 401404, '阳东县', 4014, 5, NULL, 1, 0, NULL),
       (5229, 401405, '阳春市', 4014, 4, NULL, 1, 0, NULL),
       (5230, 4015, '湛江市', 40, 4, NULL, 1, 0, NULL),
       (5231, 401502, '赤坎区', 4015, 5, NULL, 1, 0, NULL),
       (5232, 401503, '霞山区', 4015, 5, NULL, 1, 0, NULL),
       (5233, 401504, '坡头区', 4015, 5, NULL, 1, 0, NULL),
       (5234, 401505, '麻章区', 4015, 5, NULL, 1, 0, NULL),
       (5235, 401506, '遂溪县', 4015, 5, NULL, 1, 0, NULL),
       (5236, 401507, '徐闻县', 4015, 5, NULL, 1, 0, NULL),
       (5237, 401508, '廉江市', 4015, 4, NULL, 1, 0, NULL),
       (5238, 401509, '雷州市', 4015, 4, NULL, 1, 0, NULL),
       (5239, 401510, '吴川市', 4015, 4, NULL, 1, 0, NULL),
       (5240, 401511, '开发区', 4015, 5, NULL, 1, 0, NULL),
       (5241, 4016, '茂名市', 40, 4, NULL, 1, 0, NULL),
       (5242, 401602, '茂南区', 4016, 5, NULL, 1, 0, NULL),
       (5243, 401603, '茂港区', 4016, 5, NULL, 1, 0, NULL),
       (5244, 401604, '电白县', 4016, 5, NULL, 1, 0, NULL),
       (5245, 401605, '高州市', 4016, 4, NULL, 1, 0, NULL),
       (5246, 401606, '化州市', 4016, 4, NULL, 1, 0, NULL),
       (5247, 401607, '信宜市', 4016, 4, NULL, 1, 0, NULL),
       (5248, 4017, '肇庆市', 40, 4, NULL, 1, 0, NULL),
       (5249, 401702, '端州区', 4017, 5, NULL, 1, 0, NULL),
       (5250, 401703, '鼎湖区', 4017, 5, NULL, 1, 0, NULL),
       (5251, 401704, '广宁县', 4017, 5, NULL, 1, 0, NULL),
       (5252, 401705, '怀集县', 4017, 5, NULL, 1, 0, NULL),
       (5253, 401706, '封开县', 4017, 5, NULL, 1, 0, NULL),
       (5254, 401707, '德庆县', 4017, 5, NULL, 1, 0, NULL),
       (5255, 401708, '高要市', 4017, 4, NULL, 1, 0, NULL),
       (5256, 401709, '四会市', 4017, 4, NULL, 1, 0, NULL),
       (5257, 401710, '高新区', 4017, 5, NULL, 1, 0, NULL),
       (5258, 4018, '清远市', 40, 4, NULL, 1, 0, NULL),
       (5259, 401802, '清城区', 4018, 5, NULL, 1, 0, NULL),
       (5260, 401803, '佛冈县', 4018, 5, NULL, 1, 0, NULL),
       (5261, 401804, '阳山县', 4018, 5, NULL, 1, 0, NULL),
       (5262, 401805, '连山县', 4018, 5, NULL, 1, 0, NULL),
       (5263, 401806, '连南县', 4018, 5, NULL, 1, 0, NULL),
       (5264, 401807, '清新县', 4018, 5, NULL, 1, 0, NULL),
       (5265, 401808, '英德市', 4018, 4, NULL, 1, 0, NULL),
       (5266, 401809, '连州市', 4018, 4, NULL, 1, 0, NULL),
       (5267, 4019, '潮州市', 40, 4, NULL, 1, 0, NULL),
       (5268, 401902, '湘桥区', 4019, 5, NULL, 1, 0, NULL),
       (5269, 401903, '潮安县', 4019, 5, NULL, 1, 0, NULL),
       (5270, 401904, '饶平县', 4019, 5, NULL, 1, 0, NULL),
       (5271, 4020, '揭阳市', 40, 4, NULL, 1, 0, NULL),
       (5272, 402002, '榕城区', 4020, 5, NULL, 1, 0, NULL),
       (5273, 402003, '揭东县', 4020, 5, NULL, 1, 0, NULL),
       (5274, 402004, '揭西县', 4020, 5, NULL, 1, 0, NULL),
       (5275, 402005, '惠来县', 4020, 5, NULL, 1, 0, NULL),
       (5276, 402006, '普宁市', 4020, 4, NULL, 1, 0, NULL),
       (5277, 4021, '云浮市', 40, 4, NULL, 1, 0, NULL),
       (5278, 402102, '云城区', 4021, 5, NULL, 1, 0, NULL),
       (5279, 402103, '新兴县', 4021, 5, NULL, 1, 0, NULL),
       (5280, 402104, '郁南县', 4021, 5, NULL, 1, 0, NULL),
       (5281, 402105, '云安县', 4021, 5, NULL, 1, 0, NULL),
       (5282, 402106, '罗定市', 4021, 4, NULL, 1, 0, NULL),
       (5283, 41, '广西', 0, 3, NULL, 1, 0, NULL),
       (5284, 4101, '南宁市', 41, 4, NULL, 1, 0, NULL),
       (5285, 410102, '兴宁区', 4101, 5, NULL, 1, 0, NULL),
       (5286, 410103, '青秀区', 4101, 5, NULL, 1, 0, NULL),
       (5287, 410104, '江南区', 4101, 5, NULL, 1, 0, NULL),
       (5288, 410105, '西乡塘区', 4101, 5, NULL, 1, 0, NULL),
       (5289, 410106, '良庆区', 4101, 5, NULL, 1, 0, NULL),
       (5290, 410107, '邕宁区', 4101, 5, NULL, 1, 0, NULL),
       (5291, 410108, '武鸣县', 4101, 5, NULL, 1, 0, NULL),
       (5292, 410109, '隆安县', 4101, 5, NULL, 1, 0, NULL),
       (5293, 410110, '马山县', 4101, 5, NULL, 1, 0, NULL),
       (5294, 410111, '上林县', 4101, 5, NULL, 1, 0, NULL),
       (5295, 410112, '宾阳县', 4101, 5, NULL, 1, 0, NULL),
       (5296, 410113, '横县', 4101, 5, NULL, 1, 0, NULL),
       (5297, 410114, '开发区', 4101, 5, NULL, 1, 0, NULL),
       (5298, 4102, '柳州市', 41, 4, NULL, 1, 0, NULL),
       (5299, 410202, '城中区', 4102, 5, NULL, 1, 0, NULL),
       (5300, 410203, '鱼峰区', 4102, 5, NULL, 1, 0, NULL),
       (5301, 410204, '柳南区', 4102, 5, NULL, 1, 0, NULL),
       (5302, 410205, '柳北区', 4102, 5, NULL, 1, 0, NULL),
       (5303, 410206, '柳江县', 4102, 5, NULL, 1, 0, NULL),
       (5304, 410207, '柳城县', 4102, 5, NULL, 1, 0, NULL),
       (5305, 410208, '鹿寨县', 4102, 5, NULL, 1, 0, NULL),
       (5306, 410209, '融安县', 4102, 5, NULL, 1, 0, NULL),
       (5307, 410210, '融水县', 4102, 5, NULL, 1, 0, NULL),
       (5308, 410211, '三江县', 4102, 5, NULL, 1, 0, NULL),
       (5309, 410212, '高新区', 4102, 5, NULL, 1, 0, NULL),
       (5310, 4103, '桂林市', 41, 4, NULL, 1, 0, NULL),
       (5311, 410302, '秀峰区', 4103, 5, NULL, 1, 0, NULL),
       (5312, 410303, '叠彩区', 4103, 5, NULL, 1, 0, NULL),
       (5313, 410304, '象山区', 4103, 5, NULL, 1, 0, NULL),
       (5314, 410305, '七星区', 4103, 5, NULL, 1, 0, NULL),
       (5315, 410306, '雁山区', 4103, 5, NULL, 1, 0, NULL),
       (5316, 410307, '阳朔县', 4103, 5, NULL, 1, 0, NULL),
       (5317, 410308, '临桂县', 4103, 5, NULL, 1, 0, NULL),
       (5318, 410309, '灵川县', 4103, 5, NULL, 1, 0, NULL),
       (5319, 410310, '全州县', 4103, 5, NULL, 1, 0, NULL),
       (5320, 410311, '兴安县', 4103, 5, NULL, 1, 0, NULL),
       (5321, 410312, '永福县', 4103, 5, NULL, 1, 0, NULL),
       (5322, 410313, '灌阳县', 4103, 5, NULL, 1, 0, NULL),
       (5323, 410314, '龙胜县', 4103, 5, NULL, 1, 0, NULL),
       (5324, 410315, '资源县', 4103, 5, NULL, 1, 0, NULL),
       (5325, 410316, '平乐县', 4103, 5, NULL, 1, 0, NULL),
       (5326, 410317, '荔蒲县', 4103, 5, NULL, 1, 0, NULL),
       (5327, 410318, '恭城县', 4103, 5, NULL, 1, 0, NULL),
       (5328, 410319, '高新区', 4103, 5, NULL, 1, 0, NULL),
       (5329, 4104, '梧州市', 41, 4, NULL, 1, 0, NULL),
       (5330, 410402, '万秀区', 4104, 5, NULL, 1, 0, NULL),
       (5331, 410403, '蝶山区', 4104, 5, NULL, 1, 0, NULL),
       (5332, 410404, '长洲区', 4104, 5, NULL, 1, 0, NULL),
       (5333, 410405, '苍梧县', 4104, 5, NULL, 1, 0, NULL),
       (5334, 410406, '藤县', 4104, 5, NULL, 1, 0, NULL),
       (5335, 410407, '蒙山县', 4104, 5, NULL, 1, 0, NULL),
       (5336, 410408, '岑溪市', 4104, 4, NULL, 1, 0, NULL),
       (5337, 4105, '北海市', 41, 4, NULL, 1, 0, NULL),
       (5338, 410502, '海城区', 4105, 5, NULL, 1, 0, NULL),
       (5339, 410503, '银海区', 4105, 5, NULL, 1, 0, NULL),
       (5340, 410504, '铁山港区', 4105, 5, NULL, 1, 0, NULL),
       (5341, 410505, '合浦县', 4105, 5, NULL, 1, 0, NULL),
       (5342, 4106, '防城港市', 41, 4, NULL, 1, 0, NULL),
       (5343, 410602, '港口区', 4106, 5, NULL, 1, 0, NULL),
       (5344, 410603, '防城区', 4106, 5, NULL, 1, 0, NULL),
       (5345, 410604, '上思县', 4106, 5, NULL, 1, 0, NULL),
       (5346, 410605, '东兴市', 4106, 4, NULL, 1, 0, NULL),
       (5347, 4107, '钦州市', 41, 4, NULL, 1, 0, NULL),
       (5348, 410702, '钦南区', 4107, 5, NULL, 1, 0, NULL),
       (5349, 410703, '钦北区', 4107, 5, NULL, 1, 0, NULL),
       (5350, 410704, '灵山县', 4107, 5, NULL, 1, 0, NULL),
       (5351, 410705, '浦北县', 4107, 5, NULL, 1, 0, NULL),
       (5352, 410706, '开发区', 4107, 5, NULL, 1, 0, NULL),
       (5353, 4108, '贵港市', 41, 4, NULL, 1, 0, NULL),
       (5354, 410802, '港北区', 4108, 5, NULL, 1, 0, NULL),
       (5355, 410803, '港南区', 4108, 5, NULL, 1, 0, NULL),
       (5356, 410804, '覃塘区', 4108, 5, NULL, 1, 0, NULL),
       (5357, 410805, '平南县', 4108, 5, NULL, 1, 0, NULL),
       (5358, 410806, '桂平市', 4108, 4, NULL, 1, 0, NULL),
       (5359, 4109, '玉林市', 41, 4, NULL, 1, 0, NULL),
       (5360, 410902, '玉州区', 4109, 5, NULL, 1, 0, NULL),
       (5361, 410903, '容县', 4109, 5, NULL, 1, 0, NULL),
       (5362, 410904, '陆川县', 4109, 5, NULL, 1, 0, NULL),
       (5363, 410905, '博白县', 4109, 5, NULL, 1, 0, NULL),
       (5364, 410906, '兴业县', 4109, 5, NULL, 1, 0, NULL),
       (5365, 410907, '北流市', 4109, 4, NULL, 1, 0, NULL),
       (5366, 4110, '百色市', 41, 4, NULL, 1, 0, NULL),
       (5367, 411002, '右江区', 4110, 5, NULL, 1, 0, NULL),
       (5368, 411003, '田阳县', 4110, 5, NULL, 1, 0, NULL),
       (5369, 411004, '田东县', 4110, 5, NULL, 1, 0, NULL),
       (5370, 411005, '平果县', 4110, 5, NULL, 1, 0, NULL),
       (5371, 411006, '德保县', 4110, 5, NULL, 1, 0, NULL),
       (5372, 411007, '靖西县', 4110, 5, NULL, 1, 0, NULL),
       (5373, 411008, '那坡县', 4110, 5, NULL, 1, 0, NULL),
       (5374, 411009, '凌云县', 4110, 5, NULL, 1, 0, NULL),
       (5375, 411010, '乐业县', 4110, 5, NULL, 1, 0, NULL),
       (5376, 411011, '田林县', 4110, 5, NULL, 1, 0, NULL),
       (5377, 411012, '西林县', 4110, 5, NULL, 1, 0, NULL),
       (5378, 411013, '隆林县', 4110, 5, NULL, 1, 0, NULL),
       (5379, 4111, '贺州市', 41, 4, NULL, 1, 0, NULL),
       (5380, 411102, '八步区', 4111, 5, NULL, 1, 0, NULL),
       (5381, 411103, '昭平县', 4111, 5, NULL, 1, 0, NULL),
       (5382, 411104, '钟山县', 4111, 5, NULL, 1, 0, NULL),
       (5383, 411105, '富川县', 4111, 5, NULL, 1, 0, NULL),
       (5384, 4112, '河池市', 41, 4, NULL, 1, 0, NULL),
       (5385, 411202, '金城江区', 4112, 5, NULL, 1, 0, NULL),
       (5386, 411203, '南丹县', 4112, 5, NULL, 1, 0, NULL),
       (5387, 411204, '天峨县', 4112, 5, NULL, 1, 0, NULL),
       (5388, 411205, '凤山县', 4112, 5, NULL, 1, 0, NULL),
       (5389, 411206, '东兰县', 4112, 5, NULL, 1, 0, NULL),
       (5390, 411207, '罗城县', 4112, 5, NULL, 1, 0, NULL),
       (5391, 411208, '环江县', 4112, 5, NULL, 1, 0, NULL),
       (5392, 411209, '巴马县', 4112, 5, NULL, 1, 0, NULL),
       (5393, 411210, '都安县', 4112, 5, NULL, 1, 0, NULL),
       (5394, 411211, '大化县', 4112, 5, NULL, 1, 0, NULL),
       (5395, 411212, '宜州市', 4112, 4, NULL, 1, 0, NULL),
       (5396, 4113, '来宾市', 41, 4, NULL, 1, 0, NULL),
       (5397, 411302, '兴宾区', 4113, 5, NULL, 1, 0, NULL),
       (5398, 411303, '忻城县', 4113, 5, NULL, 1, 0, NULL),
       (5399, 411304, '象州县', 4113, 5, NULL, 1, 0, NULL),
       (5400, 411305, '武宣县', 4113, 5, NULL, 1, 0, NULL),
       (5401, 411306, '金秀县', 4113, 5, NULL, 1, 0, NULL),
       (5402, 411307, '合山市', 4113, 4, NULL, 1, 0, NULL),
       (5403, 4114, '崇左市', 41, 4, NULL, 1, 0, NULL),
       (5404, 411402, '江洲区', 4114, 5, NULL, 1, 0, NULL),
       (5405, 411403, '扶绥县', 4114, 5, NULL, 1, 0, NULL),
       (5406, 411404, '宁明县', 4114, 5, NULL, 1, 0, NULL),
       (5407, 411405, '龙州县', 4114, 5, NULL, 1, 0, NULL),
       (5408, 411406, '大新县', 4114, 5, NULL, 1, 0, NULL),
       (5409, 411407, '天等县', 4114, 5, NULL, 1, 0, NULL),
       (5410, 411408, '凭祥市', 4114, 4, NULL, 1, 0, NULL),
       (5411, 42, '海南省', 0, 3, NULL, 1, 0, NULL),
       (5412, 4201, '海口市', 42, 4, NULL, 1, 0, NULL),
       (5413, 420102, '秀英区', 4201, 5, NULL, 1, 0, NULL),
       (5414, 420103, '龙华区', 4201, 5, NULL, 1, 0, NULL),
       (5415, 420104, '琼山区', 4201, 5, NULL, 1, 0, NULL),
       (5416, 420105, '美兰区', 4201, 5, NULL, 1, 0, NULL),
       (5417, 420106, '高新区', 4201, 5, NULL, 1, 0, NULL),
       (5418, 4202, '三亚市', 42, 4, NULL, 1, 0, NULL),
       (5419, 4203, '琼海市', 42, 4, NULL, 1, 0, NULL),
       (5420, 4204, '儋州市', 42, 4, NULL, 1, 0, NULL),
       (5421, 4205, '文昌市', 42, 4, NULL, 1, 0, NULL),
       (5422, 4206, '东方市', 42, 4, NULL, 1, 0, NULL),
       (5423, 4207, '五指山市', 42, 4, NULL, 1, 0, NULL),
       (5424, 4208, '万宁市', 42, 4, NULL, 1, 0, NULL),
       (5425, 4209, '定安县', 42, 5, NULL, 1, 0, NULL),
       (5426, 4210, '屯昌县', 42, 5, NULL, 1, 0, NULL),
       (5427, 4211, '澄迈县', 42, 5, NULL, 1, 0, NULL),
       (5428, 4212, '临高县', 42, 5, NULL, 1, 0, NULL),
       (5429, 4213, '陵水县', 42, 5, NULL, 1, 0, NULL),
       (5430, 4214, '琼中县', 42, 5, NULL, 1, 0, NULL),
       (5431, 4215, '保亭县', 42, 5, NULL, 1, 0, NULL),
       (5432, 4216, '乐东县', 42, 5, NULL, 1, 0, NULL),
       (5433, 4217, '昌江县', 42, 5, NULL, 1, 0, NULL),
       (5434, 4218, '白沙县', 42, 5, NULL, 1, 0, NULL),
       (5435, 4219, '洋浦', 42, NULL, NULL, 1, 0, NULL),
       (5436, 421902, '开发区', 4219, 5, NULL, 1, 0, NULL),
       (5437, 60, '重庆市', 4, 4, NULL, 1, 0, NULL),
       (5438, 6001, '万州区', 60, 5, NULL, 1, 0, NULL),
       (5439, 6002, '涪陵区', 60, 5, NULL, 1, 0, NULL),
       (5440, 6003, '渝中区', 60, 5, NULL, 1, 0, NULL),
       (5441, 6004, '大渡口区', 60, 5, NULL, 1, 0, NULL),
       (5442, 6005, '江北区', 60, 5, NULL, 1, 0, NULL),
       (5443, 6006, '沙坪坝区', 60, 5, NULL, 1, 0, NULL),
       (5444, 6007, '九龙坡区', 60, 5, NULL, 1, 0, NULL),
       (5445, 6008, '南岸区', 60, 5, NULL, 1, 0, NULL),
       (5446, 6009, '北碚区', 60, 5, NULL, 1, 0, NULL),
       (5447, 6010, '万盛区', 60, 5, NULL, 1, 0, NULL),
       (5448, 6011, '双桥区', 60, 5, NULL, 1, 0, NULL),
       (5449, 6012, '渝北区', 60, 5, NULL, 1, 0, NULL),
       (5450, 6013, '巴南区', 60, 5, NULL, 1, 0, NULL),
       (5451, 6014, '黔江区', 60, 5, NULL, 1, 0, NULL),
       (5452, 6015, '长寿区', 60, 5, NULL, 1, 0, NULL),
       (5453, 6016, '江津区', 60, 5, NULL, 1, 0, NULL),
       (5454, 6017, '合川区', 60, 5, NULL, 1, 0, NULL),
       (5455, 6018, '永川区', 60, 5, NULL, 1, 0, NULL),
       (5456, 6019, '南川区', 60, 5, NULL, 1, 0, NULL),
       (5457, 6020, '綦江县', 60, 5, NULL, 1, 0, NULL),
       (5458, 6021, '潼南县', 60, 5, NULL, 1, 0, NULL),
       (5459, 6022, '铜梁县', 60, 5, NULL, 1, 0, NULL),
       (5460, 6023, '大足县', 60, 5, NULL, 1, 0, NULL),
       (5461, 6024, '荣昌县', 60, 5, NULL, 1, 0, NULL),
       (5462, 6025, '璧山县', 60, 5, NULL, 1, 0, NULL),
       (5463, 6026, '梁平县', 60, 5, NULL, 1, 0, NULL),
       (5464, 6027, '城口县', 60, 5, NULL, 1, 0, NULL),
       (5465, 6028, '丰都县', 60, 5, NULL, 1, 0, NULL),
       (5466, 6029, '垫江县', 60, 5, NULL, 1, 0, NULL),
       (5467, 6030, '武隆县', 60, 5, NULL, 1, 0, NULL),
       (5468, 6031, '忠县', 60, 5, NULL, 1, 0, NULL),
       (5469, 6032, '开县', 60, 5, NULL, 1, 0, NULL),
       (5470, 6033, '云阳县', 60, 5, NULL, 1, 0, NULL),
       (5471, 6034, '奉节县', 60, 5, NULL, 1, 0, NULL),
       (5472, 6035, '巫山县', 60, 5, NULL, 1, 0, NULL),
       (5473, 6036, '巫溪县', 60, 5, NULL, 1, 0, NULL),
       (5474, 6037, '石柱县', 60, 5, NULL, 1, 0, NULL),
       (5475, 6038, '秀山县', 60, 5, NULL, 1, 0, NULL),
       (5476, 6039, '酉阳县', 60, 5, NULL, 1, 0, NULL),
       (5477, 6040, '彭水苗族县', 60, 5, NULL, 1, 0, NULL),
       (5478, 6041, '开发区', 60, 5, NULL, 1, 0, NULL),
       (5479, 61, '四川省', 0, 3, NULL, 1, 0, NULL),
       (5480, 6101, '成都市', 61, 4, NULL, 1, 0, NULL),
       (5481, 610102, '锦江区', 6101, 5, NULL, 1, 0, NULL),
       (5482, 610103, '青羊区', 6101, 5, NULL, 1, 0, NULL),
       (5483, 610104, '金牛区', 6101, 5, NULL, 1, 0, NULL),
       (5484, 610105, '武侯区', 6101, 5, NULL, 1, 0, NULL),
       (5485, 610106, '成华区', 6101, 5, NULL, 1, 0, NULL),
       (5486, 610107, '龙泉驿区', 6101, 5, NULL, 1, 0, NULL),
       (5487, 610108, '青白江区', 6101, 5, NULL, 1, 0, NULL),
       (5488, 610109, '新都区', 6101, 5, NULL, 1, 0, NULL),
       (5489, 610110, '温江区', 6101, 5, NULL, 1, 0, NULL),
       (5490, 610111, '金堂县', 6101, 5, NULL, 1, 0, NULL),
       (5491, 610112, '双流县', 6101, 5, NULL, 1, 0, NULL),
       (5492, 610113, '郫县', 6101, 5, NULL, 1, 0, NULL),
       (5493, 610114, '大邑县', 6101, 5, NULL, 1, 0, NULL),
       (5494, 610115, '蒲江县', 6101, 5, NULL, 1, 0, NULL),
       (5495, 610116, '新津县', 6101, 5, NULL, 1, 0, NULL),
       (5496, 610117, '都江堰市', 6101, 4, NULL, 1, 0, NULL),
       (5497, 610118, '彭州市', 6101, 4, NULL, 1, 0, NULL),
       (5498, 610119, '邛崃市', 6101, 4, NULL, 1, 0, NULL),
       (5499, 610120, '崇州市', 6101, 4, NULL, 1, 0, NULL),
       (5500, 610121, '高新区', 6101, 5, NULL, 1, 0, NULL),
       (5501, 610122, '开发区', 6101, 5, NULL, 1, 0, NULL),
       (5502, 6102, '德阳市', 61, 4, NULL, 1, 0, NULL),
       (5503, 610202, '旌阳区', 6102, 5, NULL, 1, 0, NULL),
       (5504, 610203, '中江县', 6102, 5, NULL, 1, 0, NULL),
       (5505, 610204, '罗江县', 6102, 5, NULL, 1, 0, NULL),
       (5506, 610205, '广汉市', 6102, 4, NULL, 1, 0, NULL),
       (5507, 610206, '什邡市', 6102, 4, NULL, 1, 0, NULL),
       (5508, 610207, '绵竹市', 6102, 4, NULL, 1, 0, NULL),
       (5509, 610208, '开发区', 6102, 5, NULL, 1, 0, NULL),
       (5510, 6103, '绵阳市', 61, 4, NULL, 1, 0, NULL),
       (5511, 610302, '涪城区', 6103, 5, NULL, 1, 0, NULL),
       (5512, 610303, '游仙区', 6103, 5, NULL, 1, 0, NULL),
       (5513, 610304, '三台县', 6103, 5, NULL, 1, 0, NULL),
       (5514, 610305, '盐亭县', 6103, 5, NULL, 1, 0, NULL),
       (5515, 610306, '安县', 6103, 5, NULL, 1, 0, NULL),
       (5516, 610307, '梓潼县', 6103, 5, NULL, 1, 0, NULL),
       (5517, 610308, '北川县', 6103, 5, NULL, 1, 0, NULL),
       (5518, 610309, '平武县', 6103, 5, NULL, 1, 0, NULL),
       (5519, 610310, '江油市', 6103, 4, NULL, 1, 0, NULL),
       (5520, 610311, '高新区', 6103, 5, NULL, 1, 0, NULL),
       (5521, 6104, '眉山市', 61, 4, NULL, 1, 0, NULL),
       (5522, 610402, '东坡区', 6104, 5, NULL, 1, 0, NULL),
       (5523, 610403, '仁寿县', 6104, 5, NULL, 1, 0, NULL),
       (5524, 610404, '彭山县', 6104, 5, NULL, 1, 0, NULL),
       (5525, 610405, '洪雅县', 6104, 5, NULL, 1, 0, NULL),
       (5526, 610406, '丹棱县', 6104, 5, NULL, 1, 0, NULL),
       (5527, 610407, '青神县', 6104, 5, NULL, 1, 0, NULL),
       (5528, 6105, '泸州市', 61, 4, NULL, 1, 0, NULL),
       (5529, 610502, '江阳区', 6105, 5, NULL, 1, 0, NULL),
       (5530, 610503, '纳溪区', 6105, 5, NULL, 1, 0, NULL),
       (5531, 610504, '龙马潭区', 6105, 5, NULL, 1, 0, NULL),
       (5532, 610505, '泸县', 6105, 5, NULL, 1, 0, NULL),
       (5533, 610506, '合江县', 6105, 5, NULL, 1, 0, NULL),
       (5534, 610507, '叙永县', 6105, 5, NULL, 1, 0, NULL),
       (5535, 610508, '古蔺县', 6105, 5, NULL, 1, 0, NULL),
       (5536, 6106, '南充市', 61, 4, NULL, 1, 0, NULL),
       (5537, 610602, '顺庆区', 6106, 5, NULL, 1, 0, NULL),
       (5538, 610603, '高坪区', 6106, 5, NULL, 1, 0, NULL),
       (5539, 610604, '嘉陵区', 6106, 5, NULL, 1, 0, NULL),
       (5540, 610605, '南部县', 6106, 5, NULL, 1, 0, NULL),
       (5541, 610606, '营山县', 6106, 5, NULL, 1, 0, NULL),
       (5542, 610607, '蓬安县', 6106, 5, NULL, 1, 0, NULL),
       (5543, 610608, '仪陇县', 6106, 5, NULL, 1, 0, NULL),
       (5544, 610609, '西充县', 6106, 5, NULL, 1, 0, NULL),
       (5545, 610610, '阆中市', 6106, 4, NULL, 1, 0, NULL),
       (5546, 6107, '自贡市', 61, 4, NULL, 1, 0, NULL),
       (5547, 610702, '自流井区', 6107, 5, NULL, 1, 0, NULL),
       (5548, 610703, '贡井区', 6107, 5, NULL, 1, 0, NULL),
       (5549, 610704, '大安区', 6107, 5, NULL, 1, 0, NULL),
       (5550, 610705, '沿滩区', 6107, 5, NULL, 1, 0, NULL),
       (5551, 610706, '荣县', 6107, 5, NULL, 1, 0, NULL),
       (5552, 610707, '富顺县', 6107, 5, NULL, 1, 0, NULL),
       (5553, 610708, '高新区', 6107, 5, NULL, 1, 0, NULL),
       (5554, 6108, '内江市', 61, 4, NULL, 1, 0, NULL),
       (5555, 610802, '市中区', 6108, 5, NULL, 1, 0, NULL),
       (5556, 610803, '东兴区', 6108, 5, NULL, 1, 0, NULL),
       (5557, 610804, '威远县', 6108, 5, NULL, 1, 0, NULL),
       (5558, 610805, '资中县', 6108, 5, NULL, 1, 0, NULL),
       (5559, 610806, '隆昌县', 6108, 5, NULL, 1, 0, NULL),
       (5560, 6109, '宜宾市', 61, 4, NULL, 1, 0, NULL),
       (5561, 610902, '翠屏区', 6109, 5, NULL, 1, 0, NULL),
       (5562, 610903, '宜宾县', 6109, 5, NULL, 1, 0, NULL),
       (5563, 610904, '南溪县', 6109, 5, NULL, 1, 0, NULL),
       (5564, 610905, '江安县', 6109, 5, NULL, 1, 0, NULL),
       (5565, 610906, '长宁县', 6109, 5, NULL, 1, 0, NULL),
       (5566, 610907, '高县', 6109, 5, NULL, 1, 0, NULL),
       (5567, 610908, '珙县', 6109, 5, NULL, 1, 0, NULL),
       (5568, 610909, '筠连县', 6109, 5, NULL, 1, 0, NULL),
       (5569, 610910, '兴文县', 6109, 5, NULL, 1, 0, NULL),
       (5570, 610911, '屏山县', 6109, 5, NULL, 1, 0, NULL),
       (5571, 6110, '乐山市', 61, 4, NULL, 1, 0, NULL),
       (5572, 611002, '市中区', 6110, 5, NULL, 1, 0, NULL),
       (5573, 611003, '沙湾区', 6110, 5, NULL, 1, 0, NULL),
       (5574, 611004, '五通桥区', 6110, 5, NULL, 1, 0, NULL),
       (5575, 611005, '金口河区', 6110, 5, NULL, 1, 0, NULL),
       (5576, 611006, '犍为县', 6110, 5, NULL, 1, 0, NULL),
       (5577, 611007, '井研县', 6110, 5, NULL, 1, 0, NULL),
       (5578, 611008, '夹江县', 6110, 5, NULL, 1, 0, NULL),
       (5579, 611009, '沐川县', 6110, 5, NULL, 1, 0, NULL),
       (5580, 611010, '峨边县', 6110, 5, NULL, 1, 0, NULL),
       (5581, 611011, '马边县', 6110, 5, NULL, 1, 0, NULL),
       (5582, 611012, '峨眉山市', 6110, 4, NULL, 1, 0, NULL),
       (5583, 6111, '雅安市', 61, 4, NULL, 1, 0, NULL),
       (5584, 611102, '雨城区', 6111, 5, NULL, 1, 0, NULL),
       (5585, 611103, '名山县', 6111, 5, NULL, 1, 0, NULL),
       (5586, 611104, '荥经县', 6111, 5, NULL, 1, 0, NULL),
       (5587, 611105, '汉源县', 6111, 5, NULL, 1, 0, NULL),
       (5588, 611106, '石棉县', 6111, 5, NULL, 1, 0, NULL),
       (5589, 611107, '天全县', 6111, 5, NULL, 1, 0, NULL),
       (5590, 611108, '芦山县', 6111, 5, NULL, 1, 0, NULL),
       (5591, 611109, '宝兴县', 6111, 5, NULL, 1, 0, NULL),
       (5592, 6112, '遂宁市', 61, 4, NULL, 1, 0, NULL),
       (5593, 611202, '船山区', 6112, 5, NULL, 1, 0, NULL),
       (5594, 611203, '安居区', 6112, 5, NULL, 1, 0, NULL),
       (5595, 611204, '蓬溪县', 6112, 5, NULL, 1, 0, NULL),
       (5596, 611205, '射洪县', 6112, 5, NULL, 1, 0, NULL),
       (5597, 611206, '大英县', 6112, 5, NULL, 1, 0, NULL),
       (5598, 6113, '达州市', 61, 4, NULL, 1, 0, NULL),
       (5599, 611302, '通川区', 6113, 5, NULL, 1, 0, NULL),
       (5600, 611303, '达县', 6113, 5, NULL, 1, 0, NULL),
       (5601, 611304, '宣汉县', 6113, 5, NULL, 1, 0, NULL),
       (5602, 611305, '开江县', 6113, 5, NULL, 1, 0, NULL),
       (5603, 611306, '大竹县', 6113, 5, NULL, 1, 0, NULL),
       (5604, 611307, '渠县', 6113, 5, NULL, 1, 0, NULL),
       (5605, 611308, '万源市', 6113, 4, NULL, 1, 0, NULL),
       (5606, 6114, '巴中市', 61, 4, NULL, 1, 0, NULL),
       (5607, 611402, '巴州区', 6114, 5, NULL, 1, 0, NULL),
       (5608, 611403, '通江县', 6114, 5, NULL, 1, 0, NULL),
       (5609, 611404, '南江县', 6114, 5, NULL, 1, 0, NULL),
       (5610, 611405, '平昌县', 6114, 5, NULL, 1, 0, NULL),
       (5611, 6115, '广元市', 61, 4, NULL, 1, 0, NULL),
       (5612, 611502, '市中区', 6115, 5, NULL, 1, 0, NULL),
       (5613, 611503, '元坝区', 6115, 5, NULL, 1, 0, NULL),
       (5614, 611504, '朝天区', 6115, 5, NULL, 1, 0, NULL),
       (5615, 611505, '旺苍县', 6115, 5, NULL, 1, 0, NULL),
       (5616, 611506, '青川县', 6115, 5, NULL, 1, 0, NULL),
       (5617, 611507, '剑阁县', 6115, 5, NULL, 1, 0, NULL),
       (5618, 611508, '苍溪县', 6115, 5, NULL, 1, 0, NULL),
       (5619, 6116, '广安市', 61, 4, NULL, 1, 0, NULL),
       (5620, 611602, '广安区', 6116, 5, NULL, 1, 0, NULL),
       (5621, 611603, '岳池县', 6116, 5, NULL, 1, 0, NULL),
       (5622, 611604, '武胜县', 6116, 5, NULL, 1, 0, NULL),
       (5623, 611605, '邻水县', 6116, 5, NULL, 1, 0, NULL),
       (5624, 611606, '华蓥市', 6116, 4, NULL, 1, 0, NULL),
       (5625, 611607, '开发区', 6116, 5, NULL, 1, 0, NULL),
       (5626, 6117, '资阳市', 61, 4, NULL, 1, 0, NULL),
       (5627, 611702, '雁江区', 6117, 5, NULL, 1, 0, NULL),
       (5628, 611703, '安岳县', 6117, 5, NULL, 1, 0, NULL),
       (5629, 611704, '乐至县', 6117, 5, NULL, 1, 0, NULL),
       (5630, 611705, '简阳市', 6117, 4, NULL, 1, 0, NULL),
       (5631, 6118, '阿坝州', 61, NULL, NULL, 1, 0, NULL),
       (5632, 611801, '汶川县', 6118, 5, NULL, 1, 0, NULL),
       (5633, 611802, '理县', 6118, 5, NULL, 1, 0, NULL),
       (5634, 611803, '茂县', 6118, 5, NULL, 1, 0, NULL),
       (5635, 611804, '松潘县', 6118, 5, NULL, 1, 0, NULL),
       (5636, 611805, '九寨沟县', 6118, 5, NULL, 1, 0, NULL),
       (5637, 611806, '金川县', 6118, 5, NULL, 1, 0, NULL),
       (5638, 611807, '小金县', 6118, 5, NULL, 1, 0, NULL),
       (5639, 611808, '黑水县', 6118, 5, NULL, 1, 0, NULL),
       (5640, 611809, '马尔康县', 6118, 5, NULL, 1, 0, NULL),
       (5641, 611810, '壤塘县', 6118, 5, NULL, 1, 0, NULL),
       (5642, 611811, '阿坝县', 6118, 5, NULL, 1, 0, NULL),
       (5643, 611812, '若尔盖县', 6118, 5, NULL, 1, 0, NULL),
       (5644, 611813, '红原县', 6118, 5, NULL, 1, 0, NULL),
       (5645, 6119, '攀枝花市', 61, 4, NULL, 1, 0, NULL),
       (5646, 611902, '东区', 6119, 5, NULL, 1, 0, NULL),
       (5647, 611903, '西区', 6119, 5, NULL, 1, 0, NULL),
       (5648, 611904, '仁和区', 6119, 5, NULL, 1, 0, NULL),
       (5649, 611905, '米易县', 6119, 5, NULL, 1, 0, NULL),
       (5650, 611906, '盐边县', 6119, 5, NULL, 1, 0, NULL),
       (5651, 6120, '甘孜州', 61, NULL, NULL, 1, 0, NULL),
       (5652, 612001, '康定县', 6120, 5, NULL, 1, 0, NULL),
       (5653, 612002, '泸定县', 6120, 5, NULL, 1, 0, NULL),
       (5654, 612003, '丹巴县', 6120, 5, NULL, 1, 0, NULL),
       (5655, 612004, '九龙县', 6120, 5, NULL, 1, 0, NULL),
       (5656, 612005, '雅江县', 6120, 5, NULL, 1, 0, NULL),
       (5657, 612006, '道孚县', 6120, 5, NULL, 1, 0, NULL),
       (5658, 612007, '炉霍县', 6120, 5, NULL, 1, 0, NULL),
       (5659, 612008, '甘孜县', 6120, 5, NULL, 1, 0, NULL),
       (5660, 612009, '新龙县', 6120, 5, NULL, 1, 0, NULL),
       (5661, 612010, '德格县', 6120, 5, NULL, 1, 0, NULL),
       (5662, 612011, '白玉县', 6120, 5, NULL, 1, 0, NULL),
       (5663, 612012, '石渠县', 6120, 5, NULL, 1, 0, NULL),
       (5664, 612013, '色达县', 6120, 5, NULL, 1, 0, NULL),
       (5665, 612014, '理塘县', 6120, 5, NULL, 1, 0, NULL),
       (5666, 612015, '巴塘县', 6120, 5, NULL, 1, 0, NULL),
       (5667, 612016, '乡城县', 6120, 5, NULL, 1, 0, NULL),
       (5668, 612017, '稻城县', 6120, 5, NULL, 1, 0, NULL),
       (5669, 612018, '得荣县', 6120, 5, NULL, 1, 0, NULL),
       (5670, 6121, '凉山州', 61, NULL, NULL, 1, 0, NULL),
       (5671, 612101, '西昌市', 6121, 4, NULL, 1, 0, NULL),
       (5672, 612102, '木里县', 6121, 5, NULL, 1, 0, NULL),
       (5673, 612103, '盐源县', 6121, 5, NULL, 1, 0, NULL),
       (5674, 612104, '德昌县', 6121, 5, NULL, 1, 0, NULL),
       (5675, 612105, '会理县', 6121, 5, NULL, 1, 0, NULL),
       (5676, 612106, '会东县', 6121, 5, NULL, 1, 0, NULL),
       (5677, 612107, '宁南县', 6121, 5, NULL, 1, 0, NULL),
       (5678, 612108, '普格县', 6121, 5, NULL, 1, 0, NULL),
       (5679, 612109, '布拖县', 6121, 5, NULL, 1, 0, NULL),
       (5680, 612110, '金阳县', 6121, 5, NULL, 1, 0, NULL),
       (5681, 612111, '昭觉县', 6121, 5, NULL, 1, 0, NULL),
       (5682, 612112, '喜德县', 6121, 5, NULL, 1, 0, NULL),
       (5683, 612113, '冕宁县', 6121, 5, NULL, 1, 0, NULL),
       (5684, 612114, '越西县', 6121, 5, NULL, 1, 0, NULL),
       (5685, 612115, '甘洛县', 6121, 5, NULL, 1, 0, NULL),
       (5686, 612116, '美姑县', 6121, 5, NULL, 1, 0, NULL),
       (5687, 612117, '雷波县', 6121, 5, NULL, 1, 0, NULL),
       (5688, 62, '云南省', 0, 3, NULL, 1, 0, NULL),
       (5689, 6201, '昆明市', 62, 4, NULL, 1, 0, NULL),
       (5690, 620102, '五华区', 6201, 5, NULL, 1, 0, NULL),
       (5691, 620103, '盘龙区', 6201, 5, NULL, 1, 0, NULL),
       (5692, 620104, '官渡区', 6201, 5, NULL, 1, 0, NULL),
       (5693, 620105, '西山区', 6201, 5, NULL, 1, 0, NULL),
       (5694, 620106, '东川区', 6201, 5, NULL, 1, 0, NULL),
       (5695, 620107, '呈贡县', 6201, 5, NULL, 1, 0, NULL),
       (5696, 620108, '晋宁县', 6201, 5, NULL, 1, 0, NULL),
       (5697, 620109, '富民县', 6201, 5, NULL, 1, 0, NULL),
       (5698, 620110, '宜良县', 6201, 5, NULL, 1, 0, NULL),
       (5699, 620111, '石林县', 6201, 5, NULL, 1, 0, NULL),
       (5700, 620112, '嵩明县', 6201, 5, NULL, 1, 0, NULL),
       (5701, 620113, '禄劝县', 6201, 5, NULL, 1, 0, NULL),
       (5702, 620114, '寻甸回族县', 6201, 5, NULL, 1, 0, NULL),
       (5703, 620115, '安宁市', 6201, 4, NULL, 1, 0, NULL),
       (5704, 620116, '开发区', 6201, 5, NULL, 1, 0, NULL),
       (5705, 6202, '曲靖市', 62, 4, NULL, 1, 0, NULL),
       (5706, 620202, '麒麟区', 6202, 5, NULL, 1, 0, NULL),
       (5707, 620203, '马龙县', 6202, 5, NULL, 1, 0, NULL),
       (5708, 620204, '陆良县', 6202, 5, NULL, 1, 0, NULL),
       (5709, 620205, '师宗县', 6202, 5, NULL, 1, 0, NULL),
       (5710, 620206, '罗平县', 6202, 5, NULL, 1, 0, NULL),
       (5711, 620207, '富源县', 6202, 5, NULL, 1, 0, NULL),
       (5712, 620208, '会泽县', 6202, 5, NULL, 1, 0, NULL),
       (5713, 620209, '沾益县', 6202, 5, NULL, 1, 0, NULL),
       (5714, 620210, '宣威市', 6202, 4, NULL, 1, 0, NULL),
       (5715, 620211, '开发区', 6202, 5, NULL, 1, 0, NULL),
       (5716, 6203, '玉溪市', 62, 4, NULL, 1, 0, NULL),
       (5717, 620302, '红塔区', 6203, 5, NULL, 1, 0, NULL),
       (5718, 620303, '江川县', 6203, 5, NULL, 1, 0, NULL),
       (5719, 620304, '澄江县', 6203, 5, NULL, 1, 0, NULL),
       (5720, 620305, '通海县', 6203, 5, NULL, 1, 0, NULL),
       (5721, 620306, '华宁县', 6203, 5, NULL, 1, 0, NULL),
       (5722, 620307, '易门县', 6203, 5, NULL, 1, 0, NULL),
       (5723, 620308, '峨山县', 6203, 5, NULL, 1, 0, NULL),
       (5724, 620309, '新平县', 6203, 5, NULL, 1, 0, NULL),
       (5725, 620310, '元江哈尼族县', 6203, 5, NULL, 1, 0, NULL),
       (5726, 6204, '昭通市', 62, 4, NULL, 1, 0, NULL),
       (5727, 620402, '昭阳区', 6204, 5, NULL, 1, 0, NULL),
       (5728, 620403, '鲁甸县', 6204, 5, NULL, 1, 0, NULL),
       (5729, 620404, '巧家县', 6204, 5, NULL, 1, 0, NULL),
       (5730, 620405, '盐津县', 6204, 5, NULL, 1, 0, NULL),
       (5731, 620406, '大关县', 6204, 5, NULL, 1, 0, NULL),
       (5732, 620407, '永善县', 6204, 5, NULL, 1, 0, NULL),
       (5733, 620408, '绥江县', 6204, 5, NULL, 1, 0, NULL),
       (5734, 620409, '镇雄县', 6204, 5, NULL, 1, 0, NULL),
       (5735, 620410, '彝良县', 6204, 5, NULL, 1, 0, NULL),
       (5736, 620411, '威信县', 6204, 5, NULL, 1, 0, NULL),
       (5737, 620412, '水富县', 6204, 5, NULL, 1, 0, NULL),
       (5738, 6205, '楚雄州', 62, NULL, NULL, 1, 0, NULL),
       (5739, 620501, '楚雄市', 6205, 4, NULL, 1, 0, NULL),
       (5740, 620502, '双柏县', 6205, 5, NULL, 1, 0, NULL),
       (5741, 620503, '牟定县', 6205, 5, NULL, 1, 0, NULL),
       (5742, 620504, '南华县', 6205, 5, NULL, 1, 0, NULL),
       (5743, 620505, '姚安县', 6205, 5, NULL, 1, 0, NULL),
       (5744, 620506, '大姚县', 6205, 5, NULL, 1, 0, NULL),
       (5745, 620507, '永仁县', 6205, 5, NULL, 1, 0, NULL),
       (5746, 620508, '元谋县', 6205, 5, NULL, 1, 0, NULL),
       (5747, 620509, '武定县', 6205, 5, NULL, 1, 0, NULL),
       (5748, 620510, '禄丰县', 6205, 5, NULL, 1, 0, NULL),
       (5749, 6206, '红河哈尼族州', 62, NULL, NULL, 1, 0, NULL),
       (5750, 620601, '个旧市', 6206, 4, NULL, 1, 0, NULL),
       (5751, 620602, '开远市', 6206, 4, NULL, 1, 0, NULL),
       (5752, 620603, '蒙自县', 6206, 5, NULL, 1, 0, NULL),
       (5753, 620604, '屏边县', 6206, 5, NULL, 1, 0, NULL),
       (5754, 620605, '建水县', 6206, 5, NULL, 1, 0, NULL),
       (5755, 620606, '石屏县', 6206, 5, NULL, 1, 0, NULL),
       (5756, 620607, '弥勒县', 6206, 5, NULL, 1, 0, NULL),
       (5757, 620608, '泸西县', 6206, 5, NULL, 1, 0, NULL),
       (5758, 620609, '元阳县', 6206, 5, NULL, 1, 0, NULL),
       (5759, 620610, '红河县', 6206, 5, NULL, 1, 0, NULL),
       (5760, 620611, '金平县', 6206, 5, NULL, 1, 0, NULL),
       (5761, 620612, '绿春县', 6206, 5, NULL, 1, 0, NULL),
       (5762, 620613, '河口县', 6206, 5, NULL, 1, 0, NULL),
       (5763, 6207, '丽江市', 62, 4, NULL, 1, 0, NULL),
       (5764, 620702, '古城区', 6207, 5, NULL, 1, 0, NULL),
       (5765, 620703, '玉龙县', 6207, 5, NULL, 1, 0, NULL),
       (5766, 620704, '永胜县', 6207, 5, NULL, 1, 0, NULL),
       (5767, 620705, '华坪县', 6207, 5, NULL, 1, 0, NULL),
       (5768, 620706, '宁蒗县', 6207, 5, NULL, 1, 0, NULL),
       (5769, 6208, '迪庆州', 62, NULL, NULL, 1, 0, NULL),
       (5770, 620801, '香格里拉县', 6208, 5, NULL, 1, 0, NULL),
       (5771, 620802, '德钦县', 6208, 5, NULL, 1, 0, NULL),
       (5772, 620803, '维西县', 6208, 5, NULL, 1, 0, NULL),
       (5773, 6209, '文山州', 62, NULL, NULL, 1, 0, NULL),
       (5774, 620901, '文山县', 6209, 5, NULL, 1, 0, NULL),
       (5775, 620902, '砚山县', 6209, 5, NULL, 1, 0, NULL),
       (5776, 620903, '西畴县', 6209, 5, NULL, 1, 0, NULL),
       (5777, 620904, '麻栗坡县', 6209, 5, NULL, 1, 0, NULL),
       (5778, 620905, '马关县', 6209, 5, NULL, 1, 0, NULL),
       (5779, 620906, '丘北县', 6209, 5, NULL, 1, 0, NULL),
       (5780, 620907, '广南县', 6209, 5, NULL, 1, 0, NULL),
       (5781, 620908, '富宁县', 6209, 5, NULL, 1, 0, NULL),
       (5782, 6210, '西双版纳州', 62, NULL, NULL, 1, 0, NULL),
       (5783, 621001, '景洪市', 6210, 4, NULL, 1, 0, NULL),
       (5784, 621002, '勐海县', 6210, 5, NULL, 1, 0, NULL),
       (5785, 621003, '勐腊县', 6210, 5, NULL, 1, 0, NULL),
       (5786, 6211, '普洱市', 62, 4, NULL, 1, 0, NULL),
       (5787, 621102, '思茅区', 6211, 5, NULL, 1, 0, NULL),
       (5788, 621103, '宁洱哈尼族县', 6211, 5, NULL, 1, 0, NULL),
       (5789, 621104, '墨江县', 6211, 5, NULL, 1, 0, NULL),
       (5790, 621105, '景东县', 6211, 5, NULL, 1, 0, NULL),
       (5791, 621106, '景谷傣族县', 6211, 5, NULL, 1, 0, NULL),
       (5792, 621107, '镇沅县', 6211, 5, NULL, 1, 0, NULL),
       (5793, 621108, '江城哈尼族县', 6211, 5, NULL, 1, 0, NULL),
       (5794, 621109, '孟连县', 6211, 5, NULL, 1, 0, NULL),
       (5795, 621110, '澜沧县', 6211, 5, NULL, 1, 0, NULL),
       (5796, 621111, '西盟县', 6211, 5, NULL, 1, 0, NULL),
       (5797, 6212, '大理', 62, NULL, NULL, 1, 0, NULL),
       (5798, 621201, '大理市', 6212, 4, NULL, 1, 0, NULL),
       (5799, 621202, '漾濞县', 6212, 5, NULL, 1, 0, NULL),
       (5800, 621203, '祥云县', 6212, 5, NULL, 1, 0, NULL),
       (5801, 621204, '宾川县', 6212, 5, NULL, 1, 0, NULL),
       (5802, 621205, '弥渡县', 6212, 5, NULL, 1, 0, NULL),
       (5803, 621206, '南涧县', 6212, 5, NULL, 1, 0, NULL),
       (5804, 621207, '巍山彝族县', 6212, 5, NULL, 1, 0, NULL),
       (5805, 621208, '永平县', 6212, 5, NULL, 1, 0, NULL),
       (5806, 621209, '云龙县', 6212, 5, NULL, 1, 0, NULL),
       (5807, 621210, '洱源县', 6212, 5, NULL, 1, 0, NULL),
       (5808, 621211, '剑川县', 6212, 5, NULL, 1, 0, NULL),
       (5809, 621212, '鹤庆县', 6212, 5, NULL, 1, 0, NULL),
       (5810, 6213, '保山市', 62, 4, NULL, 1, 0, NULL),
       (5811, 621302, '隆阳区', 6213, 5, NULL, 1, 0, NULL),
       (5812, 621303, '施甸县', 6213, 5, NULL, 1, 0, NULL),
       (5813, 621304, '腾冲县', 6213, 5, NULL, 1, 0, NULL),
       (5814, 621305, '龙陵县', 6213, 5, NULL, 1, 0, NULL),
       (5815, 621306, '昌宁县', 6213, 5, NULL, 1, 0, NULL),
       (5816, 6214, '德宏', 62, NULL, NULL, 1, 0, NULL),
       (5817, 621401, '瑞丽市', 6214, 4, NULL, 1, 0, NULL),
       (5818, 621402, '潞西市', 6214, 4, NULL, 1, 0, NULL),
       (5819, 621403, '梁河县', 6214, 5, NULL, 1, 0, NULL),
       (5820, 621404, '盈江县', 6214, 5, NULL, 1, 0, NULL),
       (5821, 621405, '陇川县', 6214, 5, NULL, 1, 0, NULL),
       (5822, 6215, '怒江', 62, NULL, NULL, 1, 0, NULL),
       (5823, 621501, '泸水县', 6215, 5, NULL, 1, 0, NULL),
       (5824, 621502, '福贡县', 6215, 5, NULL, 1, 0, NULL),
       (5825, 621503, '贡山县', 6215, 5, NULL, 1, 0, NULL),
       (5826, 621504, '兰坪县', 6215, 5, NULL, 1, 0, NULL),
       (5827, 6216, '临沧市', 62, 4, NULL, 1, 0, NULL),
       (5828, 621602, '临翔区', 6216, 5, NULL, 1, 0, NULL),
       (5829, 621603, '凤庆县', 6216, 5, NULL, 1, 0, NULL),
       (5830, 621604, '云县', 6216, 5, NULL, 1, 0, NULL),
       (5831, 621605, '永德县', 6216, 5, NULL, 1, 0, NULL),
       (5832, 621606, '镇康县', 6216, 5, NULL, 1, 0, NULL),
       (5833, 621607, '双江县', 6216, 5, NULL, 1, 0, NULL),
       (5834, 621608, '耿马傣族县', 6216, 5, NULL, 1, 0, NULL),
       (5835, 621609, '沧源县', 6216, 5, NULL, 1, 0, NULL),
       (5836, 63, '贵州省', 0, 3, NULL, 1, 0, NULL),
       (5837, 6301, '贵阳市', 63, 4, NULL, 1, 0, NULL),
       (5838, 630102, '南明区', 6301, 5, NULL, 1, 0, NULL),
       (5839, 630103, '云岩区', 6301, 5, NULL, 1, 0, NULL),
       (5840, 630104, '花溪区', 6301, 5, NULL, 1, 0, NULL),
       (5841, 630105, '乌当区', 6301, 5, NULL, 1, 0, NULL),
       (5842, 630106, '白云区', 6301, 5, NULL, 1, 0, NULL),
       (5843, 630107, '小河区', 6301, 5, NULL, 1, 0, NULL),
       (5844, 630108, '开阳县', 6301, 5, NULL, 1, 0, NULL),
       (5845, 630109, '息烽县', 6301, 5, NULL, 1, 0, NULL),
       (5846, 630110, '修文县', 6301, 5, NULL, 1, 0, NULL),
       (5847, 630111, '清镇市', 6301, 4, NULL, 1, 0, NULL),
       (5848, 630112, '开发区', 6301, 5, NULL, 1, 0, NULL),
       (5849, 6302, '遵义市', 63, 4, NULL, 1, 0, NULL),
       (5850, 630202, '红花岗区', 6302, 5, NULL, 1, 0, NULL),
       (5851, 630203, '汇川区', 6302, 5, NULL, 1, 0, NULL),
       (5852, 630204, '遵义县', 6302, 5, NULL, 1, 0, NULL),
       (5853, 630205, '桐梓县', 6302, 5, NULL, 1, 0, NULL),
       (5854, 630206, '绥阳县', 6302, 5, NULL, 1, 0, NULL),
       (5855, 630207, '正安县', 6302, 5, NULL, 1, 0, NULL),
       (5856, 630208, '道真仡佬族县', 6302, 5, NULL, 1, 0, NULL),
       (5857, 630209, '务川仡佬族县', 6302, 5, NULL, 1, 0, NULL),
       (5858, 630210, '凤冈县', 6302, 5, NULL, 1, 0, NULL),
       (5859, 630211, '湄潭县', 6302, 5, NULL, 1, 0, NULL),
       (5860, 630212, '余庆县', 6302, 5, NULL, 1, 0, NULL),
       (5861, 630213, '习水县', 6302, 5, NULL, 1, 0, NULL),
       (5862, 630214, '赤水市', 6302, 4, NULL, 1, 0, NULL),
       (5863, 630215, '仁怀市', 6302, 4, NULL, 1, 0, NULL),
       (5864, 630216, '开发区', 6302, 5, NULL, 1, 0, NULL),
       (5865, 6303, '六盘水市', 63, 4, NULL, 1, 0, NULL),
       (5866, 630301, '钟山区', 6303, 5, NULL, 1, 0, NULL),
       (5867, 630302, '六枝特区', 6303, 5, NULL, 1, 0, NULL),
       (5868, 630303, '水城县', 6303, 5, NULL, 1, 0, NULL),
       (5869, 630304, '盘县', 6303, 5, NULL, 1, 0, NULL),
       (5870, 6304, '安顺市', 63, 4, NULL, 1, 0, NULL),
       (5871, 630402, '西秀区', 6304, 5, NULL, 1, 0, NULL),
       (5872, 630403, '平坝县', 6304, 5, NULL, 1, 0, NULL),
       (5873, 630404, '普定县', 6304, 5, NULL, 1, 0, NULL),
       (5874, 630405, '镇宁布依族县', 6304, 5, NULL, 1, 0, NULL),
       (5875, 630406, '关岭布依族县', 6304, 5, NULL, 1, 0, NULL),
       (5876, 630407, '紫云县', 6304, 5, NULL, 1, 0, NULL),
       (5877, 6305, '黔西南', 63, NULL, NULL, 1, 0, NULL),
       (5878, 630501, '兴义市', 6305, 4, NULL, 1, 0, NULL),
       (5879, 630502, '兴仁县', 6305, 5, NULL, 1, 0, NULL),
       (5880, 630503, '普安县', 6305, 5, NULL, 1, 0, NULL),
       (5881, 630504, '晴隆县', 6305, 5, NULL, 1, 0, NULL),
       (5882, 630505, '贞丰县', 6305, 5, NULL, 1, 0, NULL),
       (5883, 630506, '望谟县', 6305, 5, NULL, 1, 0, NULL),
       (5884, 630507, '册亨县', 6305, 5, NULL, 1, 0, NULL),
       (5885, 630508, '安龙县', 6305, 5, NULL, 1, 0, NULL),
       (5886, 6306, '黔南', 63, NULL, NULL, 1, 0, NULL),
       (5887, 630601, '都匀市', 6306, 4, NULL, 1, 0, NULL),
       (5888, 630602, '福泉市', 6306, 4, NULL, 1, 0, NULL),
       (5889, 630603, '荔波县', 6306, 5, NULL, 1, 0, NULL),
       (5890, 630604, '贵定县', 6306, 5, NULL, 1, 0, NULL),
       (5891, 630605, '瓮安县', 6306, 5, NULL, 1, 0, NULL),
       (5892, 630606, '独山县', 6306, 5, NULL, 1, 0, NULL),
       (5893, 630607, '平塘县', 6306, 5, NULL, 1, 0, NULL),
       (5894, 630608, '罗甸县', 6306, 5, NULL, 1, 0, NULL),
       (5895, 630609, '长顺县', 6306, 5, NULL, 1, 0, NULL),
       (5896, 630610, '龙里县', 6306, 5, NULL, 1, 0, NULL),
       (5897, 630611, '惠水县', 6306, 5, NULL, 1, 0, NULL),
       (5898, 630612, '三都县', 6306, 5, NULL, 1, 0, NULL),
       (5899, 6307, '铜仁地区', 63, 5, NULL, 1, 0, NULL),
       (5900, 630701, '铜仁市', 6307, 4, NULL, 1, 0, NULL),
       (5901, 630702, '江口县', 6307, 5, NULL, 1, 0, NULL),
       (5902, 630703, '玉屏县', 6307, 5, NULL, 1, 0, NULL),
       (5903, 630704, '石阡县', 6307, 5, NULL, 1, 0, NULL),
       (5904, 630705, '思南县', 6307, 5, NULL, 1, 0, NULL),
       (5905, 630706, '印江县', 6307, 5, NULL, 1, 0, NULL),
       (5906, 630707, '德江县', 6307, 5, NULL, 1, 0, NULL),
       (5907, 630708, '沿河县', 6307, 5, NULL, 1, 0, NULL),
       (5908, 630709, '松桃县', 6307, 5, NULL, 1, 0, NULL),
       (5909, 630710, '万山特区', 6307, 5, NULL, 1, 0, NULL),
       (5910, 6308, '毕节地区', 63, 5, NULL, 1, 0, NULL),
       (5911, 630801, '毕节市', 6308, 4, NULL, 1, 0, NULL),
       (5912, 630802, '大方县', 6308, 5, NULL, 1, 0, NULL),
       (5913, 630803, '黔西县', 6308, 5, NULL, 1, 0, NULL),
       (5914, 630804, '金沙县', 6308, 5, NULL, 1, 0, NULL),
       (5915, 630805, '织金县', 6308, 5, NULL, 1, 0, NULL),
       (5916, 630806, '纳雍县', 6308, 5, NULL, 1, 0, NULL),
       (5917, 630807, '威宁县', 6308, 5, NULL, 1, 0, NULL),
       (5918, 630808, '赫章县', 6308, 5, NULL, 1, 0, NULL),
       (5919, 6309, '黔东南', 63, NULL, NULL, 1, 0, NULL),
       (5920, 630901, '凯里市', 6309, 4, NULL, 1, 0, NULL),
       (5921, 630902, '黄平县', 6309, 5, NULL, 1, 0, NULL),
       (5922, 630903, '施秉县', 6309, 5, NULL, 1, 0, NULL),
       (5923, 630904, '三穗县', 6309, 5, NULL, 1, 0, NULL),
       (5924, 630905, '镇远县', 6309, 5, NULL, 1, 0, NULL),
       (5925, 630906, '岑巩县', 6309, 5, NULL, 1, 0, NULL),
       (5926, 630907, '天柱县', 6309, 5, NULL, 1, 0, NULL),
       (5927, 630908, '锦屏县', 6309, 5, NULL, 1, 0, NULL),
       (5928, 630909, '剑河县', 6309, 5, NULL, 1, 0, NULL),
       (5929, 630910, '台江县', 6309, 5, NULL, 1, 0, NULL),
       (5930, 630911, '黎平县', 6309, 5, NULL, 1, 0, NULL),
       (5931, 630912, '榕江县', 6309, 5, NULL, 1, 0, NULL),
       (5932, 630913, '从江县', 6309, 5, NULL, 1, 0, NULL),
       (5933, 630914, '雷山县', 6309, 5, NULL, 1, 0, NULL),
       (5934, 630915, '麻江县', 6309, 5, NULL, 1, 0, NULL),
       (5935, 630916, '丹寨县', 6309, 5, NULL, 1, 0, NULL),
       (5936, 64, '西藏', 0, 3, NULL, 1, 0, NULL),
       (5937, 6401, '拉萨市', 64, 4, NULL, 1, 0, NULL),
       (5938, 640102, '城关区', 6401, 5, NULL, 1, 0, NULL),
       (5939, 640103, '林周县', 6401, 5, NULL, 1, 0, NULL),
       (5940, 640104, '当雄县', 6401, 5, NULL, 1, 0, NULL),
       (5941, 640105, '尼木县', 6401, 5, NULL, 1, 0, NULL),
       (5942, 640106, '曲水县', 6401, 5, NULL, 1, 0, NULL),
       (5943, 640107, '堆龙德庆县', 6401, 5, NULL, 1, 0, NULL),
       (5944, 640108, '达孜县', 6401, 5, NULL, 1, 0, NULL),
       (5945, 640109, '墨竹工卡县', 6401, 5, NULL, 1, 0, NULL),
       (5946, 640110, '开发区', 6401, 5, NULL, 1, 0, NULL),
       (5947, 6402, '日喀则地区', 64, 5, NULL, 1, 0, NULL),
       (5948, 640201, '日喀则市', 6402, 4, NULL, 1, 0, NULL),
       (5949, 640202, '南木林县', 6402, 5, NULL, 1, 0, NULL),
       (5950, 640203, '江孜县', 6402, 5, NULL, 1, 0, NULL),
       (5951, 640204, '定日县', 6402, 5, NULL, 1, 0, NULL),
       (5952, 640205, '萨迦县', 6402, 5, NULL, 1, 0, NULL),
       (5953, 640206, '拉孜县', 6402, 5, NULL, 1, 0, NULL),
       (5954, 640207, '昂仁县', 6402, 5, NULL, 1, 0, NULL),
       (5955, 640208, '谢通门县', 6402, 5, NULL, 1, 0, NULL),
       (5956, 640209, '白朗县', 6402, 5, NULL, 1, 0, NULL),
       (5957, 640210, '仁布县', 6402, 5, NULL, 1, 0, NULL),
       (5958, 640211, '康马县', 6402, 5, NULL, 1, 0, NULL),
       (5959, 640212, '定结县', 6402, 5, NULL, 1, 0, NULL),
       (5960, 640213, '仲巴县', 6402, 5, NULL, 1, 0, NULL),
       (5961, 640214, '亚东县', 6402, 5, NULL, 1, 0, NULL),
       (5962, 640215, '吉隆县', 6402, 5, NULL, 1, 0, NULL),
       (5963, 640216, '聂拉木县', 6402, 5, NULL, 1, 0, NULL),
       (5964, 640217, '萨嘎县', 6402, 5, NULL, 1, 0, NULL),
       (5965, 640218, '岗巴县', 6402, 5, NULL, 1, 0, NULL),
       (5966, 6403, '山南地区', 64, 5, NULL, 1, 0, NULL),
       (5967, 640301, '乃东县', 6403, 5, NULL, 1, 0, NULL),
       (5968, 640302, '扎囊县', 6403, 5, NULL, 1, 0, NULL),
       (5969, 640303, '贡嘎县', 6403, 5, NULL, 1, 0, NULL),
       (5970, 640304, '桑日县', 6403, 5, NULL, 1, 0, NULL),
       (5971, 640305, '琼结县', 6403, 5, NULL, 1, 0, NULL),
       (5972, 640306, '曲松县', 6403, 5, NULL, 1, 0, NULL),
       (5973, 640307, '措美县', 6403, 5, NULL, 1, 0, NULL),
       (5974, 640308, '洛扎县', 6403, 5, NULL, 1, 0, NULL),
       (5975, 640309, '加查县', 6403, 5, NULL, 1, 0, NULL),
       (5976, 640310, '隆子县', 6403, 5, NULL, 1, 0, NULL),
       (5977, 640311, '错那县', 6403, 5, NULL, 1, 0, NULL),
       (5978, 640312, '浪卡子县', 6403, 5, NULL, 1, 0, NULL),
       (5979, 6404, '林芝地区', 64, 5, NULL, 1, 0, NULL),
       (5980, 640401, '林芝县', 6404, 5, NULL, 1, 0, NULL),
       (5981, 640402, '工布江达县', 6404, 5, NULL, 1, 0, NULL),
       (5982, 640403, '米林县', 6404, 5, NULL, 1, 0, NULL),
       (5983, 640404, '墨脱县', 6404, 5, NULL, 1, 0, NULL),
       (5984, 640405, '波密县', 6404, 5, NULL, 1, 0, NULL),
       (5985, 640406, '察隅县', 6404, 5, NULL, 1, 0, NULL),
       (5986, 640407, '朗县', 6404, 5, NULL, 1, 0, NULL),
       (5987, 6405, '昌都地区', 64, 5, NULL, 1, 0, NULL),
       (5988, 640501, '昌都县', 6405, 5, NULL, 1, 0, NULL),
       (5989, 640502, '江达县', 6405, 5, NULL, 1, 0, NULL),
       (5990, 640503, '贡觉县', 6405, 5, NULL, 1, 0, NULL),
       (5991, 640504, '类乌齐县', 6405, 5, NULL, 1, 0, NULL),
       (5992, 640505, '丁青县', 6405, 5, NULL, 1, 0, NULL),
       (5993, 640506, '察雅县', 6405, 5, NULL, 1, 0, NULL),
       (5994, 640507, '八宿县', 6405, 5, NULL, 1, 0, NULL),
       (5995, 640508, '左贡县', 6405, 5, NULL, 1, 0, NULL),
       (5996, 640509, '芒康县', 6405, 5, NULL, 1, 0, NULL),
       (5997, 640510, '洛隆县', 6405, 5, NULL, 1, 0, NULL),
       (5998, 640511, '边坝县', 6405, 5, NULL, 1, 0, NULL),
       (5999, 6406, '那曲地区', 64, 5, NULL, 1, 0, NULL),
       (6000, 640601, '那曲县', 6406, 5, NULL, 1, 0, NULL),
       (6001, 640602, '嘉黎县', 6406, 5, NULL, 1, 0, NULL),
       (6002, 640603, '比如县', 6406, 5, NULL, 1, 0, NULL),
       (6003, 640604, '聂荣县', 6406, 5, NULL, 1, 0, NULL),
       (6004, 640605, '安多县', 6406, 5, NULL, 1, 0, NULL),
       (6005, 640606, '申扎县', 6406, 5, NULL, 1, 0, NULL),
       (6006, 640607, '索县', 6406, 5, NULL, 1, 0, NULL),
       (6007, 640608, '班戈县', 6406, 5, NULL, 1, 0, NULL),
       (6008, 640609, '巴青县', 6406, 5, NULL, 1, 0, NULL),
       (6009, 640610, '尼玛县', 6406, 5, NULL, 1, 0, NULL),
       (6010, 6407, '阿里地区', 64, 5, NULL, 1, 0, NULL),
       (6011, 640701, '普兰县', 6407, 5, NULL, 1, 0, NULL),
       (6012, 640702, '札达县', 6407, 5, NULL, 1, 0, NULL),
       (6013, 640703, '噶尔县', 6407, 5, NULL, 1, 0, NULL),
       (6014, 640704, '日土县', 6407, 5, NULL, 1, 0, NULL),
       (6015, 640705, '革吉县', 6407, 5, NULL, 1, 0, NULL),
       (6016, 640706, '改则县', 6407, 5, NULL, 1, 0, NULL),
       (6017, 640707, '措勤县', 6407, 5, NULL, 1, 0, NULL),
       (6018, 70, '河南省', 0, 3, NULL, 1, 0, NULL),
       (6019, 7001, '郑州市', 70, 4, NULL, 1, 0, NULL),
       (6020, 700102, '中原区', 7001, 5, NULL, 1, 0, NULL),
       (6021, 700103, '二七区', 7001, 5, NULL, 1, 0, NULL),
       (6022, 700104, '管城回族区', 7001, 5, NULL, 1, 0, NULL),
       (6023, 700105, '金水区', 7001, 5, NULL, 1, 0, NULL),
       (6024, 700106, '上街区', 7001, 5, NULL, 1, 0, NULL),
       (6025, 700107, '惠济区', 7001, 5, NULL, 1, 0, NULL),
       (6026, 700108, '中牟县', 7001, 5, NULL, 1, 0, NULL),
       (6027, 700109, '巩义市', 7001, 4, NULL, 1, 0, NULL),
       (6028, 700110, '荥阳市', 7001, 4, NULL, 1, 0, NULL),
       (6029, 700111, '新密市', 7001, 4, NULL, 1, 0, NULL),
       (6030, 700112, '新郑市', 7001, 4, NULL, 1, 0, NULL),
       (6031, 700113, '登封市', 7001, 4, NULL, 1, 0, NULL),
       (6032, 700114, '经济开发区', 7001, 5, NULL, 1, 0, NULL),
       (6033, 700115, '郑东新区', 7001, 5, NULL, 1, 0, NULL),
       (6034, 700116, '高新区', 7001, 5, NULL, 1, 0, NULL),
       (6035, 7002, '洛阳市', 70, 4, NULL, 1, 0, NULL),
       (6036, 700202, '老城区', 7002, 5, NULL, 1, 0, NULL),
       (6037, 700203, '西工区', 7002, 5, NULL, 1, 0, NULL),
       (6038, 700204, '瀍河回族区', 7002, 5, NULL, 1, 0, NULL),
       (6039, 700205, '涧西区', 7002, 5, NULL, 1, 0, NULL),
       (6040, 700206, '吉利区', 7002, 5, NULL, 1, 0, NULL),
       (6041, 700207, '洛龙区', 7002, 5, NULL, 1, 0, NULL),
       (6042, 700208, '孟津县', 7002, 5, NULL, 1, 0, NULL),
       (6043, 700209, '新安县', 7002, 5, NULL, 1, 0, NULL),
       (6044, 700210, '栾川县', 7002, 5, NULL, 1, 0, NULL),
       (6045, 700211, '嵩县', 7002, 5, NULL, 1, 0, NULL),
       (6046, 700212, '汝阳县', 7002, 5, NULL, 1, 0, NULL),
       (6047, 700213, '宜阳县', 7002, 5, NULL, 1, 0, NULL),
       (6048, 700214, '洛宁县', 7002, 5, NULL, 1, 0, NULL),
       (6049, 700215, '伊川县', 7002, 5, NULL, 1, 0, NULL),
       (6050, 700216, '偃师市', 7002, 4, NULL, 1, 0, NULL),
       (6051, 700217, '高新区', 7002, 5, NULL, 1, 0, NULL),
       (6052, 7003, '开封市', 70, 4, NULL, 1, 0, NULL),
       (6053, 700302, '龙亭区', 7003, 5, NULL, 1, 0, NULL),
       (6054, 700303, '顺河回族区', 7003, 5, NULL, 1, 0, NULL),
       (6055, 700304, '鼓楼区', 7003, 5, NULL, 1, 0, NULL),
       (6056, 700305, '禹王台区', 7003, 5, NULL, 1, 0, NULL),
       (6057, 700306, '金明区', 7003, 5, NULL, 1, 0, NULL),
       (6058, 700307, '杞县', 7003, 5, NULL, 1, 0, NULL),
       (6059, 700308, '通许县', 7003, 5, NULL, 1, 0, NULL),
       (6060, 700309, '尉氏县', 7003, 5, NULL, 1, 0, NULL),
       (6061, 700310, '开封县', 7003, 5, NULL, 1, 0, NULL),
       (6062, 700311, '兰考县', 7003, 5, NULL, 1, 0, NULL),
       (6063, 700312, '开发区', 7003, 5, NULL, 1, 0, NULL),
       (6064, 7004, '安阳市', 70, 4, NULL, 1, 0, NULL),
       (6065, 700402, '文峰区', 7004, 5, NULL, 1, 0, NULL),
       (6066, 700403, '北关区', 7004, 5, NULL, 1, 0, NULL),
       (6067, 700404, '殷都区', 7004, 5, NULL, 1, 0, NULL),
       (6068, 700405, '龙安区', 7004, 5, NULL, 1, 0, NULL),
       (6069, 700406, '安阳县', 7004, 5, NULL, 1, 0, NULL),
       (6070, 700407, '汤阴县', 7004, 5, NULL, 1, 0, NULL),
       (6071, 700408, '滑县', 7004, 5, NULL, 1, 0, NULL),
       (6072, 700409, '内黄县', 7004, 5, NULL, 1, 0, NULL),
       (6073, 700410, '林州市', 7004, 4, NULL, 1, 0, NULL),
       (6074, 700411, '高新区', 7004, 5, NULL, 1, 0, NULL),
       (6075, 7005, '新乡市', 70, 4, NULL, 1, 0, NULL),
       (6076, 700502, '红旗区', 7005, 5, NULL, 1, 0, NULL),
       (6077, 700503, '卫滨区', 7005, 5, NULL, 1, 0, NULL),
       (6078, 700504, '凤泉区', 7005, 5, NULL, 1, 0, NULL),
       (6079, 700505, '牧野区', 7005, 5, NULL, 1, 0, NULL),
       (6080, 700506, '新乡县', 7005, 5, NULL, 1, 0, NULL),
       (6081, 700507, '获嘉县', 7005, 5, NULL, 1, 0, NULL),
       (6082, 700508, '原阳县', 7005, 5, NULL, 1, 0, NULL),
       (6083, 700509, '延津县', 7005, 5, NULL, 1, 0, NULL),
       (6084, 700510, '封丘县', 7005, 5, NULL, 1, 0, NULL),
       (6085, 700511, '长垣县', 7005, 5, NULL, 1, 0, NULL),
       (6086, 700512, '卫辉市', 7005, 4, NULL, 1, 0, NULL),
       (6087, 700513, '辉县市', 7005, 4, NULL, 1, 0, NULL),
       (6088, 7006, '濮阳市', 70, 4, NULL, 1, 0, NULL),
       (6089, 700602, '华龙区', 7006, 5, NULL, 1, 0, NULL),
       (6090, 700603, '清丰县', 7006, 5, NULL, 1, 0, NULL),
       (6091, 700604, '南乐县', 7006, 5, NULL, 1, 0, NULL),
       (6092, 700605, '范县', 7006, 5, NULL, 1, 0, NULL),
       (6093, 700606, '台前县', 7006, 5, NULL, 1, 0, NULL),
       (6094, 700607, '濮阳县', 7006, 5, NULL, 1, 0, NULL),
       (6095, 7007, '焦作市', 70, 4, NULL, 1, 0, NULL),
       (6096, 700702, '解放区', 7007, 5, NULL, 1, 0, NULL),
       (6097, 700703, '中站区', 7007, 5, NULL, 1, 0, NULL),
       (6098, 700704, '马村区', 7007, 5, NULL, 1, 0, NULL),
       (6099, 700705, '山阳区', 7007, 5, NULL, 1, 0, NULL),
       (6100, 700706, '修武县', 7007, 5, NULL, 1, 0, NULL),
       (6101, 700707, '博爱县', 7007, 5, NULL, 1, 0, NULL),
       (6102, 700708, '武陟县', 7007, 5, NULL, 1, 0, NULL),
       (6103, 700709, '温县', 7007, 5, NULL, 1, 0, NULL),
       (6104, 700710, '沁阳市', 7007, 4, NULL, 1, 0, NULL),
       (6105, 700711, '孟州市', 7007, 4, NULL, 1, 0, NULL),
       (6106, 7008, '鹤壁市', 70, 4, NULL, 1, 0, NULL),
       (6107, 700802, '鹤山区', 7008, 5, NULL, 1, 0, NULL),
       (6108, 700803, '山城区', 7008, 5, NULL, 1, 0, NULL),
       (6109, 700804, '淇滨区', 7008, 5, NULL, 1, 0, NULL),
       (6110, 700805, '浚县', 7008, 5, NULL, 1, 0, NULL),
       (6111, 700806, '淇县', 7008, 5, NULL, 1, 0, NULL),
       (6112, 700807, '开发区', 7008, 5, NULL, 1, 0, NULL),
       (6113, 7009, '三门峡市', 70, 4, NULL, 1, 0, NULL),
       (6114, 700902, '湖滨区', 7009, 5, NULL, 1, 0, NULL),
       (6115, 700903, '渑池县', 7009, 5, NULL, 1, 0, NULL),
       (6116, 700904, '陕县', 7009, 5, NULL, 1, 0, NULL),
       (6117, 700905, '卢氏县', 7009, 5, NULL, 1, 0, NULL),
       (6118, 700906, '义马市', 7009, 4, NULL, 1, 0, NULL),
       (6119, 700907, '灵宝市', 7009, 4, NULL, 1, 0, NULL),
       (6120, 7010, '商丘市', 70, 4, NULL, 1, 0, NULL),
       (6121, 701002, '梁园区', 7010, 5, NULL, 1, 0, NULL),
       (6122, 701003, '睢阳区', 7010, 5, NULL, 1, 0, NULL),
       (6123, 701004, '民权县', 7010, 5, NULL, 1, 0, NULL),
       (6124, 701005, '睢县', 7010, 5, NULL, 1, 0, NULL),
       (6125, 701006, '宁陵县', 7010, 5, NULL, 1, 0, NULL),
       (6126, 701007, '柘城县', 7010, 5, NULL, 1, 0, NULL),
       (6127, 701008, '虞城县', 7010, 5, NULL, 1, 0, NULL),
       (6128, 701009, '夏邑县', 7010, 5, NULL, 1, 0, NULL),
       (6129, 701010, '永城市', 7010, 4, NULL, 1, 0, NULL),
       (6130, 7011, '许昌市', 70, 4, NULL, 1, 0, NULL),
       (6131, 701102, '魏都区', 7011, 5, NULL, 1, 0, NULL),
       (6132, 701103, '许昌县', 7011, 5, NULL, 1, 0, NULL),
       (6133, 701104, '鄢陵县', 7011, 5, NULL, 1, 0, NULL),
       (6134, 701105, '襄城县', 7011, 5, NULL, 1, 0, NULL),
       (6135, 701106, '禹州市', 7011, 4, NULL, 1, 0, NULL),
       (6136, 701107, '长葛市', 7011, 4, NULL, 1, 0, NULL),
       (6137, 701108, '开发区', 7011, 5, NULL, 1, 0, NULL),
       (6138, 7012, '漯河市', 70, 4, NULL, 1, 0, NULL),
       (6139, 701202, '源汇区', 7012, 5, NULL, 1, 0, NULL),
       (6140, 701203, '郾城区', 7012, 5, NULL, 1, 0, NULL),
       (6141, 701204, '召陵区', 7012, 5, NULL, 1, 0, NULL),
       (6142, 701205, '舞阳县', 7012, 5, NULL, 1, 0, NULL),
       (6143, 701206, '临颍县', 7012, 5, NULL, 1, 0, NULL),
       (6144, 701207, '开发区', 7012, 5, NULL, 1, 0, NULL),
       (6145, 7013, '平顶山市', 70, 4, NULL, 1, 0, NULL),
       (6146, 701302, '新华区', 7013, 5, NULL, 1, 0, NULL),
       (6147, 701303, '卫东区', 7013, 5, NULL, 1, 0, NULL),
       (6148, 701304, '石龙区', 7013, 5, NULL, 1, 0, NULL),
       (6149, 701305, '湛河区', 7013, 5, NULL, 1, 0, NULL),
       (6150, 701306, '宝丰县', 7013, 5, NULL, 1, 0, NULL),
       (6151, 701307, '叶县', 7013, 5, NULL, 1, 0, NULL),
       (6152, 701308, '鲁山县', 7013, 5, NULL, 1, 0, NULL),
       (6153, 701309, '郏县', 7013, 5, NULL, 1, 0, NULL),
       (6154, 701310, '舞钢市', 7013, 4, NULL, 1, 0, NULL),
       (6155, 701311, '汝州市', 7013, 4, NULL, 1, 0, NULL),
       (6156, 7014, '驻马店市', 70, 4, NULL, 1, 0, NULL),
       (6157, 701402, '驿城区', 7014, 5, NULL, 1, 0, NULL),
       (6158, 701403, '西平县', 7014, 5, NULL, 1, 0, NULL),
       (6159, 701404, '上蔡县', 7014, 5, NULL, 1, 0, NULL),
       (6160, 701405, '平舆县', 7014, 5, NULL, 1, 0, NULL),
       (6161, 701406, '正阳县', 7014, 5, NULL, 1, 0, NULL),
       (6162, 701407, '确山县', 7014, 5, NULL, 1, 0, NULL),
       (6163, 701408, '泌阳县', 7014, 5, NULL, 1, 0, NULL),
       (6164, 701409, '汝南县', 7014, 5, NULL, 1, 0, NULL),
       (6165, 701410, '遂平县', 7014, 5, NULL, 1, 0, NULL),
       (6166, 701411, '新蔡县', 7014, 5, NULL, 1, 0, NULL),
       (6167, 7015, '周口市', 70, 4, NULL, 1, 0, NULL),
       (6168, 701502, '川汇区', 7015, 5, NULL, 1, 0, NULL),
       (6169, 701503, '扶沟县', 7015, 5, NULL, 1, 0, NULL),
       (6170, 701504, '西华县', 7015, 5, NULL, 1, 0, NULL),
       (6171, 701505, '商水县', 7015, 5, NULL, 1, 0, NULL),
       (6172, 701506, '沈丘县', 7015, 5, NULL, 1, 0, NULL),
       (6173, 701507, '郸城县', 7015, 5, NULL, 1, 0, NULL),
       (6174, 701508, '淮阳县', 7015, 5, NULL, 1, 0, NULL),
       (6175, 701509, '太康县', 7015, 5, NULL, 1, 0, NULL),
       (6176, 701510, '鹿邑县', 7015, 5, NULL, 1, 0, NULL),
       (6177, 701511, '项城市', 7015, 4, NULL, 1, 0, NULL),
       (6178, 7016, '南阳市', 70, 4, NULL, 1, 0, NULL),
       (6179, 701602, '宛城区', 7016, 5, NULL, 1, 0, NULL),
       (6180, 701603, '卧龙区', 7016, 5, NULL, 1, 0, NULL),
       (6181, 701604, '南召县', 7016, 5, NULL, 1, 0, NULL),
       (6182, 701605, '方城县', 7016, 5, NULL, 1, 0, NULL),
       (6183, 701606, '西峡县', 7016, 5, NULL, 1, 0, NULL),
       (6184, 701607, '镇平县', 7016, 5, NULL, 1, 0, NULL),
       (6185, 701608, '内乡县', 7016, 5, NULL, 1, 0, NULL),
       (6186, 701609, '淅川县', 7016, 5, NULL, 1, 0, NULL),
       (6187, 701610, '社旗县', 7016, 5, NULL, 1, 0, NULL),
       (6188, 701611, '唐河县', 7016, 5, NULL, 1, 0, NULL),
       (6189, 701612, '新野县', 7016, 5, NULL, 1, 0, NULL),
       (6190, 701613, '桐柏县', 7016, 5, NULL, 1, 0, NULL),
       (6191, 701614, '邓州市', 7016, 4, NULL, 1, 0, NULL),
       (6192, 701615, '高新区', 7016, 5, NULL, 1, 0, NULL),
       (6193, 7017, '信阳市', 70, 4, NULL, 1, 0, NULL),
       (6194, 701702, '浉河区', 7017, 5, NULL, 1, 0, NULL),
       (6195, 701703, '平桥区', 7017, 5, NULL, 1, 0, NULL),
       (6196, 701704, '罗山县', 7017, 5, NULL, 1, 0, NULL),
       (6197, 701705, '光山县', 7017, 5, NULL, 1, 0, NULL),
       (6198, 701706, '新县', 7017, 5, NULL, 1, 0, NULL),
       (6199, 701707, '商城县', 7017, 5, NULL, 1, 0, NULL),
       (6200, 701708, '固始县', 7017, 5, NULL, 1, 0, NULL),
       (6201, 701709, '潢川县', 7017, 5, NULL, 1, 0, NULL),
       (6202, 701710, '淮滨县', 7017, 5, NULL, 1, 0, NULL),
       (6203, 701711, '息县', 7017, 5, NULL, 1, 0, NULL),
       (6204, 7018, '济源市', 70, 4, NULL, 1, 0, NULL),
       (6205, 71, '湖北省', 0, 3, NULL, 1, 0, NULL),
       (6206, 7101, '武汉市', 71, 4, NULL, 1, 0, NULL),
       (6207, 710102, '江岸区', 7101, 5, NULL, 1, 0, NULL),
       (6208, 710103, '江汉区', 7101, 5, NULL, 1, 0, NULL),
       (6209, 710104, '楚口区', 7101, 5, NULL, 1, 0, NULL),
       (6210, 710105, '汉阳区', 7101, 5, NULL, 1, 0, NULL),
       (6211, 710106, '武昌区', 7101, 5, NULL, 1, 0, NULL),
       (6212, 710107, '青山区', 7101, 5, NULL, 1, 0, NULL),
       (6213, 710108, '洪山区', 7101, 5, NULL, 1, 0, NULL),
       (6214, 710109, '东西湖区', 7101, 5, NULL, 1, 0, NULL),
       (6215, 710110, '汉南区', 7101, 5, NULL, 1, 0, NULL),
       (6216, 710111, '蔡甸区', 7101, 5, NULL, 1, 0, NULL),
       (6217, 710112, '江夏区', 7101, 5, NULL, 1, 0, NULL),
       (6218, 710113, '黄陂区', 7101, 5, NULL, 1, 0, NULL),
       (6219, 710114, '新洲区', 7101, 5, NULL, 1, 0, NULL),
       (6220, 710115, '开发区', 7101, 5, NULL, 1, 0, NULL),
       (6221, 7102, '黄石市', 71, 4, NULL, 1, 0, NULL),
       (6222, 710202, '黄石港区', 7102, 5, NULL, 1, 0, NULL),
       (6223, 710203, '西塞山区', 7102, 5, NULL, 1, 0, NULL),
       (6224, 710204, '下陆区', 7102, 5, NULL, 1, 0, NULL),
       (6225, 710205, '铁山区', 7102, 5, NULL, 1, 0, NULL),
       (6226, 710206, '阳新县', 7102, 5, NULL, 1, 0, NULL),
       (6227, 710207, '大冶市', 7102, 4, NULL, 1, 0, NULL),
       (6228, 710208, '开发区', 7102, 5, NULL, 1, 0, NULL),
       (6229, 7103, '襄阳市', 71, 4, NULL, 1, 0, NULL),
       (6230, 710302, '襄城区', 7103, 5, NULL, 1, 0, NULL),
       (6231, 710303, '樊城区', 7103, 5, NULL, 1, 0, NULL),
       (6232, 710304, '襄州区', 7103, 5, NULL, 1, 0, NULL),
       (6233, 710305, '南漳县', 7103, 5, NULL, 1, 0, NULL),
       (6234, 710306, '谷城县', 7103, 5, NULL, 1, 0, NULL),
       (6235, 710307, '保康县', 7103, 5, NULL, 1, 0, NULL),
       (6236, 710308, '老河口市', 7103, 4, NULL, 1, 0, NULL),
       (6237, 710309, '枣阳市', 7103, 4, NULL, 1, 0, NULL),
       (6238, 710310, '宜城市', 7103, 4, NULL, 1, 0, NULL),
       (6239, 710311, '开发区', 7103, 5, NULL, 1, 0, NULL),
       (6240, 7104, '十堰市', 71, 4, NULL, 1, 0, NULL),
       (6241, 710402, '茅箭区', 7104, 5, NULL, 1, 0, NULL),
       (6242, 710403, '张湾区', 7104, 5, NULL, 1, 0, NULL),
       (6243, 710404, '郧县', 7104, 5, NULL, 1, 0, NULL),
       (6244, 710405, '郧西县', 7104, 5, NULL, 1, 0, NULL),
       (6245, 710406, '竹山县', 7104, 5, NULL, 1, 0, NULL),
       (6246, 710407, '竹溪县', 7104, 5, NULL, 1, 0, NULL),
       (6247, 710408, '房县', 7104, 5, NULL, 1, 0, NULL),
       (6248, 710409, '丹江口市', 7104, 4, NULL, 1, 0, NULL),
       (6249, 7105, '荆州市', 71, 4, NULL, 1, 0, NULL),
       (6250, 710503, '荆州区', 7105, 5, NULL, 1, 0, NULL),
       (6251, 710504, '公安县', 7105, 5, NULL, 1, 0, NULL),
       (6252, 710505, '监利县', 7105, 5, NULL, 1, 0, NULL),
       (6253, 710506, '江陵县', 7105, 5, NULL, 1, 0, NULL),
       (6254, 710507, '石首市', 7105, 4, NULL, 1, 0, NULL),
       (6255, 710508, '洪湖市', 7105, 4, NULL, 1, 0, NULL),
       (6256, 710509, '松滋市', 7105, 4, NULL, 1, 0, NULL),
       (6257, 7106, '宜昌市', 71, 4, NULL, 1, 0, NULL),
       (6258, 710602, '西陵区', 7106, 5, NULL, 1, 0, NULL),
       (6259, 710603, '伍家岗区', 7106, 5, NULL, 1, 0, NULL),
       (6260, 710604, '点军区', 7106, 5, NULL, 1, 0, NULL),
       (6261, 710605, '猇亭区', 7106, 5, NULL, 1, 0, NULL),
       (6262, 710606, '夷陵区', 7106, 5, NULL, 1, 0, NULL),
       (6263, 710607, '远安县', 7106, 5, NULL, 1, 0, NULL),
       (6264, 710608, '兴山县', 7106, 5, NULL, 1, 0, NULL),
       (6265, 710609, '秭归县', 7106, 5, NULL, 1, 0, NULL),
       (6266, 710610, '长阳县', 7106, 5, NULL, 1, 0, NULL),
       (6267, 710611, '五峰县', 7106, 5, NULL, 1, 0, NULL),
       (6268, 710612, '宜都市', 7106, 4, NULL, 1, 0, NULL),
       (6269, 710613, '当阳市', 7106, 4, NULL, 1, 0, NULL),
       (6270, 710614, '枝江市', 7106, 4, NULL, 1, 0, NULL),
       (6271, 710615, '高新区', 7106, 5, NULL, 1, 0, NULL),
       (6272, 7107, '荆门市', 71, 4, NULL, 1, 0, NULL),
       (6273, 710702, '东宝区', 7107, 5, NULL, 1, 0, NULL),
       (6274, 710703, '掇刀区', 7107, 5, NULL, 1, 0, NULL),
       (6275, 710704, '京山县', 7107, 5, NULL, 1, 0, NULL),
       (6276, 710705, '沙洋县', 7107, 5, NULL, 1, 0, NULL),
       (6277, 710706, '钟祥市', 7107, 4, NULL, 1, 0, NULL),
       (6278, 7108, '鄂州市', 71, 4, NULL, 1, 0, NULL),
       (6279, 710802, '梁子湖区', 7108, 5, NULL, 1, 0, NULL),
       (6280, 710803, '华容区', 7108, 5, NULL, 1, 0, NULL),
       (6281, 710804, '鄂城区', 7108, 5, NULL, 1, 0, NULL),
       (6282, 7109, '孝感市', 71, 4, NULL, 1, 0, NULL),
       (6283, 710902, '孝南区', 7109, 5, NULL, 1, 0, NULL),
       (6284, 710903, '孝昌县', 7109, 5, NULL, 1, 0, NULL),
       (6285, 710904, '大悟县', 7109, 5, NULL, 1, 0, NULL),
       (6286, 710905, '云梦县', 7109, 5, NULL, 1, 0, NULL),
       (6287, 710906, '应城市', 7109, 4, NULL, 1, 0, NULL),
       (6288, 710907, '安陆市', 7109, 4, NULL, 1, 0, NULL),
       (6289, 710908, '汉川市', 7109, 4, NULL, 1, 0, NULL),
       (6290, 7110, '黄冈市', 71, 4, NULL, 1, 0, NULL),
       (6291, 711002, '黄州区', 7110, 5, NULL, 1, 0, NULL),
       (6292, 711003, '团风县', 7110, 5, NULL, 1, 0, NULL),
       (6293, 711004, '红安县', 7110, 5, NULL, 1, 0, NULL),
       (6294, 711005, '罗田县', 7110, 5, NULL, 1, 0, NULL),
       (6295, 711006, '英山县', 7110, 5, NULL, 1, 0, NULL),
       (6296, 711007, '浠水县', 7110, 5, NULL, 1, 0, NULL),
       (6297, 711008, '蕲春县', 7110, 5, NULL, 1, 0, NULL),
       (6298, 711009, '黄梅县', 7110, 5, NULL, 1, 0, NULL),
       (6299, 711010, '麻城市', 7110, 4, NULL, 1, 0, NULL),
       (6300, 711011, '武穴市', 7110, 4, NULL, 1, 0, NULL),
       (6301, 7111, '咸宁市', 71, 4, NULL, 1, 0, NULL),
       (6302, 711102, '咸安区', 7111, 5, NULL, 1, 0, NULL),
       (6303, 711103, '嘉鱼县', 7111, 5, NULL, 1, 0, NULL),
       (6304, 711104, '通城县', 7111, 5, NULL, 1, 0, NULL),
       (6305, 711105, '崇阳县', 7111, 5, NULL, 1, 0, NULL),
       (6306, 711106, '通山县', 7111, 5, NULL, 1, 0, NULL),
       (6307, 711107, '赤壁市', 7111, 4, NULL, 1, 0, NULL),
       (6308, 7112, '随州市', 71, 4, NULL, 1, 0, NULL),
       (6309, 711202, '曾都区', 7112, 5, NULL, 1, 0, NULL),
       (6310, 711203, '广水市', 7112, 4, NULL, 1, 0, NULL),
       (6311, 7113, '恩施', 71, NULL, NULL, 1, 0, NULL),
       (6312, 711301, '恩施市', 7113, 4, NULL, 1, 0, NULL),
       (6313, 711302, '利川市', 7113, 4, NULL, 1, 0, NULL),
       (6314, 711303, '建始县', 7113, 5, NULL, 1, 0, NULL),
       (6315, 711304, '巴东县', 7113, 5, NULL, 1, 0, NULL),
       (6316, 711305, '宣恩县', 7113, 5, NULL, 1, 0, NULL),
       (6317, 711306, '咸丰县', 7113, 5, NULL, 1, 0, NULL),
       (6318, 711307, '来凤县', 7113, 5, NULL, 1, 0, NULL),
       (6319, 711308, '鹤峰县', 7113, 5, NULL, 1, 0, NULL),
       (6320, 7114, '潜江市', 71, 4, NULL, 1, 0, NULL),
       (6321, 7115, '仙桃市', 71, 4, NULL, 1, 0, NULL),
       (6322, 7116, '天门市', 71, 4, NULL, 1, 0, NULL),
       (6323, 7117, '神农架林区', 71, 5, NULL, 1, 0, NULL),
       (6324, 72, '湖南省', 0, 3, NULL, 1, 0, NULL),
       (6325, 7201, '长沙市', 72, 4, NULL, 1, 0, NULL),
       (6326, 720102, '芙蓉区', 7201, 5, NULL, 1, 0, NULL),
       (6327, 720103, '天心区', 7201, 5, NULL, 1, 0, NULL),
       (6328, 720104, '岳麓区', 7201, 5, NULL, 1, 0, NULL),
       (6329, 720105, '开福区', 7201, 5, NULL, 1, 0, NULL),
       (6330, 720106, '雨花区', 7201, 5, NULL, 1, 0, NULL),
       (6331, 720107, '长沙县', 7201, 5, NULL, 1, 0, NULL),
       (6332, 720108, '望城县', 7201, 5, NULL, 1, 0, NULL),
       (6333, 720109, '宁乡县', 7201, 5, NULL, 1, 0, NULL),
       (6334, 720110, '浏阳市', 7201, 4, NULL, 1, 0, NULL),
       (6335, 720111, '开发区', 7201, 5, NULL, 1, 0, NULL),
       (6336, 7202, '株洲市', 72, 4, NULL, 1, 0, NULL),
       (6337, 720202, '荷塘区', 7202, 5, NULL, 1, 0, NULL),
       (6338, 720203, '芦淞区', 7202, 5, NULL, 1, 0, NULL),
       (6339, 720204, '石峰区', 7202, 5, NULL, 1, 0, NULL),
       (6340, 720205, '天元区', 7202, 5, NULL, 1, 0, NULL),
       (6341, 720206, '株洲县', 7202, 5, NULL, 1, 0, NULL),
       (6342, 720207, '攸县', 7202, 5, NULL, 1, 0, NULL),
       (6343, 720208, '茶陵县', 7202, 5, NULL, 1, 0, NULL),
       (6344, 720209, '炎陵县', 7202, 5, NULL, 1, 0, NULL),
       (6345, 720210, '醴陵市', 7202, 4, NULL, 1, 0, NULL),
       (6346, 720211, '高新区', 7202, 5, NULL, 1, 0, NULL),
       (6347, 7203, '湘潭市', 72, 4, NULL, 1, 0, NULL),
       (6348, 720302, '雨湖区', 7203, 5, NULL, 1, 0, NULL),
       (6349, 720303, '岳塘区', 7203, 5, NULL, 1, 0, NULL),
       (6350, 720304, '湘潭县', 7203, 5, NULL, 1, 0, NULL),
       (6351, 720305, '湘乡市', 7203, 4, NULL, 1, 0, NULL),
       (6352, 720306, '韶山市', 7203, 4, NULL, 1, 0, NULL),
       (6353, 720307, '高新区', 7203, 5, NULL, 1, 0, NULL),
       (6354, 7204, '衡阳市', 72, 4, NULL, 1, 0, NULL),
       (6355, 720402, '珠晖区', 7204, 5, NULL, 1, 0, NULL),
       (6356, 720403, '雁峰区', 7204, 5, NULL, 1, 0, NULL),
       (6357, 720404, '石鼓区', 7204, 5, NULL, 1, 0, NULL),
       (6358, 720405, '蒸湘区', 7204, 5, NULL, 1, 0, NULL),
       (6359, 720406, '南岳区', 7204, 5, NULL, 1, 0, NULL),
       (6360, 720407, '衡阳县', 7204, 5, NULL, 1, 0, NULL),
       (6361, 720408, '衡南县', 7204, 5, NULL, 1, 0, NULL),
       (6362, 720409, '衡山县', 7204, 5, NULL, 1, 0, NULL),
       (6363, 720410, '衡东县', 7204, 5, NULL, 1, 0, NULL),
       (6364, 720411, '祁东县', 7204, 5, NULL, 1, 0, NULL),
       (6365, 720412, '耒阳市', 7204, 4, NULL, 1, 0, NULL),
       (6366, 720413, '常宁市', 7204, 4, NULL, 1, 0, NULL),
       (6367, 7205, '益阳市', 72, 4, NULL, 1, 0, NULL),
       (6368, 720502, '资阳区', 7205, 5, NULL, 1, 0, NULL),
       (6369, 720503, '赫山区', 7205, 5, NULL, 1, 0, NULL),
       (6370, 720504, '南县', 7205, 5, NULL, 1, 0, NULL),
       (6371, 720505, '桃江县', 7205, 5, NULL, 1, 0, NULL),
       (6372, 720506, '安化县', 7205, 5, NULL, 1, 0, NULL),
       (6373, 720507, '沅江市', 7205, 4, NULL, 1, 0, NULL),
       (6374, 720508, '高新区', 7205, 5, NULL, 1, 0, NULL),
       (6375, 7206, '常德市', 72, 4, NULL, 1, 0, NULL),
       (6376, 720602, '武陵区', 7206, 5, NULL, 1, 0, NULL),
       (6377, 720603, '鼎城区', 7206, 5, NULL, 1, 0, NULL),
       (6378, 720604, '安乡县', 7206, 5, NULL, 1, 0, NULL),
       (6379, 720605, '汉寿县', 7206, 5, NULL, 1, 0, NULL),
       (6380, 720606, '澧县', 7206, 5, NULL, 1, 0, NULL),
       (6381, 720607, '临澧县', 7206, 5, NULL, 1, 0, NULL),
       (6382, 720608, '桃源县', 7206, 5, NULL, 1, 0, NULL),
       (6383, 720609, '石门县', 7206, 5, NULL, 1, 0, NULL),
       (6384, 720610, '津市市', 7206, 4, NULL, 1, 0, NULL),
       (6385, 720611, '开发区', 7206, 5, NULL, 1, 0, NULL),
       (6386, 7207, '岳阳市', 72, 4, NULL, 1, 0, NULL),
       (6387, 720702, '岳阳楼区', 7207, 5, NULL, 1, 0, NULL),
       (6388, 720703, '云溪区', 7207, 5, NULL, 1, 0, NULL),
       (6389, 720704, '君山区', 7207, 5, NULL, 1, 0, NULL),
       (6390, 720705, '岳阳县', 7207, 5, NULL, 1, 0, NULL),
       (6391, 720706, '华容县', 7207, 5, NULL, 1, 0, NULL),
       (6392, 720707, '湘阴县', 7207, 5, NULL, 1, 0, NULL),
       (6393, 720708, '平江县', 7207, 5, NULL, 1, 0, NULL),
       (6394, 720709, '汨罗市', 7207, 4, NULL, 1, 0, NULL),
       (6395, 720710, '临湘市', 7207, 4, NULL, 1, 0, NULL),
       (6396, 720711, '开发区', 7207, 5, NULL, 1, 0, NULL),
       (6397, 7208, '邵阳市', 72, 4, NULL, 1, 0, NULL),
       (6398, 720802, '双清区', 7208, 5, NULL, 1, 0, NULL),
       (6399, 720803, '大祥区', 7208, 5, NULL, 1, 0, NULL),
       (6400, 720804, '北塔区', 7208, 5, NULL, 1, 0, NULL),
       (6401, 720805, '邵东县', 7208, 5, NULL, 1, 0, NULL),
       (6402, 720806, '新邵县', 7208, 5, NULL, 1, 0, NULL),
       (6403, 720807, '邵阳县', 7208, 5, NULL, 1, 0, NULL),
       (6404, 720808, '隆回县', 7208, 5, NULL, 1, 0, NULL),
       (6405, 720809, '洞口县', 7208, 5, NULL, 1, 0, NULL),
       (6406, 720810, '绥宁县', 7208, 5, NULL, 1, 0, NULL),
       (6407, 720811, '新宁县', 7208, 5, NULL, 1, 0, NULL),
       (6408, 720812, '城步县', 7208, 5, NULL, 1, 0, NULL),
       (6409, 720813, '武冈市', 7208, 4, NULL, 1, 0, NULL),
       (6410, 7209, '郴州市', 72, 4, NULL, 1, 0, NULL),
       (6411, 720902, '北湖区', 7209, 5, NULL, 1, 0, NULL),
       (6412, 720903, '苏仙区', 7209, 5, NULL, 1, 0, NULL),
       (6413, 720904, '桂阳县', 7209, 5, NULL, 1, 0, NULL),
       (6414, 720905, '宜章县', 7209, 5, NULL, 1, 0, NULL),
       (6415, 720906, '永兴县', 7209, 5, NULL, 1, 0, NULL),
       (6416, 720907, '嘉禾县', 7209, 5, NULL, 1, 0, NULL),
       (6417, 720908, '临武县', 7209, 5, NULL, 1, 0, NULL),
       (6418, 720909, '汝城县', 7209, 5, NULL, 1, 0, NULL),
       (6419, 720910, '桂东县', 7209, 5, NULL, 1, 0, NULL),
       (6420, 720911, '安仁县', 7209, 5, NULL, 1, 0, NULL),
       (6421, 720912, '资兴市', 7209, 4, NULL, 1, 0, NULL),
       (6422, 7210, '娄底市', 72, 4, NULL, 1, 0, NULL),
       (6423, 721002, '娄星区', 7210, 5, NULL, 1, 0, NULL),
       (6424, 721003, '双峰县', 7210, 5, NULL, 1, 0, NULL),
       (6425, 721004, '新化县', 7210, 5, NULL, 1, 0, NULL),
       (6426, 721005, '冷水江市', 7210, 4, NULL, 1, 0, NULL),
       (6427, 721006, '涟源市', 7210, 4, NULL, 1, 0, NULL),
       (6428, 7211, '永州市', 72, 4, NULL, 1, 0, NULL),
       (6429, 721102, '零陵区', 7211, 5, NULL, 1, 0, NULL),
       (6430, 721103, '冷水滩区', 7211, 5, NULL, 1, 0, NULL),
       (6431, 721104, '祁阳县', 7211, 5, NULL, 1, 0, NULL),
       (6432, 721105, '东安县', 7211, 5, NULL, 1, 0, NULL),
       (6433, 721106, '双牌县', 7211, 5, NULL, 1, 0, NULL),
       (6434, 721107, '道县', 7211, 5, NULL, 1, 0, NULL),
       (6435, 721108, '江永县', 7211, 5, NULL, 1, 0, NULL),
       (6436, 721109, '宁远县', 7211, 5, NULL, 1, 0, NULL),
       (6437, 721110, '蓝山县', 7211, 5, NULL, 1, 0, NULL),
       (6438, 721111, '新田县', 7211, 5, NULL, 1, 0, NULL),
       (6439, 721112, '江华县', 7211, 5, NULL, 1, 0, NULL),
       (6440, 7212, '怀化市', 72, 4, NULL, 1, 0, NULL),
       (6441, 721202, '鹤城区', 7212, 5, NULL, 1, 0, NULL),
       (6442, 721203, '中方县', 7212, 5, NULL, 1, 0, NULL),
       (6443, 721204, '沅陵县', 7212, 5, NULL, 1, 0, NULL),
       (6444, 721205, '辰溪县', 7212, 5, NULL, 1, 0, NULL),
       (6445, 721206, '溆浦县', 7212, 5, NULL, 1, 0, NULL),
       (6446, 721207, '会同县', 7212, 5, NULL, 1, 0, NULL),
       (6447, 721208, '麻阳县', 7212, 5, NULL, 1, 0, NULL),
       (6448, 721209, '新晃县', 7212, 5, NULL, 1, 0, NULL),
       (6449, 721210, '芷江县', 7212, 5, NULL, 1, 0, NULL),
       (6450, 721211, '靖州苗族县', 7212, 5, NULL, 1, 0, NULL),
       (6451, 721212, '通道县', 7212, 5, NULL, 1, 0, NULL),
       (6452, 721213, '洪江市', 7212, 4, NULL, 1, 0, NULL),
       (6453, 7213, '张家界市', 72, 4, NULL, 1, 0, NULL),
       (6454, 721302, '永定区', 7213, 5, NULL, 1, 0, NULL),
       (6455, 721303, '武陵源区', 7213, 5, NULL, 1, 0, NULL),
       (6456, 721304, '慈利县', 7213, 5, NULL, 1, 0, NULL),
       (6457, 721305, '桑植县', 7213, 5, NULL, 1, 0, NULL),
       (6458, 7214, '湘西', 72, NULL, NULL, 1, 0, NULL),
       (6459, 721401, '吉首市', 7214, 4, NULL, 1, 0, NULL),
       (6460, 721402, '泸溪县', 7214, 5, NULL, 1, 0, NULL),
       (6461, 721403, '凤凰县', 7214, 5, NULL, 1, 0, NULL),
       (6462, 721404, '花垣县', 7214, 5, NULL, 1, 0, NULL),
       (6463, 721405, '保靖县', 7214, 5, NULL, 1, 0, NULL),
       (6464, 721406, '古丈县', 7214, 5, NULL, 1, 0, NULL),
       (6465, 721407, '永顺县', 7214, 5, NULL, 1, 0, NULL),
       (6466, 721408, '龙山县', 7214, 5, NULL, 1, 0, NULL),
       (6467, 80, '陕西省', 0, 3, NULL, 1, 0, NULL),
       (6468, 8001, '西安市', 80, 4, NULL, 1, 0, NULL),
       (6469, 800102, '新城区', 8001, 5, NULL, 1, 0, NULL),
       (6470, 800103, '碑林区', 8001, 5, NULL, 1, 0, NULL),
       (6471, 800104, '莲湖区', 8001, 5, NULL, 1, 0, NULL),
       (6472, 800105, '灞桥区', 8001, 5, NULL, 1, 0, NULL),
       (6473, 800106, '未央区', 8001, 5, NULL, 1, 0, NULL),
       (6474, 800107, '雁塔区', 8001, 5, NULL, 1, 0, NULL),
       (6475, 800108, '阎良区', 8001, 5, NULL, 1, 0, NULL),
       (6476, 800109, '临潼区', 8001, 5, NULL, 1, 0, NULL),
       (6477, 800110, '长安区', 8001, 5, NULL, 1, 0, NULL),
       (6478, 800111, '蓝田县', 8001, 5, NULL, 1, 0, NULL),
       (6479, 800112, '周至县', 8001, 5, NULL, 1, 0, NULL),
       (6480, 800113, '户县', 8001, 5, NULL, 1, 0, NULL),
       (6481, 800114, '高陵县', 8001, 5, NULL, 1, 0, NULL),
       (6482, 800115, '经济开发区', 8001, 5, NULL, 1, 0, NULL),
       (6483, 800116, '高新区', 8001, 5, NULL, 1, 0, NULL),
       (6484, 8002, '宝鸡市', 80, 4, NULL, 1, 0, NULL),
       (6485, 800202, '渭滨区', 8002, 5, NULL, 1, 0, NULL),
       (6486, 800203, '金台区', 8002, 5, NULL, 1, 0, NULL),
       (6487, 800204, '陈仓区', 8002, 5, NULL, 1, 0, NULL),
       (6488, 800205, '凤翔县', 8002, 5, NULL, 1, 0, NULL),
       (6489, 800206, '岐山县', 8002, 5, NULL, 1, 0, NULL),
       (6490, 800207, '扶风县', 8002, 5, NULL, 1, 0, NULL),
       (6491, 800208, '眉县', 8002, 5, NULL, 1, 0, NULL),
       (6492, 800209, '陇县', 8002, 5, NULL, 1, 0, NULL),
       (6493, 800210, '千阳县', 8002, 5, NULL, 1, 0, NULL),
       (6494, 800211, '麟游县', 8002, 5, NULL, 1, 0, NULL),
       (6495, 800212, '凤县', 8002, 5, NULL, 1, 0, NULL),
       (6496, 800213, '太白县', 8002, 5, NULL, 1, 0, NULL),
       (6497, 800214, '高新区', 8002, 5, NULL, 1, 0, NULL),
       (6498, 8003, '咸阳市', 80, 4, NULL, 1, 0, NULL),
       (6499, 800302, '秦都区', 8003, 5, NULL, 1, 0, NULL),
       (6500, 800304, '渭城区', 8003, 5, NULL, 1, 0, NULL),
       (6501, 800305, '三原县', 8003, 5, NULL, 1, 0, NULL),
       (6502, 800306, '泾阳县', 8003, 5, NULL, 1, 0, NULL),
       (6503, 800307, '乾县', 8003, 5, NULL, 1, 0, NULL),
       (6504, 800308, '礼泉县', 8003, 5, NULL, 1, 0, NULL),
       (6505, 800309, '永寿县', 8003, 5, NULL, 1, 0, NULL),
       (6506, 800310, '彬县', 8003, 5, NULL, 1, 0, NULL),
       (6507, 800311, '长武县', 8003, 5, NULL, 1, 0, NULL),
       (6508, 800312, '旬邑县', 8003, 5, NULL, 1, 0, NULL),
       (6509, 800313, '淳化县', 8003, 5, NULL, 1, 0, NULL),
       (6510, 800314, '武功县', 8003, 5, NULL, 1, 0, NULL),
       (6511, 800315, '兴平市', 8003, 4, NULL, 1, 0, NULL),
       (6512, 8004, '渭南市', 80, 4, NULL, 1, 0, NULL),
       (6513, 800402, '临渭区', 8004, 5, NULL, 1, 0, NULL),
       (6514, 800403, '华县', 8004, 5, NULL, 1, 0, NULL),
       (6515, 800404, '潼关县', 8004, 5, NULL, 1, 0, NULL),
       (6516, 800405, '大荔县', 8004, 5, NULL, 1, 0, NULL),
       (6517, 800406, '合阳县', 8004, 5, NULL, 1, 0, NULL),
       (6518, 800407, '澄城县', 8004, 5, NULL, 1, 0, NULL),
       (6519, 800408, '蒲城县', 8004, 5, NULL, 1, 0, NULL),
       (6520, 800409, '白水县', 8004, 5, NULL, 1, 0, NULL),
       (6521, 800410, '富平县', 8004, 5, NULL, 1, 0, NULL),
       (6522, 800411, '韩城市', 8004, 4, NULL, 1, 0, NULL),
       (6523, 800412, '华阴市', 8004, 4, NULL, 1, 0, NULL),
       (6524, 800413, '高新区', 8004, 5, NULL, 1, 0, NULL),
       (6525, 8005, '延安市', 80, 4, NULL, 1, 0, NULL),
       (6526, 800502, '宝塔区', 8005, 5, NULL, 1, 0, NULL),
       (6527, 800503, '延长县', 8005, 5, NULL, 1, 0, NULL),
       (6528, 800504, '延川县', 8005, 5, NULL, 1, 0, NULL),
       (6529, 800505, '子长县', 8005, 5, NULL, 1, 0, NULL),
       (6530, 800506, '安塞县', 8005, 5, NULL, 1, 0, NULL),
       (6531, 800507, '志丹县', 8005, 5, NULL, 1, 0, NULL),
       (6532, 800508, '吴起县', 8005, 5, NULL, 1, 0, NULL),
       (6533, 800509, '甘泉县', 8005, 5, NULL, 1, 0, NULL),
       (6534, 800510, '富县', 8005, 5, NULL, 1, 0, NULL),
       (6535, 800511, '洛川县', 8005, 5, NULL, 1, 0, NULL),
       (6536, 800512, '宜川县', 8005, 5, NULL, 1, 0, NULL),
       (6537, 800513, '黄龙县', 8005, 5, NULL, 1, 0, NULL),
       (6538, 800514, '黄陵县', 8005, 5, NULL, 1, 0, NULL),
       (6539, 8006, '榆林市', 80, 4, NULL, 1, 0, NULL),
       (6540, 800602, '榆阳区', 8006, 5, NULL, 1, 0, NULL),
       (6541, 800603, '神木县', 8006, 5, NULL, 1, 0, NULL),
       (6542, 800604, '府谷县', 8006, 5, NULL, 1, 0, NULL),
       (6543, 800605, '横山县', 8006, 5, NULL, 1, 0, NULL),
       (6544, 800606, '靖边县', 8006, 5, NULL, 1, 0, NULL),
       (6545, 800607, '定边县', 8006, 5, NULL, 1, 0, NULL),
       (6546, 800608, '绥德县', 8006, 5, NULL, 1, 0, NULL),
       (6547, 800609, '米脂县', 8006, 5, NULL, 1, 0, NULL),
       (6548, 800610, '佳县', 8006, 5, NULL, 1, 0, NULL),
       (6549, 800611, '吴堡县', 8006, 5, NULL, 1, 0, NULL),
       (6550, 800612, '清涧县', 8006, 5, NULL, 1, 0, NULL),
       (6551, 800613, '子洲县', 8006, 5, NULL, 1, 0, NULL),
       (6552, 8007, '铜川市', 80, 4, NULL, 1, 0, NULL),
       (6553, 800702, '王益区', 8007, 5, NULL, 1, 0, NULL),
       (6554, 800703, '印台区', 8007, 5, NULL, 1, 0, NULL),
       (6555, 800704, '耀州区', 8007, 5, NULL, 1, 0, NULL),
       (6556, 800705, '宜君县', 8007, 5, NULL, 1, 0, NULL),
       (6557, 8008, '汉中市', 80, 4, NULL, 1, 0, NULL),
       (6558, 800802, '汉台区', 8008, 5, NULL, 1, 0, NULL),
       (6559, 800803, '南郑县', 8008, 5, NULL, 1, 0, NULL),
       (6560, 800804, '城固县', 8008, 5, NULL, 1, 0, NULL),
       (6561, 800805, '洋县', 8008, 5, NULL, 1, 0, NULL),
       (6562, 800806, '西乡县', 8008, 5, NULL, 1, 0, NULL),
       (6563, 800807, '勉县', 8008, 5, NULL, 1, 0, NULL),
       (6564, 800808, '宁强县', 8008, 5, NULL, 1, 0, NULL),
       (6565, 800809, '略阳县', 8008, 5, NULL, 1, 0, NULL),
       (6566, 800810, '镇巴县', 8008, 5, NULL, 1, 0, NULL),
       (6567, 800811, '留坝县', 8008, 5, NULL, 1, 0, NULL),
       (6568, 800812, '佛坪县', 8008, 5, NULL, 1, 0, NULL),
       (6569, 8009, '安康市', 80, 4, NULL, 1, 0, NULL),
       (6570, 800902, '汉滨区', 8009, 5, NULL, 1, 0, NULL),
       (6571, 800903, '汉阴县', 8009, 5, NULL, 1, 0, NULL),
       (6572, 800904, '石泉县', 8009, 5, NULL, 1, 0, NULL),
       (6573, 800905, '宁陕县', 8009, 5, NULL, 1, 0, NULL),
       (6574, 800906, '紫阳县', 8009, 5, NULL, 1, 0, NULL),
       (6575, 800907, '岚皋县', 8009, 5, NULL, 1, 0, NULL),
       (6576, 800908, '平利县', 8009, 5, NULL, 1, 0, NULL),
       (6577, 800909, '镇坪县', 8009, 5, NULL, 1, 0, NULL),
       (6578, 800910, '旬阳县', 8009, 5, NULL, 1, 0, NULL),
       (6579, 800911, '白河县', 8009, 5, NULL, 1, 0, NULL),
       (6580, 8010, '商洛市', 80, 4, NULL, 1, 0, NULL),
       (6581, 801002, '商州区', 8010, 5, NULL, 1, 0, NULL),
       (6582, 801003, '洛南县', 8010, 5, NULL, 1, 0, NULL),
       (6583, 801004, '丹凤县', 8010, 5, NULL, 1, 0, NULL),
       (6584, 801005, '商南县', 8010, 5, NULL, 1, 0, NULL),
       (6585, 801006, '山阳县', 8010, 5, NULL, 1, 0, NULL),
       (6586, 801007, '镇安县', 8010, 5, NULL, 1, 0, NULL),
       (6587, 801008, '柞水县', 8010, 5, NULL, 1, 0, NULL),
       (6588, 8011, '杨凌', 80, NULL, NULL, 1, 0, NULL),
       (6589, 801101, '农业示范区', 8011, 5, NULL, 1, 0, NULL),
       (6590, 81, '青海省', 0, 3, NULL, 1, 0, NULL),
       (6591, 8101, '西宁市', 81, 4, NULL, 1, 0, NULL),
       (6592, 810102, '城东区', 8101, 5, NULL, 1, 0, NULL),
       (6593, 810103, '城中区', 8101, 5, NULL, 1, 0, NULL),
       (6594, 810104, '城西区', 8101, 5, NULL, 1, 0, NULL),
       (6595, 810105, '城北区', 8101, 5, NULL, 1, 0, NULL),
       (6596, 810106, '大通县', 8101, 5, NULL, 1, 0, NULL),
       (6597, 810107, '湟中县', 8101, 5, NULL, 1, 0, NULL),
       (6598, 810108, '湟源县', 8101, 5, NULL, 1, 0, NULL),
       (6599, 810109, '开发区', 8101, 5, NULL, 1, 0, NULL),
       (6600, 8102, '海东地区', 81, 5, NULL, 1, 0, NULL),
       (6601, 810201, '平安县', 8102, 5, NULL, 1, 0, NULL),
       (6602, 810202, '民和县', 8102, 5, NULL, 1, 0, NULL),
       (6603, 810203, '乐都县', 8102, 5, NULL, 1, 0, NULL),
       (6604, 810204, '互助县', 8102, 5, NULL, 1, 0, NULL),
       (6605, 810205, '化隆县', 8102, 5, NULL, 1, 0, NULL),
       (6606, 810206, '循化县', 8102, 5, NULL, 1, 0, NULL),
       (6607, 8103, '海南州', 81, NULL, NULL, 1, 0, NULL),
       (6608, 810301, '共和县', 8103, 5, NULL, 1, 0, NULL),
       (6609, 810302, '同德县', 8103, 5, NULL, 1, 0, NULL),
       (6610, 810303, '贵德县', 8103, 5, NULL, 1, 0, NULL),
       (6611, 810304, '兴海县', 8103, 5, NULL, 1, 0, NULL),
       (6612, 810305, '贵南县', 8103, 5, NULL, 1, 0, NULL),
       (6613, 8104, '海北州', 81, NULL, NULL, 1, 0, NULL),
       (6614, 810401, '门源县', 8104, 5, NULL, 1, 0, NULL),
       (6615, 810402, '祁连县', 8104, 5, NULL, 1, 0, NULL),
       (6616, 810403, '海晏县', 8104, 5, NULL, 1, 0, NULL),
       (6617, 810404, '刚察县', 8104, 5, NULL, 1, 0, NULL),
       (6618, 8105, '海西蒙古族州', 81, NULL, NULL, 1, 0, NULL),
       (6619, 810501, '格尔木市', 8105, 4, NULL, 1, 0, NULL),
       (6620, 810502, '德令哈市', 8105, 4, NULL, 1, 0, NULL),
       (6621, 810503, '乌兰县', 8105, 5, NULL, 1, 0, NULL),
       (6622, 810504, '都兰县', 8105, 5, NULL, 1, 0, NULL),
       (6623, 810505, '天峻县', 8105, 5, NULL, 1, 0, NULL),
       (6624, 8106, '黄南州', 81, NULL, NULL, 1, 0, NULL),
       (6625, 810601, '同仁县', 8106, 5, NULL, 1, 0, NULL),
       (6626, 810602, '尖扎县', 8106, 5, NULL, 1, 0, NULL),
       (6627, 810603, '泽库县', 8106, 5, NULL, 1, 0, NULL),
       (6628, 810604, '河南县', 8106, 5, NULL, 1, 0, NULL),
       (6629, 8107, '果洛州', 81, NULL, NULL, 1, 0, NULL),
       (6630, 810701, '玛沁县', 8107, 5, NULL, 1, 0, NULL),
       (6631, 810702, '班玛县', 8107, 5, NULL, 1, 0, NULL),
       (6632, 810703, '甘德县', 8107, 5, NULL, 1, 0, NULL),
       (6633, 810704, '达日县', 8107, 5, NULL, 1, 0, NULL),
       (6634, 810705, '久治县', 8107, 5, NULL, 1, 0, NULL),
       (6635, 810706, '玛多县', 8107, 5, NULL, 1, 0, NULL),
       (6636, 8108, '玉树州', 81, NULL, NULL, 1, 0, NULL),
       (6637, 810801, '玉树县', 8108, 5, NULL, 1, 0, NULL),
       (6638, 810802, '杂多县', 8108, 5, NULL, 1, 0, NULL),
       (6639, 810803, '称多县', 8108, 5, NULL, 1, 0, NULL),
       (6640, 810804, '治多县', 8108, 5, NULL, 1, 0, NULL),
       (6641, 810805, '囊谦县', 8108, 5, NULL, 1, 0, NULL),
       (6642, 810806, '曲麻莱县', 8108, 5, NULL, 1, 0, NULL),
       (6643, 82, '宁夏', 0, 3, NULL, 1, 0, NULL),
       (6644, 8201, '银川市', 82, 4, NULL, 1, 0, NULL),
       (6645, 820102, '兴庆区', 8201, 5, NULL, 1, 0, NULL),
       (6646, 820103, '西夏区', 8201, 5, NULL, 1, 0, NULL),
       (6647, 820104, '金凤区', 8201, 5, NULL, 1, 0, NULL),
       (6648, 820105, '永宁县', 8201, 5, NULL, 1, 0, NULL),
       (6649, 820106, '贺兰县', 8201, 5, NULL, 1, 0, NULL),
       (6650, 820107, '灵武市', 8201, 4, NULL, 1, 0, NULL),
       (6651, 820108, '开发区', 8201, 5, NULL, 1, 0, NULL),
       (6652, 8202, '石嘴山市', 82, 4, NULL, 1, 0, NULL),
       (6653, 820202, '大武口区', 8202, 5, NULL, 1, 0, NULL),
       (6654, 820203, '惠农区', 8202, 5, NULL, 1, 0, NULL),
       (6655, 820204, '平罗县', 8202, 5, NULL, 1, 0, NULL),
       (6656, 8203, '吴忠市', 82, 4, NULL, 1, 0, NULL),
       (6657, 820302, '利通区', 8203, 5, NULL, 1, 0, NULL),
       (6658, 820303, '盐池县', 8203, 5, NULL, 1, 0, NULL),
       (6659, 820304, '同心县', 8203, 5, NULL, 1, 0, NULL),
       (6660, 820305, '青铜峡市', 8203, 4, NULL, 1, 0, NULL),
       (6661, 8204, '固原市', 82, 4, NULL, 1, 0, NULL),
       (6662, 820402, '原州区', 8204, 5, NULL, 1, 0, NULL),
       (6663, 820403, '西吉县', 8204, 5, NULL, 1, 0, NULL),
       (6664, 820404, '隆德县', 8204, 5, NULL, 1, 0, NULL),
       (6665, 820405, '泾源县', 8204, 5, NULL, 1, 0, NULL),
       (6666, 820406, '彭阳县', 8204, 5, NULL, 1, 0, NULL),
       (6667, 8205, '中卫市', 82, 4, NULL, 1, 0, NULL),
       (6668, 820502, '沙坡头区', 8205, 5, NULL, 1, 0, NULL),
       (6669, 820503, '中宁县', 8205, 5, NULL, 1, 0, NULL),
       (6670, 820504, '海原县', 8205, 5, NULL, 1, 0, NULL),
       (6671, 83, '新疆', 0, 3, NULL, 1, 0, NULL),
       (6672, 8301, '乌鲁木齐市', 83, 4, NULL, 1, 0, NULL),
       (6673, 830102, '天山区', 8301, 5, NULL, 1, 0, NULL),
       (6674, 830103, '沙依巴克区', 8301, 5, NULL, 1, 0, NULL),
       (6675, 830105, '水磨沟区', 8301, 5, NULL, 1, 0, NULL),
       (6676, 830106, '头屯河区(开发区)', 8301, NULL, NULL, 1, 0, NULL),
       (6677, 830107, '达坂城区', 8301, 5, NULL, 1, 0, NULL),
       (6678, 830108, '米东区', 8301, 5, NULL, 1, 0, NULL),
       (6679, 830109, '乌鲁木齐县', 8301, 5, NULL, 1, 0, NULL),
       (6680, 830110, '新市区(高新区)', 8301, NULL, NULL, 1, 0, NULL),
       (6681, 8302, '伊犁州', 83, NULL, NULL, 1, 0, NULL),
       (6682, 830201, '伊宁市', 8302, 4, NULL, 1, 0, NULL),
       (6683, 830202, '奎屯市', 8302, 4, NULL, 1, 0, NULL),
       (6684, 830203, '伊宁县', 8302, 5, NULL, 1, 0, NULL),
       (6685, 830204, '察布查尔', 8302, NULL, NULL, 1, 0, NULL),
       (6686, 830205, '霍城县', 8302, 5, NULL, 1, 0, NULL),
       (6687, 830206, '巩留县', 8302, 5, NULL, 1, 0, NULL),
       (6688, 830207, '新源县', 8302, 5, NULL, 1, 0, NULL),
       (6689, 830208, '昭苏县', 8302, 5, NULL, 1, 0, NULL),
       (6690, 830209, '特克斯县', 8302, 5, NULL, 1, 0, NULL),
       (6691, 830210, '尼勒克县', 8302, 5, NULL, 1, 0, NULL),
       (6692, 8303, '阿勒泰地区', 83, 5, NULL, 1, 0, NULL),
       (6693, 830301, '阿勒泰市', 8303, 4, NULL, 1, 0, NULL),
       (6694, 830302, '布尔津县', 8303, 5, NULL, 1, 0, NULL),
       (6695, 830303, '富蕴县', 8303, 5, NULL, 1, 0, NULL),
       (6696, 830304, '福海县', 8303, 5, NULL, 1, 0, NULL),
       (6697, 830305, '哈巴河县', 8303, 5, NULL, 1, 0, NULL),
       (6698, 830306, '青河县', 8303, 5, NULL, 1, 0, NULL),
       (6699, 830307, '吉木乃县', 8303, 5, NULL, 1, 0, NULL),
       (6700, 8304, '塔城地区', 83, 5, NULL, 1, 0, NULL),
       (6701, 830401, '塔城市', 8304, 4, NULL, 1, 0, NULL),
       (6702, 830402, '乌苏市', 8304, 4, NULL, 1, 0, NULL),
       (6703, 830403, '额敏县', 8304, 5, NULL, 1, 0, NULL),
       (6704, 830404, '沙湾县', 8304, 5, NULL, 1, 0, NULL),
       (6705, 830405, '托里县', 8304, 5, NULL, 1, 0, NULL),
       (6706, 830406, '裕民县', 8304, 5, NULL, 1, 0, NULL),
       (6707, 830407, '和布克赛尔', 8304, NULL, NULL, 1, 0, NULL),
       (6708, 8305, '博尔塔拉', 83, NULL, NULL, 1, 0, NULL),
       (6709, 830501, '博乐市', 8305, 4, NULL, 1, 0, NULL),
       (6710, 830502, '精河县', 8305, 5, NULL, 1, 0, NULL),
       (6711, 830503, '温泉县', 8305, 5, NULL, 1, 0, NULL),
       (6712, 8306, '昌吉', 83, NULL, NULL, 1, 0, NULL),
       (6713, 830601, '昌吉市', 8306, 4, NULL, 1, 0, NULL),
       (6714, 830602, '阜康市', 8306, 4, NULL, 1, 0, NULL),
       (6715, 830603, '呼图壁县', 8306, 5, NULL, 1, 0, NULL),
       (6716, 830604, '玛纳斯县', 8306, 5, NULL, 1, 0, NULL),
       (6717, 830605, '奇台县', 8306, 5, NULL, 1, 0, NULL),
       (6718, 830606, '吉木萨尔县', 8306, 5, NULL, 1, 0, NULL),
       (6719, 830607, '木垒县', 8306, 5, NULL, 1, 0, NULL),
       (6720, 830608, '高新区', 8306, 5, NULL, 1, 0, NULL),
       (6721, 8307, '吐鲁番地区', 83, 5, NULL, 1, 0, NULL),
       (6722, 830701, '吐鲁番市', 8307, 4, NULL, 1, 0, NULL),
       (6723, 830702, '鄯善县', 8307, 5, NULL, 1, 0, NULL),
       (6724, 830703, '托克逊县', 8307, 5, NULL, 1, 0, NULL),
       (6725, 8308, '巴音郭楞', 83, NULL, NULL, 1, 0, NULL),
       (6726, 830801, '库尔勒市', 8308, 4, NULL, 1, 0, NULL),
       (6727, 830802, '轮台县', 8308, 5, NULL, 1, 0, NULL),
       (6728, 830803, '尉犁县', 8308, 5, NULL, 1, 0, NULL),
       (6729, 830804, '若羌县', 8308, 5, NULL, 1, 0, NULL),
       (6730, 830805, '且末县', 8308, 5, NULL, 1, 0, NULL),
       (6731, 830806, '焉耆县', 8308, 5, NULL, 1, 0, NULL),
       (6732, 830807, '和静县', 8308, 5, NULL, 1, 0, NULL),
       (6733, 830808, '和硕县', 8308, 5, NULL, 1, 0, NULL),
       (6734, 830809, '博湖县', 8308, 5, NULL, 1, 0, NULL),
       (6735, 8309, '哈密地区', 83, 5, NULL, 1, 0, NULL),
       (6736, 830901, '哈密市', 8309, 4, NULL, 1, 0, NULL),
       (6737, 830902, '巴里坤县', 8309, 5, NULL, 1, 0, NULL),
       (6738, 830903, '伊吾县', 8309, 5, NULL, 1, 0, NULL),
       (6739, 8310, '和田地区', 83, 5, NULL, 1, 0, NULL),
       (6740, 831001, '和田市', 8310, 4, NULL, 1, 0, NULL),
       (6741, 831002, '和田县', 8310, 5, NULL, 1, 0, NULL),
       (6742, 831003, '墨玉县', 8310, 5, NULL, 1, 0, NULL),
       (6743, 831004, '皮山县', 8310, 5, NULL, 1, 0, NULL),
       (6744, 831005, '洛浦县', 8310, 5, NULL, 1, 0, NULL),
       (6745, 831006, '策勒县', 8310, 5, NULL, 1, 0, NULL),
       (6746, 831007, '于田县', 8310, 5, NULL, 1, 0, NULL),
       (6747, 831008, '民丰县', 8310, 5, NULL, 1, 0, NULL),
       (6748, 8311, '阿克苏地区', 83, 5, NULL, 1, 0, NULL),
       (6749, 831101, '阿克苏市', 8311, 4, NULL, 1, 0, NULL),
       (6750, 831102, '温宿县', 8311, 5, NULL, 1, 0, NULL),
       (6751, 831103, '库车县', 8311, 5, NULL, 1, 0, NULL),
       (6752, 831104, '沙雅县', 8311, 5, NULL, 1, 0, NULL),
       (6753, 831105, '新和县', 8311, 5, NULL, 1, 0, NULL),
       (6754, 831106, '拜城县', 8311, 5, NULL, 1, 0, NULL),
       (6755, 831107, '乌什县', 8311, 5, NULL, 1, 0, NULL),
       (6756, 831108, '阿瓦提县', 8311, 5, NULL, 1, 0, NULL),
       (6757, 831109, '柯坪县', 8311, 5, NULL, 1, 0, NULL),
       (6758, 8312, '克孜勒苏', 83, NULL, NULL, 1, 0, NULL),
       (6759, 831201, '阿图什市', 8312, 4, NULL, 1, 0, NULL),
       (6760, 831202, '阿克陶县', 8312, 5, NULL, 1, 0, NULL),
       (6761, 831203, '阿合奇县', 8312, 5, NULL, 1, 0, NULL),
       (6762, 831204, '乌恰县', 8312, 5, NULL, 1, 0, NULL),
       (6763, 8313, '喀什地区', 83, 5, NULL, 1, 0, NULL),
       (6764, 831301, '喀什市', 8313, 4, NULL, 1, 0, NULL),
       (6765, 831302, '疏附县', 8313, 5, NULL, 1, 0, NULL),
       (6766, 831303, '疏勒县', 8313, 5, NULL, 1, 0, NULL),
       (6767, 831304, '英吉沙县', 8313, 5, NULL, 1, 0, NULL),
       (6768, 831305, '泽普县', 8313, 5, NULL, 1, 0, NULL),
       (6769, 831306, '莎车县', 8313, 5, NULL, 1, 0, NULL),
       (6770, 831307, '叶城县', 8313, 5, NULL, 1, 0, NULL),
       (6771, 831308, '麦盖提县', 8313, 5, NULL, 1, 0, NULL),
       (6772, 831309, '岳普湖县', 8313, 5, NULL, 1, 0, NULL),
       (6773, 831310, '伽师县', 8313, 5, NULL, 1, 0, NULL),
       (6774, 831311, '巴楚县', 8313, 5, NULL, 1, 0, NULL),
       (6775, 831312, '塔什库尔干', 8313, NULL, NULL, 1, 0, NULL),
       (6776, 8314, '克拉玛依市', 83, 4, NULL, 1, 0, NULL),
       (6777, 831402, '独山子区', 8314, 5, NULL, 1, 0, NULL),
       (6778, 831403, '克拉玛依区', 8314, 5, NULL, 1, 0, NULL),
       (6779, 831404, '白碱滩区', 8314, 5, NULL, 1, 0, NULL),
       (6780, 831405, '乌尔禾区', 8314, 5, NULL, 1, 0, NULL),
       (6781, 8315, '石河子市', 83, 4, NULL, 1, 0, NULL),
       (6782, 8316, '五家渠市', 83, 4, NULL, 1, 0, NULL),
       (6783, 8317, '阿拉尔市', 83, 4, NULL, 1, 0, NULL),
       (6784, 8318, '图木舒克市', 83, 4, NULL, 1, 0, NULL),
       (6785, 84, '甘肃省', 0, 3, NULL, 1, 0, NULL),
       (6786, 8401, '兰州市', 84, 4, NULL, 1, 0, NULL),
       (6787, 840102, '城关区', 8401, 5, NULL, 1, 0, NULL),
       (6788, 840103, '七里河区', 8401, 5, NULL, 1, 0, NULL),
       (6789, 840104, '西固区', 8401, 5, NULL, 1, 0, NULL),
       (6790, 840105, '安宁区', 8401, 5, NULL, 1, 0, NULL),
       (6791, 840106, '红古区', 8401, 5, NULL, 1, 0, NULL),
       (6792, 840107, '永登县', 8401, 5, NULL, 1, 0, NULL),
       (6793, 840108, '皋兰县', 8401, 5, NULL, 1, 0, NULL),
       (6794, 840109, '榆中县', 8401, 5, NULL, 1, 0, NULL),
       (6795, 840110, '开发区', 8401, 5, NULL, 1, 0, NULL),
       (6796, 8402, '天水市', 84, 4, NULL, 1, 0, NULL),
       (6797, 840202, '秦州区', 8402, 5, NULL, 1, 0, NULL),
       (6798, 840203, '麦积区', 8402, 5, NULL, 1, 0, NULL),
       (6799, 840204, '清水县', 8402, 5, NULL, 1, 0, NULL),
       (6800, 840205, '秦安县', 8402, 5, NULL, 1, 0, NULL),
       (6801, 840206, '甘谷县', 8402, 5, NULL, 1, 0, NULL),
       (6802, 840207, '武山县', 8402, 5, NULL, 1, 0, NULL),
       (6803, 840208, '张家川县', 8402, 5, NULL, 1, 0, NULL),
       (6804, 840209, '开发区', 8402, 5, NULL, 1, 0, NULL),
       (6805, 8403, '嘉峪关市', 84, 4, NULL, 1, 0, NULL),
       (6806, 8404, '武威市', 84, 4, NULL, 1, 0, NULL),
       (6807, 840402, '凉州区', 8404, 5, NULL, 1, 0, NULL),
       (6808, 840403, '民勤县', 8404, 5, NULL, 1, 0, NULL),
       (6809, 840404, '古浪县', 8404, 5, NULL, 1, 0, NULL),
       (6810, 840405, '天祝县', 8404, 5, NULL, 1, 0, NULL),
       (6811, 8405, '金昌市', 84, 4, NULL, 1, 0, NULL),
       (6812, 840502, '金川区', 8405, 5, NULL, 1, 0, NULL),
       (6813, 840503, '永昌县', 8405, 5, NULL, 1, 0, NULL),
       (6814, 840504, '开发区', 8405, 5, NULL, 1, 0, NULL),
       (6815, 8406, '酒泉市', 84, 4, NULL, 1, 0, NULL),
       (6816, 840602, '肃州区', 8406, 5, NULL, 1, 0, NULL),
       (6817, 840603, '金塔县', 8406, 5, NULL, 1, 0, NULL),
       (6818, 840604, '瓜州县', 8406, 5, NULL, 1, 0, NULL),
       (6819, 840605, '肃北县', 8406, 5, NULL, 1, 0, NULL),
       (6820, 840606, '阿克塞县', 8406, 5, NULL, 1, 0, NULL),
       (6821, 840607, '玉门市', 8406, 4, NULL, 1, 0, NULL),
       (6822, 840608, '敦煌市', 8406, 4, NULL, 1, 0, NULL),
       (6823, 8407, '张掖市', 84, 4, NULL, 1, 0, NULL),
       (6824, 840702, '甘州区', 8407, 5, NULL, 1, 0, NULL),
       (6825, 840703, '肃南县', 8407, 5, NULL, 1, 0, NULL),
       (6826, 840704, '民乐县', 8407, 5, NULL, 1, 0, NULL),
       (6827, 840705, '临泽县', 8407, 5, NULL, 1, 0, NULL),
       (6828, 840706, '高台县', 8407, 5, NULL, 1, 0, NULL),
       (6829, 840707, '山丹县', 8407, 5, NULL, 1, 0, NULL),
       (6830, 8408, '庆阳市', 84, 4, NULL, 1, 0, NULL),
       (6831, 840802, '西峰区', 8408, 5, NULL, 1, 0, NULL),
       (6832, 840803, '庆城县', 8408, 5, NULL, 1, 0, NULL),
       (6833, 840804, '环县', 8408, 5, NULL, 1, 0, NULL),
       (6834, 840805, '华池县', 8408, 5, NULL, 1, 0, NULL),
       (6835, 840806, '合水县', 8408, 5, NULL, 1, 0, NULL),
       (6836, 840807, '正宁县', 8408, 5, NULL, 1, 0, NULL),
       (6837, 840808, '宁县', 8408, 5, NULL, 1, 0, NULL),
       (6838, 840809, '镇原县', 8408, 5, NULL, 1, 0, NULL),
       (6839, 8409, '平凉市', 84, 4, NULL, 1, 0, NULL),
       (6840, 840902, '崆峒区', 8409, 5, NULL, 1, 0, NULL),
       (6841, 840903, '泾川县', 8409, 5, NULL, 1, 0, NULL),
       (6842, 840904, '灵台县', 8409, 5, NULL, 1, 0, NULL),
       (6843, 840905, '崇信县', 8409, 5, NULL, 1, 0, NULL),
       (6844, 840906, '华亭县', 8409, 5, NULL, 1, 0, NULL),
       (6845, 840907, '庄浪县', 8409, 5, NULL, 1, 0, NULL),
       (6846, 840908, '静宁县', 8409, 5, NULL, 1, 0, NULL),
       (6847, 8410, '白银市', 84, 4, NULL, 1, 0, NULL),
       (6848, 841002, '白银区', 8410, 5, NULL, 1, 0, NULL),
       (6849, 841003, '平川区', 8410, 5, NULL, 1, 0, NULL),
       (6850, 841004, '靖远县', 8410, 5, NULL, 1, 0, NULL),
       (6851, 841005, '会宁县', 8410, 5, NULL, 1, 0, NULL),
       (6852, 841006, '景泰县', 8410, 5, NULL, 1, 0, NULL),
       (6853, 841007, '高新区', 8410, 5, NULL, 1, 0, NULL),
       (6854, 8411, '定西市', 84, 4, NULL, 1, 0, NULL),
       (6855, 841102, '安定区', 8411, 5, NULL, 1, 0, NULL),
       (6856, 841103, '通渭县', 8411, 5, NULL, 1, 0, NULL),
       (6857, 841104, '陇西县', 8411, 5, NULL, 1, 0, NULL),
       (6858, 841105, '渭源县', 8411, 5, NULL, 1, 0, NULL),
       (6859, 841106, '临洮县', 8411, 5, NULL, 1, 0, NULL),
       (6860, 841107, '漳县', 8411, 5, NULL, 1, 0, NULL),
       (6861, 841108, '岷县', 8411, 5, NULL, 1, 0, NULL),
       (6862, 8412, '陇南市', 84, 4, NULL, 1, 0, NULL),
       (6863, 841202, '武都区', 8412, 5, NULL, 1, 0, NULL),
       (6864, 841203, '成县', 8412, 5, NULL, 1, 0, NULL),
       (6865, 841204, '文县', 8412, 5, NULL, 1, 0, NULL),
       (6866, 841205, '宕昌县', 8412, 5, NULL, 1, 0, NULL),
       (6867, 841206, '康县', 8412, 5, NULL, 1, 0, NULL),
       (6868, 841207, '西和县', 8412, 5, NULL, 1, 0, NULL),
       (6869, 841208, '礼县', 8412, 5, NULL, 1, 0, NULL),
       (6870, 841209, '徽县', 8412, 5, NULL, 1, 0, NULL),
       (6871, 841210, '两当县', 8412, 5, NULL, 1, 0, NULL),
       (6872, 8413, '临夏', 84, NULL, NULL, 1, 0, NULL),
       (6873, 841301, '临夏市', 8413, 4, NULL, 1, 0, NULL),
       (6874, 841302, '临夏县', 8413, 5, NULL, 1, 0, NULL),
       (6875, 841303, '康乐县', 8413, 5, NULL, 1, 0, NULL),
       (6876, 841304, '永靖县', 8413, 5, NULL, 1, 0, NULL),
       (6877, 841305, '广河县', 8413, 5, NULL, 1, 0, NULL),
       (6878, 841306, '和政县', 8413, 5, NULL, 1, 0, NULL),
       (6879, 841307, '东乡族自治县', 8413, 5, NULL, 1, 0, NULL),
       (6880, 841308, '积石山县', 8413, 5, NULL, 1, 0, NULL),
       (6881, 8414, '甘南州', 84, NULL, NULL, 1, 0, NULL),
       (6882, 841401, '合作市', 8414, 4, NULL, 1, 0, NULL),
       (6883, 841402, '临潭县', 8414, 5, NULL, 1, 0, NULL),
       (6884, 841403, '卓尼县', 8414, 5, NULL, 1, 0, NULL),
       (6885, 841404, '舟曲县', 8414, 5, NULL, 1, 0, NULL),
       (6886, 841405, '迭部县', 8414, 5, NULL, 1, 0, NULL),
       (6887, 841406, '玛曲县', 8414, 5, NULL, 1, 0, NULL),
       (6888, 841407, '碌曲县', 8414, 5, NULL, 1, 0, NULL),
       (6889, 841408, '夏河县', 8414, 5, NULL, 1, 0, NULL),
       (6890, 90, '香港', 0, 3, NULL, 1, 0, NULL),
       (6891, 9001, '香港', 90, NULL, NULL, 1, 0, NULL),
       (6892, 91, '澳门', 0, 3, NULL, 1, 0, NULL),
       (6893, 9101, '澳门', 91, NULL, NULL, 1, 0, NULL),
       (6894, 92, '台湾', 0, 3, NULL, 1, 0, NULL),
       (6895, 9201, '台湾', 92, NULL, NULL, 1, 0, NULL),
       (6896, 93, '国外', 0, 3, NULL, 1, 0, NULL),
       (6897, 9301, '国外', 93, NULL, NULL, 1, 0, NULL),
       (10262, -1, '华东地区', -1, -1, -1, 1, 0, NULL),
       (10263, -2, '华南地区', -1, -1, -1, 1, 0, NULL),
       (10264, -3, '华中地区', -1, -1, -1, 1, 0, NULL),
       (10265, -4, '华北地区', -1, -1, -1, 1, 0, NULL),
       (10266, -5, '西南地区', -1, -1, -1, 1, 0, NULL),
       (10267, -6, '东北地区', -1, -1, -1, 1, 0, NULL),
       (10268, -7, '台港澳地区', -1, -1, -1, 1, 0, NULL),
       (10269, -8, '西北地区', -1, -1, -1, 1, 0, NULL);

/*Table structure for table `sys_config` */

DROP TABLE IF EXISTS `sys_config`;

CREATE TABLE `sys_config`
(
    `config_id`    bigint(20) NOT NULL COMMENT '参数主键',
    `config_name`  varchar(100) DEFAULT '' COMMENT '参数名称',
    `config_key`   varchar(100) DEFAULT '' COMMENT '参数键名',
    `config_value` varchar(500) DEFAULT '' COMMENT '参数键值',
    `config_type`  char(1)      DEFAULT 'N' COMMENT '系统内置（Y是 N否）',
    `create_by`    varchar(64)  DEFAULT '' COMMENT '创建者',
    `create_time`  datetime     DEFAULT NULL COMMENT '创建时间',
    `update_by`    varchar(64)  DEFAULT '' COMMENT '更新者',
    `update_time`  datetime     DEFAULT NULL COMMENT '更新时间',
    `remark`       varchar(500) DEFAULT NULL COMMENT '备注',
    PRIMARY KEY (`config_id`) USING BTREE
) ENGINE = InnoDB
  DEFAULT CHARSET = utf8
  ROW_FORMAT = DYNAMIC COMMENT ='参数配置表';

/*Data for the table `sys_config` */

insert into `sys_config`(`config_id`, `config_name`, `config_key`, `config_value`, `config_type`, `create_by`,
                         `create_time`, `update_by`, `update_time`, `remark`)
values (1, '主框架页-默认皮肤样式名称', 'sys.index.skinName', 'skin-blue', 'Y', 'admin', '2020-12-07 01:53:06', '',
        NULL, '蓝色 skin-blue、绿色 skin-green、紫色 skin-purple、红色 skin-red、黄色 skin-yellow'),
       (2, '用户管理-账号初始密码', 'sys.user.initPassword', '123456', 'Y', 'admin', '2020-12-07 01:53:06', '', NULL,
        '初始化密码 123456'),
       (3, '主框架页-侧边栏主题', 'sys.index.sideTheme', 'theme-dark', 'Y', 'admin', '2020-12-07 01:53:06', '', NULL,
        '深色主题theme-dark，浅色主题theme-light');

/*Table structure for table `sys_dept` */

DROP TABLE IF EXISTS `sys_dept`;

CREATE TABLE `sys_dept`
(
    `dept_id`     bigint(20) NOT NULL AUTO_INCREMENT COMMENT '部门id',
    `parent_id`   bigint(20)  DEFAULT '0' COMMENT '父部门id',
    `ancestors`   varchar(50) DEFAULT '' COMMENT '祖级列表',
    `dept_name`   varchar(30) DEFAULT '' COMMENT '部门名称',
    `order_num`   int(4)      DEFAULT '0' COMMENT '显示顺序',
    `leader`      varchar(20) DEFAULT NULL COMMENT '负责人',
    `phone`       varchar(11) DEFAULT NULL COMMENT '联系电话',
    `email`       varchar(50) DEFAULT NULL COMMENT '邮箱',
    `status`      char(1)     DEFAULT '0' COMMENT '部门状态（0正常 1停用）',
    `del_flag`    char(1)     DEFAULT '0' COMMENT '删除标志（0代表存在 2代表删除）',
    `create_by`   varchar(64) DEFAULT '' COMMENT '创建者',
    `create_time` datetime    DEFAULT NULL COMMENT '创建时间',
    `update_by`   varchar(64) DEFAULT '' COMMENT '更新者',
    `update_time` datetime    DEFAULT NULL COMMENT '更新时间',
    PRIMARY KEY (`dept_id`) USING BTREE
) ENGINE = InnoDB
  AUTO_INCREMENT = 111
  DEFAULT CHARSET = utf8
  ROW_FORMAT = DYNAMIC COMMENT ='部门表';

/*Data for the table `sys_dept` */

insert into `sys_dept`(`dept_id`, `parent_id`, `ancestors`, `dept_name`, `order_num`, `leader`, `phone`, `email`,
                       `status`, `del_flag`, `create_by`, `create_time`, `update_by`, `update_time`)
values (100, 0, '0', '合家云智慧社区', 0, 'spike', '15888888888', 'msb@163.com', '0', '0', 'admin',
        '2020-12-07 01:53:06', '', NULL),
       (101, 100, '0,100', '北京总公司', 1, 'spike', '15888888888', 'msb@163.com', '0', '0', 'admin',
        '2020-12-07 01:53:06', '', NULL),
       (102, 100, '0,100', '长沙分公司', 2, 'spike', '15888888888', 'msb@163.com', '0', '0', 'admin',
        '2020-12-07 01:53:06', '', NULL),
       (103, 101, '0,100,101', '研发部门', 1, 'spike', '15888888888', 'msb@163.com', '0', '0', 'admin',
        '2020-12-07 01:53:06', '', NULL),
       (104, 101, '0,100,101', '市场部门', 2, 'spike', '15888888888', 'msb@163.com', '0', '0', 'admin',
        '2020-12-07 01:53:06', '', NULL),
       (105, 101, '0,100,101', '测试部门', 3, 'spike', '15888888888', 'msb@163.com', '0', '0', 'admin',
        '2020-12-07 01:53:06', '', NULL),
       (106, 101, '0,100,101', '财务部门', 4, 'spike', '15888888888', 'msb@163.com', '0', '0', 'admin',
        '2020-12-07 01:53:06', '', NULL),
       (107, 101, '0,100,101', '运维部门', 5, 'spike', '15888888888', 'msb@163.com', '0', '0', 'admin',
        '2020-12-07 01:53:06', '', NULL),
       (108, 102, '0,100,102', '市场部门', 1, 'spike', '15888888888', 'msb@163.com', '0', '0', 'admin',
        '2020-12-07 01:53:06', '', NULL),
       (109, 102, '0,100,102', '财务部门', 2, 'spike', '15888888888', 'msb@163.com', '0', '0', 'admin',
        '2020-12-07 01:53:06', '', NULL),
       (110, 100, '0,100', '恒大城', 3, NULL, NULL, NULL, '0', '0', 'admin', '2020-12-11 05:35:50', '', NULL);

/*Table structure for table `sys_dict_data` */

DROP TABLE IF EXISTS `sys_dict_data`;

CREATE TABLE `sys_dict_data`
(
    `dict_code`   bigint(20) NOT NULL AUTO_INCREMENT COMMENT '字典编码',
    `dict_sort`   int(4)       DEFAULT '0' COMMENT '字典排序',
    `dict_label`  varchar(100) DEFAULT '' COMMENT '字典标签',
    `dict_value`  varchar(100) DEFAULT '' COMMENT '字典键值',
    `dict_type`   varchar(100) DEFAULT '' COMMENT '字典类型',
    `css_class`   varchar(100) DEFAULT NULL COMMENT '样式属性（其他样式扩展）',
    `list_class`  varchar(100) DEFAULT NULL COMMENT '表格回显样式',
    `is_default`  char(1)      DEFAULT 'N' COMMENT '是否默认（Y是 N否）',
    `status`      char(1)      DEFAULT '0' COMMENT '状态（0正常 1停用）',
    `create_by`   varchar(64)  DEFAULT '' COMMENT '创建者',
    `create_time` datetime     DEFAULT NULL COMMENT '创建时间',
    `update_by`   varchar(64)  DEFAULT '' COMMENT '更新者',
    `update_time` datetime     DEFAULT NULL COMMENT '更新时间',
    `remark`      varchar(500) DEFAULT NULL COMMENT '备注',
    PRIMARY KEY (`dict_code`) USING BTREE
) ENGINE = InnoDB
  AUTO_INCREMENT = 42
  DEFAULT CHARSET = utf8
  ROW_FORMAT = DYNAMIC COMMENT ='字典数据表';

/*Data for the table `sys_dict_data` */

insert into `sys_dict_data`(`dict_code`, `dict_sort`, `dict_label`, `dict_value`, `dict_type`, `css_class`,
                            `list_class`, `is_default`, `status`, `create_by`, `create_time`, `update_by`,
                            `update_time`, `remark`)
values (1, 1, '男', '0', 'sys_user_sex', '', '', 'Y', '0', 'admin', '2020-12-07 01:53:06', '', NULL, '性别男'),
       (2, 2, '女', '1', 'sys_user_sex', '', '', 'N', '0', 'admin', '2020-12-07 01:53:06', '', NULL, '性别女'),
       (3, 3, '未知', '2', 'sys_user_sex', '', '', 'N', '0', 'admin', '2020-12-07 01:53:06', '', NULL, '性别未知'),
       (4, 1, '显示', '0', 'sys_show_hide', '', 'primary', 'Y', '0', 'admin', '2020-12-07 01:53:06', '', NULL,
        '显示菜单'),
       (5, 2, '隐藏', '1', 'sys_show_hide', '', 'danger', 'N', '0', 'admin', '2020-12-07 01:53:06', '', NULL,
        '隐藏菜单'),
       (6, 1, '正常', '0', 'sys_normal_disable', '', 'primary', 'Y', '0', 'admin', '2020-12-07 01:53:06', '', NULL,
        '正常状态'),
       (7, 2, '停用', '1', 'sys_normal_disable', '', 'danger', 'N', '0', 'admin', '2020-12-07 01:53:06', '', NULL,
        '停用状态'),
       (8, 1, '正常', '0', 'sys_job_status', '', 'primary', 'Y', '0', 'admin', '2020-12-07 01:53:06', '', NULL,
        '正常状态'),
       (9, 2, '暂停', '1', 'sys_job_status', '', 'danger', 'N', '0', 'admin', '2020-12-07 01:53:06', '', NULL,
        '停用状态'),
       (10, 1, '默认', 'DEFAULT', 'sys_job_group', '', '', 'Y', '0', 'admin', '2020-12-07 01:53:06', '', NULL,
        '默认分组'),
       (11, 2, '系统', 'SYSTEM', 'sys_job_group', '', '', 'N', '0', 'admin', '2020-12-07 01:53:06', '', NULL,
        '系统分组'),
       (12, 1, '是', 'Y', 'sys_yes_no', '', 'primary', 'Y', '0', 'admin', '2020-12-07 01:53:06', '', NULL,
        '系统默认是'),
       (13, 2, '否', 'N', 'sys_yes_no', '', 'danger', 'N', '0', 'admin', '2020-12-07 01:53:06', '', NULL, '系统默认否'),
       (14, 1, '通知', '1', 'sys_notice_type', '', 'warning', 'Y', '0', 'admin', '2020-12-07 01:53:06', '', NULL,
        '通知'),
       (15, 2, '公告', '2', 'sys_notice_type', '', 'success', 'N', '0', 'admin', '2020-12-07 01:53:06', '', NULL,
        '公告'),
       (16, 1, '正常', '0', 'sys_notice_status', '', 'primary', 'Y', '0', 'admin', '2020-12-07 01:53:06', '', NULL,
        '正常状态'),
       (17, 2, '关闭', '1', 'sys_notice_status', '', 'danger', 'N', '0', 'admin', '2020-12-07 01:53:06', '', NULL,
        '关闭状态'),
       (18, 1, '新增', '1', 'sys_oper_type', '', 'info', 'N', '0', 'admin', '2020-12-07 01:53:06', '', NULL,
        '新增操作'),
       (19, 2, '修改', '2', 'sys_oper_type', '', 'info', 'N', '0', 'admin', '2020-12-07 01:53:06', '', NULL,
        '修改操作'),
       (20, 3, '删除', '3', 'sys_oper_type', '', 'danger', 'N', '0', 'admin', '2020-12-07 01:53:06', '', NULL,
        '删除操作'),
       (21, 4, '授权', '4', 'sys_oper_type', '', 'primary', 'N', '0', 'admin', '2020-12-07 01:53:06', '', NULL,
        '授权操作'),
       (22, 5, '导出', '5', 'sys_oper_type', '', 'warning', 'N', '0', 'admin', '2020-12-07 01:53:06', '', NULL,
        '导出操作'),
       (23, 6, '导入', '6', 'sys_oper_type', '', 'warning', 'N', '0', 'admin', '2020-12-07 01:53:06', '', NULL,
        '导入操作'),
       (24, 7, '强退', '7', 'sys_oper_type', '', 'danger', 'N', '0', 'admin', '2020-12-07 01:53:06', '', NULL,
        '强退操作'),
       (25, 8, '生成代码', '8', 'sys_oper_type', '', 'warning', 'N', '0', 'admin', '2020-12-07 01:53:06', '', NULL,
        '生成操作'),
       (26, 9, '清空数据', '9', 'sys_oper_type', '', 'danger', 'N', '0', 'admin', '2020-12-07 01:53:06', '', NULL,
        '清空操作'),
       (27, 1, '成功', '0', 'sys_common_status', '', 'primary', 'N', '0', 'admin', '2020-12-07 01:53:06', '', NULL,
        '正常状态'),
       (28, 2, '失败', '1', 'sys_common_status', '', 'danger', 'N', '0', 'admin', '2020-12-07 01:53:06', '', NULL,
        '停用状态'),
       (29, 1, '未出售', 'none', 'hjy_room_state', NULL, NULL, 'N', '0', 'admin', '2020-12-14 08:34:23', '', NULL,
        NULL),
       (30, 2, '已交房', 'has_give', 'hjy_room_state', NULL, NULL, 'N', '0', 'admin', '2020-12-14 08:34:38', '', NULL,
        NULL),
       (31, 3, '未入住', 'none_stay', 'hjy_room_state', NULL, NULL, 'N', '0', 'admin', '2020-12-14 08:34:56', '', NULL,
        NULL),
       (32, 4, '已入住', 'has_stay', 'hjy_room_state', NULL, NULL, 'N', '0', 'admin', '2020-12-14 08:35:12', '', NULL,
        NULL),
       (33, 1, '开间', 'open_house', 'hjy_house_state', NULL, NULL, 'N', '0', 'admin', '2020-12-14 09:04:09', 'admin',
        '2020-12-14 09:04:16', NULL),
       (34, 2, '一室一厅一卫', 'one_house', 'hjy_house_state', NULL, NULL, 'N', '0', 'admin', '2020-12-14 09:04:35', '',
        NULL, NULL),
       (35, 3, '两室一厅一卫', 'two_house', 'hjy_house_state', NULL, NULL, 'N', '0', 'admin', '2020-12-14 09:04:56', '',
        NULL, NULL),
       (36, 4, '三室两厅两卫', 'three_house', 'hjy_house_state', NULL, NULL, 'N', '0', 'admin', '2020-12-14 09:05:13',
        '', NULL, NULL),
       (37, 5, '其他', 'other', 'hjy_house_state', NULL, NULL, 'N', '0', 'admin', '2020-12-14 09:05:33', '', NULL,
        NULL),
       (38, 0, '业主', 'yz', 'hjy_owner_state', NULL, NULL, 'N', '0', 'admin', '2020-12-15 08:01:36', '', NULL, NULL),
       (39, 1, '租户', 'zh', 'hjy_owner_state', NULL, NULL, 'N', '0', 'admin', '2020-12-15 08:01:48', '', NULL, NULL),
       (40, 2, '亲属', 'qs', 'hjy_owner_state', NULL, NULL, 'N', '0', 'admin', '2020-12-15 08:02:02', '', NULL, NULL),
       (41, 3, '其他', 'qt', 'hjy_owner_state', NULL, NULL, 'N', '0', 'admin', '2020-12-15 08:02:16', '', NULL, NULL);

/*Table structure for table `sys_dict_type` */

DROP TABLE IF EXISTS `sys_dict_type`;

CREATE TABLE `sys_dict_type`
(
    `dict_id`     bigint(20) NOT NULL AUTO_INCREMENT COMMENT '字典主键',
    `dict_name`   varchar(100) DEFAULT '' COMMENT '字典名称',
    `dict_type`   varchar(100) DEFAULT '' COMMENT '字典类型',
    `status`      char(1)      DEFAULT '0' COMMENT '状态（0正常 1停用）',
    `create_by`   varchar(64)  DEFAULT '' COMMENT '创建者',
    `create_time` datetime     DEFAULT NULL COMMENT '创建时间',
    `update_by`   varchar(64)  DEFAULT '' COMMENT '更新者',
    `update_time` datetime     DEFAULT NULL COMMENT '更新时间',
    `remark`      varchar(500) DEFAULT NULL COMMENT '备注',
    PRIMARY KEY (`dict_id`) USING BTREE,
    UNIQUE KEY `dict_type` (`dict_type`) USING BTREE
) ENGINE = InnoDB
  AUTO_INCREMENT = 14
  DEFAULT CHARSET = utf8
  ROW_FORMAT = DYNAMIC COMMENT ='字典类型表';

/*Data for the table `sys_dict_type` */

insert into `sys_dict_type`(`dict_id`, `dict_name`, `dict_type`, `status`, `create_by`, `create_time`, `update_by`,
                            `update_time`, `remark`)
values (1, '用户性别', 'sys_user_sex', '0', 'admin', '2020-12-07 01:53:06', '', NULL, '用户性别列表'),
       (2, '菜单状态', 'sys_show_hide', '0', 'admin', '2020-12-07 01:53:06', '', NULL, '菜单状态列表'),
       (3, '系统开关', 'sys_normal_disable', '0', 'admin', '2020-12-07 01:53:06', '', NULL, '系统开关列表'),
       (4, '任务状态', 'sys_job_status', '0', 'admin', '2020-12-07 01:53:06', '', NULL, '任务状态列表'),
       (5, '任务分组', 'sys_job_group', '0', 'admin', '2020-12-07 01:53:06', '', NULL, '任务分组列表'),
       (6, '系统是否', 'sys_yes_no', '0', 'admin', '2020-12-07 01:53:06', '', NULL, '系统是否列表'),
       (7, '通知类型', 'sys_notice_type', '0', 'admin', '2020-12-07 01:53:06', '', NULL, '通知类型列表'),
       (8, '通知状态', 'sys_notice_status', '0', 'admin', '2020-12-07 01:53:06', '', NULL, '通知状态列表'),
       (9, '操作类型', 'sys_oper_type', '0', 'admin', '2020-12-07 01:53:06', '', NULL, '操作类型列表'),
       (10, '系统状态', 'sys_common_status', '0', 'admin', '2020-12-07 01:53:06', '', NULL, '登录状态列表'),
       (11, '房屋状态', 'hjy_room_state', '0', 'admin', '2020-12-14 08:33:36', '', NULL, NULL),
       (12, '房屋户型', 'hjy_house_state', '0', 'admin', '2020-12-14 09:03:38', 'admin', '2020-12-15 08:00:15', NULL),
       (13, '业主类型', 'hjy_owner_state', '0', 'admin', '2020-12-15 08:01:14', '', NULL, NULL);

/*Table structure for table `sys_job` */

DROP TABLE IF EXISTS `sys_job`;

CREATE TABLE `sys_job`
(
    `job_id`          bigint(20)   NOT NULL AUTO_INCREMENT COMMENT '任务ID',
    `job_name`        varchar(64)  NOT NULL DEFAULT '' COMMENT '任务名称',
    `job_group`       varchar(64)  NOT NULL DEFAULT 'DEFAULT' COMMENT '任务组名',
    `invoke_target`   varchar(500) NOT NULL COMMENT '调用目标字符串',
    `cron_expression` varchar(255)          DEFAULT '' COMMENT 'cron执行表达式',
    `misfire_policy`  varchar(20)           DEFAULT '3' COMMENT '计划执行错误策略（1立即执行 2执行一次 3放弃执行）',
    `concurrent`      char(1)               DEFAULT '1' COMMENT '是否并发执行（0允许 1禁止）',
    `status`          char(1)               DEFAULT '0' COMMENT '状态（0正常 1暂停）',
    `create_by`       varchar(64)           DEFAULT '' COMMENT '创建者',
    `create_time`     datetime              DEFAULT NULL COMMENT '创建时间',
    `update_by`       varchar(64)           DEFAULT '' COMMENT '更新者',
    `update_time`     datetime              DEFAULT NULL COMMENT '更新时间',
    `remark`          varchar(500)          DEFAULT '' COMMENT '备注信息',
    PRIMARY KEY (`job_id`, `job_name`, `job_group`) USING BTREE
) ENGINE = InnoDB
  AUTO_INCREMENT = 4
  DEFAULT CHARSET = utf8
  ROW_FORMAT = DYNAMIC COMMENT ='定时任务调度表';

/*Data for the table `sys_job` */

insert into `sys_job`(`job_id`, `job_name`, `job_group`, `invoke_target`, `cron_expression`, `misfire_policy`,
                      `concurrent`, `status`, `create_by`, `create_time`, `update_by`, `update_time`, `remark`)
values (1, '系统默认（无参）', 'DEFAULT', 'ryTask.ryNoParams', '0/10 * * * * ?', '3', '1', '1', 'admin',
        '2020-12-07 01:53:06', '', '2020-12-08 06:31:31', ''),
       (2, '系统默认（有参）', 'DEFAULT', 'ryTask.ryParams(\'ry\')', '0/15 * * * * ?', '3', '1', '1', 'admin',
        '2020-12-07 01:53:06', '', NULL, ''),
       (3, '系统默认（多参）', 'DEFAULT', 'ryTask.ryMultipleParams(\'ry\', true, 2000L, 316.50D, 100)', '0/20 * * * * ?',
        '3', '1', '1', 'admin', '2020-12-07 01:53:06', '', NULL, '');

/*Table structure for table `sys_job_log` */

DROP TABLE IF EXISTS `sys_job_log`;

CREATE TABLE `sys_job_log`
(
    `job_log_id`     bigint(20)   NOT NULL AUTO_INCREMENT COMMENT '任务日志ID',
    `job_name`       varchar(64)  NOT NULL COMMENT '任务名称',
    `job_group`      varchar(64)  NOT NULL COMMENT '任务组名',
    `invoke_target`  varchar(500) NOT NULL COMMENT '调用目标字符串',
    `job_message`    varchar(500)  DEFAULT NULL COMMENT '日志信息',
    `status`         char(1)       DEFAULT '0' COMMENT '执行状态（0正常 1失败）',
    `exception_info` varchar(2000) DEFAULT '' COMMENT '异常信息',
    `create_time`    datetime      DEFAULT NULL COMMENT '创建时间',
    PRIMARY KEY (`job_log_id`) USING BTREE
) ENGINE = InnoDB
  AUTO_INCREMENT = 5
  DEFAULT CHARSET = utf8
  ROW_FORMAT = DYNAMIC COMMENT ='定时任务调度日志表';

/*Data for the table `sys_job_log` */

insert into `sys_job_log`(`job_log_id`, `job_name`, `job_group`, `invoke_target`, `job_message`, `status`,
                          `exception_info`, `create_time`)
values (1, '系统默认（无参）', 'DEFAULT', 'ryTask.ryNoParams', '系统默认（无参） 总共耗时：5毫秒', '0', '',
        '2020-12-08 06:30:39'),
       (2, '系统默认（无参）', 'DEFAULT', 'ryTask.ryNoParams', '系统默认（无参） 总共耗时：1毫秒', '0', '',
        '2020-12-08 06:31:09'),
       (3, '系统默认（无参）', 'DEFAULT', 'ryTask.ryNoParams', '系统默认（无参） 总共耗时：0毫秒', '0', '',
        '2020-12-08 06:31:29'),
       (4, '系统默认（无参）', 'DEFAULT', 'ryTask.ryNoParams', '系统默认（无参） 总共耗时：0毫秒', '0', '',
        '2020-12-08 06:31:30');

/*Table structure for table `sys_logininfor` */

DROP TABLE IF EXISTS `sys_logininfor`;

CREATE TABLE `sys_logininfor`
(
    `info_id`        bigint(20) NOT NULL AUTO_INCREMENT COMMENT '访问ID',
    `user_name`      varchar(50)   DEFAULT '' COMMENT '用户账号',
    `ipaddr`         varchar(50)   DEFAULT '' COMMENT '登录IP地址',
    `login_location` varchar(255)  DEFAULT '' COMMENT '登录地点',
    `browser`        varchar(50)   DEFAULT '' COMMENT '浏览器类型',
    `os`             varchar(50)   DEFAULT '' COMMENT '操作系统',
    `status`         char(1)       DEFAULT '0' COMMENT '登录状态（0成功 1失败）',
    `msg`            varchar(1024) DEFAULT '' COMMENT '提示消息',
    `login_time`     datetime      DEFAULT NULL COMMENT '访问时间',
    PRIMARY KEY (`info_id`) USING BTREE
) ENGINE = InnoDB
  AUTO_INCREMENT = 496
  DEFAULT CHARSET = utf8
  ROW_FORMAT = DYNAMIC COMMENT ='系统访问记录';

/*Data for the table `sys_logininfor` */

insert into `sys_logininfor`(`info_id`, `user_name`, `ipaddr`, `login_location`, `browser`, `os`, `status`, `msg`,
                             `login_time`)
values (435, 'admin', '127.0.0.1', '内网IP', 'Microsoft Edge', 'Windows 10', '1', '验证码错误', '2021-03-19 11:53:18'),
       (436, 'admin', '127.0.0.1', '内网IP', 'Microsoft Edge', 'Windows 10', '0', '登录成功', '2021-03-19 11:53:22'),
       (437, 'admin', '127.0.0.1', '内网IP', 'Chrome 8', 'Windows 10', '1', '用户不存在/密码错误',
        '2021-03-19 11:54:58'),
       (438, 'admin', '127.0.0.1', '内网IP', 'Chrome 8', 'Windows 10', '1', '验证码错误', '2021-03-19 11:55:02'),
       (439, 'admin', '127.0.0.1', '内网IP', 'Chrome 8', 'Windows 10', '0', '登录成功', '2021-03-19 11:55:05'),
       (440, 'admin', '127.0.0.1', '内网IP', 'Microsoft Edge', 'Windows 10', '0', '登录成功', '2021-03-22 14:21:02'),
       (441, 'admin', '127.0.0.1', '内网IP', 'Microsoft Edge', 'Windows 10', '0', '登录成功', '2021-03-22 15:22:58'),
       (442, 'admin', '127.0.0.1', '内网IP', 'Chrome 8', 'Windows 10', '1', '验证码错误', '2021-03-22 15:25:50'),
       (443, 'admin', '127.0.0.1', '内网IP', 'Chrome 8', 'Windows 10', '0', '登录成功', '2021-03-22 15:25:55'),
       (444, 'admin', '127.0.0.1', '内网IP', 'Chrome 8', 'Windows 10', '0', '退出成功', '2021-03-22 15:29:28'),
       (445, 'admin', '127.0.0.1', '内网IP', 'Chrome 8', 'Windows 10', '1', '验证码已失效', '2021-03-22 16:08:37'),
       (446, 'admin', '127.0.0.1', '内网IP', 'Chrome 8', 'Windows 10', '0', '登录成功', '2021-03-22 16:08:41'),
       (447, 'admin', '127.0.0.1', '内网IP', 'Chrome 8', 'Windows 10', '0', '登录成功', '2021-03-22 17:11:20'),
       (448, 'admin', '127.0.0.1', '内网IP', 'Chrome 8', 'Windows 10', '0', '登录成功', '2021-03-24 14:27:20'),
       (449, 'admin', '127.0.0.1', '内网IP', 'Chrome 8', 'Windows 10', '0', '登录成功', '2021-03-24 15:26:54'),
       (450, 'admin', '127.0.0.1', '内网IP', 'Chrome 9', 'Windows 10', '0', '登录成功', '2021-08-04 16:46:55'),
       (451, 'admin', '127.0.0.1', '内网IP', 'Chrome 10', 'Windows 10', '0', '登录成功', '2023-02-09 16:24:52'),
       (452, 'admin', '127.0.0.1', '内网IP', 'Chrome 10', 'Windows 10', '0', '退出成功', '2023-02-09 16:30:45'),
       (453, 'admin', '127.0.0.1', '内网IP', 'Chrome 10', 'Windows 10', '0', '登录成功', '2023-02-09 17:13:33'),
       (454, 'admin', '127.0.0.1', '内网IP', 'Chrome 10', 'Windows 10', '0', '登录成功', '2023-02-09 17:37:50'),
       (455, 'admin', '127.0.0.1', '内网IP', 'Chrome 10', 'Windows 10', '0', '退出成功', '2023-02-09 17:40:02'),
       (456, 'admin', '127.0.0.1', '内网IP', 'Chrome 10', 'Windows 10', '0', '登录成功', '2023-02-09 17:40:23'),
       (457, 'admin', '127.0.0.1', '内网IP', 'Chrome 10', 'Windows 10', '0', '登录成功', '2023-02-09 20:14:03'),
       (458, 'admin', '127.0.0.1', '内网IP', 'Chrome 10', 'Windows 10', '0', '登录成功', '2023-02-09 20:42:52'),
       (459, 'admin', '127.0.0.1', '内网IP', 'Chrome 10', 'Windows 10', '0', '登录成功', '2023-02-09 21:07:31'),
       (460, 'admin', '127.0.0.1', '内网IP', 'Chrome 10', 'Windows 10', '0', '登录成功', '2023-02-10 14:30:16'),
       (461, 'admin', '127.0.0.1', '内网IP', 'Chrome 10', 'Windows 10', '0', '登录成功', '2023-02-10 15:44:59'),
       (462, 'admin', '127.0.0.1', '内网IP', 'Chrome 10', 'Windows 10', '0', '登录成功', '2023-02-10 17:05:12'),
       (463, 'admin', '127.0.0.1', '内网IP', 'Chrome 10', 'Windows 10', '0', '登录成功', '2023-02-10 17:12:18'),
       (464, 'admin', '127.0.0.1', '内网IP', 'Chrome 10', 'Windows 10', '0', '登录成功', '2023-02-10 20:32:34'),
       (465, 'admin', '127.0.0.1', '内网IP', 'Chrome 10', 'Windows 10', '0', '登录成功', '2023-02-10 20:39:57'),
       (466, 'admin', '127.0.0.1', '内网IP', 'Chrome 10', 'Windows 10', '0', '退出成功', '2023-02-10 20:40:07'),
       (467, 'admin', '127.0.0.1', '内网IP', 'Chrome 10', 'Windows 10', '0', '登录成功', '2023-02-10 20:40:15'),
       (468, 'admin', '127.0.0.1', '内网IP', 'Chrome 10', 'Windows 10', '0', '登录成功', '2023-02-13 13:59:32'),
       (469, 'admin', '127.0.0.1', '内网IP', 'Chrome 10', 'Windows 10', '0', '登录成功', '2023-02-13 19:36:27'),
       (470, 'admin', '127.0.0.1', '内网IP', 'Chrome 10', 'Windows 10', '0', '登录成功', '2023-02-16 19:45:58'),
       (471, 'admin', '127.0.0.1', '内网IP', 'Chrome 10', 'Windows 10', '0', '登录成功', '2023-02-20 14:52:49'),
       (472, 'admin', '127.0.0.1', '内网IP', 'Chrome 10', 'Windows 10', '0', '退出成功', '2023-02-20 15:41:59'),
       (473, 'laoli', '127.0.0.1', '内网IP', 'Chrome 10', 'Windows 10', '0', '登录成功', '2023-02-20 15:42:15'),
       (474, 'laoli', '127.0.0.1', '内网IP', 'Chrome 10', 'Windows 10', '0', '退出成功', '2023-02-20 15:49:46'),
       (475, 'admin', '127.0.0.1', '内网IP', 'Chrome 10', 'Windows 10', '0', '登录成功', '2023-02-20 15:49:59'),
       (476, 'admin', '127.0.0.1', '内网IP', 'Chrome 10', 'Windows 10', '0', '退出成功', '2023-02-20 16:09:14'),
       (477, 'laoli', '127.0.0.1', '内网IP', 'Chrome 10', 'Windows 10', '1', '验证码错误', '2023-02-20 16:09:36'),
       (478, 'laoli', '127.0.0.1', '内网IP', 'Chrome 10', 'Windows 10', '0', '登录成功', '2023-02-20 16:09:44'),
       (479, 'admin', '127.0.0.1', '内网IP', 'Chrome 10', 'Windows 10', '0', '登录成功', '2023-02-20 17:13:44'),
       (480, 'admin', '127.0.0.1', '内网IP', 'Chrome 10', 'Windows 10', '0', '登录成功', '2023-02-20 19:03:45'),
       (481, 'admin', '127.0.0.1', '内网IP', 'Chrome 10', 'Windows 10', '0', '登录成功', '2023-02-20 20:40:18'),
       (482, 'admin', '127.0.0.1', '内网IP', 'Chrome 10', 'Windows 10', '0', '退出成功', '2023-02-20 20:57:00'),
       (483, 'admin', '127.0.0.1', '内网IP', 'Chrome 10', 'Windows 10', '1', '验证码错误', '2023-02-20 20:57:09'),
       (484, 'admin', '127.0.0.1', '内网IP', 'Chrome 10', 'Windows 10', '0', '登录成功', '2023-02-20 20:57:16'),
       (485, 'admin', '127.0.0.1', '内网IP', 'Chrome 10', 'Windows 10', '0', '登录成功', '2023-02-21 14:26:22'),
       (486, 'admin', '127.0.0.1', '内网IP', 'Chrome 10', 'Windows 10', '0', '登录成功', '2023-02-21 20:29:38'),
       (487, 'admin', '127.0.0.1', '内网IP', 'Chrome 10', 'Windows 10', '1', '验证码已失效', '2023-02-22 17:14:00'),
       (488, 'admin', '127.0.0.1', '内网IP', 'Chrome 10', 'Windows 10', '0', '登录成功', '2023-02-22 17:14:08'),
       (489, 'admin', '127.0.0.1', '内网IP', 'Chrome 10', 'Windows 10', '1', '用户不存在/密码错误',
        '2023-02-22 19:02:24'),
       (490, 'admin', '127.0.0.1', '内网IP', 'Chrome 10', 'Windows 10', '1', '用户不存在/密码错误',
        '2023-02-22 19:02:42'),
       (491, 'admin', '127.0.0.1', '内网IP', 'Chrome 10', 'Windows 10', '0', '登录成功', '2023-02-22 19:02:57'),
       (492, 'admin', '127.0.0.1', '内网IP', 'Chrome 10', 'Windows 10', '1', '用户不存在/密码错误',
        '2023-02-22 19:34:52'),
       (493, 'admin', '127.0.0.1', '内网IP', 'Chrome 10', 'Windows 10', '1', '用户不存在/密码错误',
        '2023-02-22 19:35:21'),
       (494, 'admin', '127.0.0.1', '内网IP', 'Chrome 10', 'Windows 10', '0', '登录成功', '2023-02-22 19:35:39'),
       (495, 'admin', '127.0.0.1', '内网IP', 'Chrome 10', 'Windows 10', '0', '登录成功', '2023-02-22 19:39:11');

/*Table structure for table `sys_menu` */

DROP TABLE IF EXISTS `sys_menu`;

CREATE TABLE `sys_menu`
(
    `menu_id`     bigint(20)  NOT NULL AUTO_INCREMENT COMMENT '菜单ID',
    `menu_name`   varchar(50) NOT NULL COMMENT '菜单名称',
    `parent_id`   bigint(20)   DEFAULT '0' COMMENT '父菜单ID',
    `order_num`   int(4)       DEFAULT '0' COMMENT '显示顺序',
    `path`        varchar(200) DEFAULT '' COMMENT '路由地址',
    `component`   varchar(255) DEFAULT NULL COMMENT '组件路径',
    `is_frame`    int(1)       DEFAULT '1' COMMENT '是否为外链（0是 1否）',
    `is_cache`    int(1)       DEFAULT '0' COMMENT '是否缓存（0缓存 1不缓存）',
    `menu_type`   char(1)      DEFAULT '' COMMENT '菜单类型（M目录 C菜单 F按钮）',
    `visible`     char(1)      DEFAULT '0' COMMENT '菜单状态（0显示 1隐藏）',
    `status`      char(1)      DEFAULT '0' COMMENT '菜单状态（0正常 1停用）',
    `perms`       varchar(100) DEFAULT NULL COMMENT '权限标识',
    `icon`        varchar(100) DEFAULT '#' COMMENT '菜单图标',
    `create_by`   varchar(64)  DEFAULT '' COMMENT '创建者',
    `create_time` datetime     DEFAULT NULL COMMENT '创建时间',
    `update_by`   varchar(64)  DEFAULT '' COMMENT '更新者',
    `update_time` datetime     DEFAULT NULL COMMENT '更新时间',
    `remark`      varchar(500) DEFAULT '' COMMENT '备注',
    PRIMARY KEY (`menu_id`) USING BTREE
) ENGINE = InnoDB
  AUTO_INCREMENT = 2068
  DEFAULT CHARSET = utf8
  ROW_FORMAT = DYNAMIC COMMENT ='菜单权限表';

/*Data for the table `sys_menu` */

insert into `sys_menu`(`menu_id`, `menu_name`, `parent_id`, `order_num`, `path`, `component`, `is_frame`, `is_cache`,
                       `menu_type`, `visible`, `status`, `perms`, `icon`, `create_by`, `create_time`, `update_by`,
                       `update_time`, `remark`)
values (1, '系统管理', 0, 1, 'system', NULL, 1, 0, 'M', '0', '0', '', 'system', 'admin', '2020-12-07 01:53:06', '',
        NULL, '系统管理目录'),
       (2, '系统监控', 0, 2, 'monitor', NULL, 1, 0, 'M', '0', '0', '', 'monitor', 'admin', '2020-12-07 01:53:06', '',
        NULL, '系统监控目录'),
       (3, '系统工具', 0, 3, 'tool', NULL, 1, 0, 'M', '0', '0', '', 'tool', 'admin', '2020-12-07 01:53:06', '', NULL,
        '系统工具目录'),
       (4, '马士兵官网', 0, 115, 'https://www.mashibing.com/', NULL, 0, 0, 'M', '0', '0', '', 'guide', 'admin',
        '2020-12-07 01:53:06', 'admin', '2020-12-09 08:58:58', '吉想官网地址'),
       (100, '用户管理', 1, 1, 'user', 'system/user/index', 1, 0, 'C', '0', '0', 'system:user:list', 'user', 'admin',
        '2020-12-07 01:53:06', '', NULL, '用户管理菜单'),
       (101, '角色管理', 1, 2, 'role', 'system/role/index', 1, 0, 'C', '0', '0', 'system:role:list', 'peoples', 'admin',
        '2020-12-07 01:53:06', '', NULL, '角色管理菜单'),
       (102, '菜单管理', 1, 3, 'menu', 'system/menu/index', 1, 0, 'C', '0', '0', 'system:menu:list', 'tree-table',
        'admin', '2020-12-07 01:53:06', '', NULL, '菜单管理菜单'),
       (103, '部门管理', 1, 4, 'dept', 'system/dept/index', 1, 0, 'C', '0', '0', 'system:dept:list', 'tree', 'admin',
        '2020-12-07 01:53:06', '', NULL, '部门管理菜单'),
       (104, '岗位管理', 1, 5, 'post', 'system/post/index', 1, 0, 'C', '0', '0', 'system:post:list', 'post', 'admin',
        '2020-12-07 01:53:06', '', NULL, '岗位管理菜单'),
       (105, '字典管理', 1, 6, 'dict', 'system/dict/index', 1, 0, 'C', '0', '0', 'system:dict:list', 'dict', 'admin',
        '2020-12-07 01:53:06', '', NULL, '字典管理菜单'),
       (107, '通知公告', 1, 8, 'notice', 'system/notice/index', 1, 0, 'C', '0', '0', 'system:notice:list', 'message',
        'admin', '2021-03-24 14:36:18', '', NULL, '通知公告菜单'),
       (108, '日志管理', 1, 9, 'log', '', 1, 0, 'M', '0', '0', '', 'log', 'admin', '2020-12-07 01:53:06', '', NULL,
        '日志管理菜单'),
       (109, '在线用户', 2, 1, 'online', 'monitor/online/index', 1, 0, 'C', '0', '0', 'monitor:online:list', 'online',
        'admin', '2020-12-07 01:53:06', '', NULL, '在线用户菜单'),
       (111, '数据监控', 2, 3, 'druid', 'monitor/druid/index', 1, 0, 'C', '0', '0', 'monitor:druid:list', 'druid',
        'admin', '2020-12-07 01:53:06', '', NULL, '数据监控菜单'),
       (112, '服务监控', 2, 4, 'server', 'monitor/server/index', 1, 0, 'C', '0', '0', 'monitor:server:list', 'server',
        'admin', '2020-12-07 01:53:06', '', NULL, '服务监控菜单'),
       (113, '缓存监控', 2, 5, 'cache', 'monitor/cache/index', 1, 0, 'C', '0', '0', 'monitor:cache:list', 'redis',
        'admin', '2020-12-07 01:53:06', '', NULL, '缓存监控菜单'),
       (116, '系统接口', 3, 3, 'swagger', 'tool/swagger/index', 1, 0, 'C', '0', '0', 'tool:swagger:list', 'swagger',
        'admin', '2020-12-07 01:53:06', '', NULL, '系统接口菜单'),
       (500, '操作日志', 108, 1, 'operlog', 'monitor/operlog/index', 1, 0, 'C', '0', '0', 'monitor:operlog:list',
        'form', 'admin', '2020-12-07 01:53:06', '', NULL, '操作日志菜单'),
       (501, '登录日志', 108, 2, 'logininfor', 'monitor/logininfor/index', 1, 0, 'C', '0', '0',
        'monitor:logininfor:list', 'logininfor', 'admin', '2020-12-07 01:53:06', '', NULL, '登录日志菜单'),
       (1001, '用户查询', 100, 1, '', '', 1, 0, 'F', '0', '0', 'system:user:query', '#', 'admin', '2020-12-07 01:53:06',
        '', NULL, ''),
       (1002, '用户新增', 100, 2, '', '', 1, 0, 'F', '0', '0', 'system:user:add', '#', 'admin', '2020-12-07 01:53:06',
        '', NULL, ''),
       (1003, '用户修改', 100, 3, '', '', 1, 0, 'F', '0', '0', 'system:user:edit', '#', 'admin', '2020-12-07 01:53:06',
        '', NULL, ''),
       (1004, '用户删除', 100, 4, '', '', 1, 0, 'F', '0', '0', 'system:user:remove', '#', 'admin',
        '2020-12-07 01:53:06', '', NULL, ''),
       (1005, '用户导出', 100, 5, '', '', 1, 0, 'F', '0', '0', 'system:user:export', '#', 'admin',
        '2020-12-07 01:53:06', '', NULL, ''),
       (1006, '用户导入', 100, 6, '', '', 1, 0, 'F', '0', '0', 'system:user:import', '#', 'admin',
        '2020-12-07 01:53:06', '', NULL, ''),
       (1007, '重置密码', 100, 7, '', '', 1, 0, 'F', '0', '0', 'system:user:resetPwd', '#', 'admin',
        '2020-12-07 01:53:06', '', NULL, ''),
       (1008, '角色查询', 101, 1, '', '', 1, 0, 'F', '0', '0', 'system:role:query', '#', 'admin', '2020-12-07 01:53:06',
        '', NULL, ''),
       (1009, '角色新增', 101, 2, '', '', 1, 0, 'F', '0', '0', 'system:role:add', '#', 'admin', '2020-12-07 01:53:06',
        '', NULL, ''),
       (1010, '角色修改', 101, 3, '', '', 1, 0, 'F', '0', '0', 'system:role:edit', '#', 'admin', '2020-12-07 01:53:06',
        '', NULL, ''),
       (1011, '角色删除', 101, 4, '', '', 1, 0, 'F', '0', '0', 'system:role:remove', '#', 'admin',
        '2020-12-07 01:53:06', '', NULL, ''),
       (1012, '角色导出', 101, 5, '', '', 1, 0, 'F', '0', '0', 'system:role:export', '#', 'admin',
        '2020-12-07 01:53:06', '', NULL, ''),
       (1013, '菜单查询', 102, 1, '', '', 1, 0, 'F', '0', '0', 'system:menu:query', '#', 'admin', '2020-12-07 01:53:06',
        '', NULL, ''),
       (1014, '菜单新增', 102, 2, '', '', 1, 0, 'F', '0', '0', 'system:menu:add', '#', 'admin', '2020-12-07 01:53:06',
        '', NULL, ''),
       (1015, '菜单修改', 102, 3, '', '', 1, 0, 'F', '0', '0', 'system:menu:edit', '#', 'admin', '2020-12-07 01:53:06',
        '', NULL, ''),
       (1016, '菜单删除', 102, 4, '', '', 1, 0, 'F', '0', '0', 'system:menu:remove', '#', 'admin',
        '2020-12-07 01:53:06', '', NULL, ''),
       (1017, '部门查询', 103, 1, '', '', 1, 0, 'F', '0', '0', 'system:dept:query', '#', 'admin', '2020-12-07 01:53:06',
        '', NULL, ''),
       (1018, '部门新增', 103, 2, '', '', 1, 0, 'F', '0', '0', 'system:dept:add', '#', 'admin', '2020-12-07 01:53:06',
        '', NULL, ''),
       (1019, '部门修改', 103, 3, '', '', 1, 0, 'F', '0', '0', 'system:dept:edit', '#', 'admin', '2020-12-07 01:53:06',
        '', NULL, ''),
       (1020, '部门删除', 103, 4, '', '', 1, 0, 'F', '0', '0', 'system:dept:remove', '#', 'admin',
        '2020-12-07 01:53:06', '', NULL, ''),
       (1021, '岗位查询', 104, 1, '', '', 1, 0, 'F', '0', '0', 'system:post:query', '#', 'admin', '2020-12-07 01:53:06',
        '', NULL, ''),
       (1022, '岗位新增', 104, 2, '', '', 1, 0, 'F', '0', '0', 'system:post:add', '#', 'admin', '2020-12-07 01:53:06',
        '', NULL, ''),
       (1023, '岗位修改', 104, 3, '', '', 1, 0, 'F', '0', '0', 'system:post:edit', '#', 'admin', '2020-12-07 01:53:06',
        '', NULL, ''),
       (1024, '岗位删除', 104, 4, '', '', 1, 0, 'F', '0', '0', 'system:post:remove', '#', 'admin',
        '2020-12-07 01:53:06', '', NULL, ''),
       (1025, '岗位导出', 104, 5, '', '', 1, 0, 'F', '0', '0', 'system:post:export', '#', 'admin',
        '2020-12-07 01:53:06', '', NULL, ''),
       (1026, '字典查询', 105, 1, '#', '', 1, 0, 'F', '0', '0', 'system:dict:query', '#', 'admin',
        '2020-12-07 01:53:06', '', NULL, ''),
       (1027, '字典新增', 105, 2, '#', '', 1, 0, 'F', '0', '0', 'system:dict:add', '#', 'admin', '2020-12-07 01:53:06',
        '', NULL, ''),
       (1028, '字典修改', 105, 3, '#', '', 1, 0, 'F', '0', '0', 'system:dict:edit', '#', 'admin', '2020-12-07 01:53:06',
        '', NULL, ''),
       (1029, '字典删除', 105, 4, '#', '', 1, 0, 'F', '0', '0', 'system:dict:remove', '#', 'admin',
        '2020-12-07 01:53:06', '', NULL, ''),
       (1030, '字典导出', 105, 5, '#', '', 1, 0, 'F', '0', '0', 'system:dict:export', '#', 'admin',
        '2020-12-07 01:53:06', '', NULL, ''),
       (1031, '参数查询', 106, 1, '#', '', 1, 0, 'F', '0', '0', 'system:config:query', '#', 'admin',
        '2020-12-07 01:53:06', '', NULL, ''),
       (1032, '参数新增', 106, 2, '#', '', 1, 0, 'F', '0', '0', 'system:config:add', '#', 'admin',
        '2020-12-07 01:53:06', '', NULL, ''),
       (1033, '参数修改', 106, 3, '#', '', 1, 0, 'F', '0', '0', 'system:config:edit', '#', 'admin',
        '2020-12-07 01:53:06', '', NULL, ''),
       (1034, '参数删除', 106, 4, '#', '', 1, 0, 'F', '0', '0', 'system:config:remove', '#', 'admin',
        '2020-12-07 01:53:06', '', NULL, ''),
       (1035, '参数导出', 106, 5, '#', '', 1, 0, 'F', '0', '0', 'system:config:export', '#', 'admin',
        '2020-12-07 01:53:06', '', NULL, ''),
       (1036, '公告查询', 107, 1, '#', '', 1, 0, 'F', '0', '0', 'system:notice:query', '#', 'admin',
        '2020-12-07 01:53:06', '', NULL, ''),
       (1037, '公告新增', 107, 2, '#', '', 1, 0, 'F', '0', '0', 'system:notice:add', '#', 'admin',
        '2020-12-07 01:53:06', '', NULL, ''),
       (1038, '公告修改', 107, 3, '#', '', 1, 0, 'F', '0', '0', 'system:notice:edit', '#', 'admin',
        '2020-12-07 01:53:06', '', NULL, ''),
       (1039, '公告删除', 107, 4, '#', '', 1, 0, 'F', '0', '0', 'system:notice:remove', '#', 'admin',
        '2020-12-07 01:53:06', '', NULL, ''),
       (1040, '操作查询', 500, 1, '#', '', 1, 0, 'F', '0', '0', 'monitor:operlog:query', '#', 'admin',
        '2020-12-07 01:53:06', '', NULL, ''),
       (1041, '操作删除', 500, 2, '#', '', 1, 0, 'F', '0', '0', 'monitor:operlog:remove', '#', 'admin',
        '2020-12-07 01:53:06', '', NULL, ''),
       (1042, '日志导出', 500, 4, '#', '', 1, 0, 'F', '0', '0', 'monitor:operlog:export', '#', 'admin',
        '2020-12-07 01:53:06', '', NULL, ''),
       (1043, '登录查询', 501, 1, '#', '', 1, 0, 'F', '0', '0', 'monitor:logininfor:query', '#', 'admin',
        '2020-12-07 01:53:06', '', NULL, ''),
       (1044, '登录删除', 501, 2, '#', '', 1, 0, 'F', '0', '0', 'monitor:logininfor:remove', '#', 'admin',
        '2020-12-07 01:53:06', '', NULL, ''),
       (1045, '日志导出', 501, 3, '#', '', 1, 0, 'F', '0', '0', 'monitor:logininfor:export', '#', 'admin',
        '2020-12-07 01:53:06', '', NULL, ''),
       (1046, '在线查询', 109, 1, '#', '', 1, 0, 'F', '0', '0', 'monitor:online:query', '#', 'admin',
        '2020-12-07 01:53:06', '', NULL, ''),
       (1047, '批量强退', 109, 2, '#', '', 1, 0, 'F', '0', '0', 'monitor:online:batchLogout', '#', 'admin',
        '2020-12-07 01:53:06', '', NULL, ''),
       (1048, '单条强退', 109, 3, '#', '', 1, 0, 'F', '0', '0', 'monitor:online:forceLogout', '#', 'admin',
        '2020-12-07 01:53:06', '', NULL, ''),
       (1049, '任务查询', 110, 1, '#', '', 1, 0, 'F', '0', '0', 'monitor:job:query', '#', 'admin',
        '2020-12-07 01:53:06', '', NULL, ''),
       (1050, '任务新增', 110, 2, '#', '', 1, 0, 'F', '0', '0', 'monitor:job:add', '#', 'admin', '2020-12-07 01:53:06',
        '', NULL, ''),
       (1051, '任务修改', 110, 3, '#', '', 1, 0, 'F', '0', '0', 'monitor:job:edit', '#', 'admin', '2020-12-07 01:53:06',
        '', NULL, ''),
       (1052, '任务删除', 110, 4, '#', '', 1, 0, 'F', '0', '0', 'monitor:job:remove', '#', 'admin',
        '2020-12-07 01:53:06', '', NULL, ''),
       (1053, '状态修改', 110, 5, '#', '', 1, 0, 'F', '0', '0', 'monitor:job:changeStatus', '#', 'admin',
        '2020-12-07 01:53:06', '', NULL, ''),
       (1054, '任务导出', 110, 7, '#', '', 1, 0, 'F', '0', '0', 'monitor:job:export', '#', 'admin',
        '2020-12-07 01:53:06', '', NULL, ''),
       (1055, '生成查询', 115, 1, '#', '', 1, 0, 'F', '0', '0', 'tool:gen:query', '#', 'admin', '2020-12-07 01:53:06',
        '', NULL, ''),
       (1056, '生成修改', 115, 2, '#', '', 1, 0, 'F', '0', '0', 'tool:gen:edit', '#', 'admin', '2020-12-07 01:53:06',
        '', NULL, ''),
       (1057, '生成删除', 115, 3, '#', '', 1, 0, 'F', '0', '0', 'tool:gen:remove', '#', 'admin', '2020-12-07 01:53:06',
        '', NULL, ''),
       (1058, '导入代码', 115, 2, '#', '', 1, 0, 'F', '0', '0', 'tool:gen:import', '#', 'admin', '2020-12-07 01:53:06',
        '', NULL, ''),
       (1059, '预览代码', 115, 4, '#', '', 1, 0, 'F', '0', '0', 'tool:gen:preview', '#', 'admin', '2020-12-07 01:53:06',
        '', NULL, ''),
       (1060, '生成代码', 115, 5, '#', '', 1, 0, 'F', '0', '0', 'tool:gen:code', '#', 'admin', '2020-12-07 01:53:06',
        '', NULL, ''),
       (2000, '小区信息', 2006, 1, 'community', 'property/community/index', 1, 0, 'C', '0', '0',
        'system:community:list', 'property', 'admin', '2020-12-09 08:52:27', 'admin', '2020-12-10 08:45:32',
        '【请填写功能名称】菜单'),
       (2001, '小区信息查询', 2000, 1, '#', '', 1, 0, 'F', '0', '0', 'system:community:query', '#', 'admin',
        '2020-12-09 08:52:27', 'admin', '2020-12-09 09:32:49', ''),
       (2002, '小区信息新增', 2000, 2, '#', '', 1, 0, 'F', '0', '0', 'system:community:add', '#', 'admin',
        '2020-12-09 08:52:27', 'admin', '2020-12-09 09:33:01', ''),
       (2003, '小区信息修改', 2000, 3, '#', '', 1, 0, 'F', '0', '0', 'system:community:edit', '#', 'admin',
        '2020-12-09 08:52:27', 'admin', '2020-12-09 09:33:12', ''),
       (2004, '小区信息删除', 2000, 4, '#', '', 1, 0, 'F', '0', '0', 'system:community:remove', '#', 'admin',
        '2020-12-09 08:52:27', 'admin', '2020-12-09 09:33:27', ''),
       (2005, '小区信息导出', 2000, 5, '#', '', 1, 0, 'F', '0', '0', 'system:community:export', '#', 'admin',
        '2020-12-09 08:52:27', 'admin', '2020-12-09 09:33:34', ''),
       (2006, '社区资产', 0, 4, 'community', NULL, 1, 0, 'M', '0', '0', '', 'sqzc', 'admin', '2020-12-09 08:55:21',
        'admin', '2020-12-15 08:08:34', ''),
       (2007, '更换物业', 2000, 6, '', NULL, 1, 0, 'F', '0', '0', 'system:community:change', '#', 'admin',
        '2020-12-11 05:35:06', '', NULL, ''),
       (2008, '房屋信息', 2006, 5, 'room', 'property/room/index', 1, 0, 'C', '0', '0', 'system:room:list', 'room',
        'admin', '2020-12-11 07:37:41', 'admin', '2020-12-14 09:58:53', '房间 菜单'),
       (2009, '房间 查询', 2008, 1, '#', '', 1, 0, 'F', '0', '0', 'system:room:query', '#', 'admin',
        '2020-12-11 07:37:41', '', NULL, ''),
       (2010, '房间 新增', 2008, 2, '#', '', 1, 0, 'F', '0', '0', 'system:room:add', '#', 'admin',
        '2020-12-11 07:37:41', '', NULL, ''),
       (2011, '房间 修改', 2008, 3, '#', '', 1, 0, 'F', '0', '0', 'system:room:edit', '#', 'admin',
        '2020-12-11 07:37:41', '', NULL, ''),
       (2012, '房间 删除', 2008, 4, '#', '', 1, 0, 'F', '0', '0', 'system:room:remove', '#', 'admin',
        '2020-12-11 07:37:41', '', NULL, ''),
       (2013, '房间 导出', 2008, 5, '#', '', 1, 0, 'F', '0', '0', 'system:room:export', '#', 'admin',
        '2020-12-11 07:37:41', '', NULL, ''),
       (2014, '楼栋信息', 2006, 3, 'building', 'property/building/index', 1, 0, 'C', '0', '0', 'system:building:list',
        'building', 'admin', '2020-12-11 07:38:04', 'admin', '2020-12-11 07:47:17', '楼栋 菜单'),
       (2015, '楼栋 查询', 2014, 1, '#', '', 1, 0, 'F', '0', '0', 'system:building:query', '#', 'admin',
        '2020-12-11 07:38:04', '', NULL, ''),
       (2016, '楼栋 新增', 2014, 2, '#', '', 1, 0, 'F', '0', '0', 'system:building:add', '#', 'admin',
        '2020-12-11 07:38:04', '', NULL, ''),
       (2017, '楼栋 修改', 2014, 3, '#', '', 1, 0, 'F', '0', '0', 'system:building:edit', '#', 'admin',
        '2020-12-11 07:38:04', '', NULL, ''),
       (2018, '楼栋 删除', 2014, 4, '#', '', 1, 0, 'F', '0', '0', 'system:building:remove', '#', 'admin',
        '2020-12-11 07:38:04', '', NULL, ''),
       (2019, '楼栋 导出', 2014, 5, '#', '', 1, 0, 'F', '0', '0', 'system:building:export', '#', 'admin',
        '2020-12-11 07:38:04', '', NULL, ''),
       (2020, '单元信息', 2006, 4, 'unit', 'property/unit/index', 1, 0, 'C', '0', '0', 'system:unit:list', 'unit',
        'admin', '2020-12-11 07:38:19', 'admin', '2020-12-11 07:49:45', '单元 菜单'),
       (2021, '单元 查询', 2020, 1, '#', '', 1, 0, 'F', '0', '0', 'system:unit:query', '#', 'admin',
        '2020-12-11 07:38:19', '', NULL, ''),
       (2022, '单元 新增', 2020, 2, '#', '', 1, 0, 'F', '0', '0', 'system:unit:add', '#', 'admin',
        '2020-12-11 07:38:19', '', NULL, ''),
       (2023, '单元 修改', 2020, 3, '#', '', 1, 0, 'F', '0', '0', 'system:unit:edit', '#', 'admin',
        '2020-12-11 07:38:19', '', NULL, ''),
       (2024, '单元 删除', 2020, 4, '#', '', 1, 0, 'F', '0', '0', 'system:unit:remove', '#', 'admin',
        '2020-12-11 07:38:19', '', NULL, ''),
       (2025, '单元 导出', 2020, 5, '#', '', 1, 0, 'F', '0', '0', 'system:unit:export', '#', 'admin',
        '2020-12-11 07:38:19', '', NULL, ''),
       (2027, '业主审核', 2033, 2, 'ownerRoom', 'property/ownerRoom/index', 1, 0, 'C', '0', '0',
        'system:ownerRoom:list', 'bd', 'admin', '2020-12-15 08:11:13', 'admin', '2020-12-16 10:25:21', '房屋绑定 菜单'),
       (2028, '房屋绑定 查询', 2027, 1, '#', '', 1, 0, 'F', '0', '0', 'system:ownerRoom:query', '#', 'admin',
        '2020-12-15 08:11:13', 'admin', '2020-12-15 08:16:31', ''),
       (2029, '房屋绑定 新增', 2027, 2, '#', '', 1, 0, 'F', '0', '0', 'system:ownerRoom:add', '#', 'admin',
        '2020-12-15 08:11:13', 'admin', '2020-12-15 08:16:44', ''),
       (2030, '房屋绑定 修改', 2027, 3, '#', '', 1, 0, 'F', '0', '0', 'system:ownerRoom:edit', '#', 'admin',
        '2020-12-15 08:11:13', 'admin', '2020-12-15 08:16:52', ''),
       (2031, '房屋绑定 删除', 2027, 4, '#', '', 1, 0, 'F', '0', '0', 'system:ownerRoom:remove', '#', 'admin',
        '2020-12-15 08:11:13', 'admin', '2020-12-15 08:16:59', ''),
       (2032, '房屋绑定 导出', 2027, 5, '#', '', 1, 0, 'F', '0', '0', 'system:ownerRoom:export', '#', 'admin',
        '2020-12-15 08:11:13', 'admin', '2020-12-15 08:17:05', ''),
       (2033, '小区管理', 0, 5, 'bing', NULL, 1, 0, 'M', '0', '0', NULL, 'xqgl', 'admin', '2020-12-15 08:11:58', '',
        NULL, ''),
       (2034, '业主信息', 2033, 1, 'owner', 'property/owner/index', 1, 0, 'C', '0', '0', 'system:owner:list', 'yz',
        'admin', '2020-12-16 10:19:38', 'admin', '2020-12-16 10:24:55', '业主 菜单'),
       (2035, '业主 查询', 2034, 1, '#', '', 1, 0, 'F', '0', '0', 'system:owner:query', '#', 'admin',
        '2020-12-16 10:19:38', '', NULL, ''),
       (2036, '业主 新增', 2034, 2, '#', '', 1, 0, 'F', '0', '0', 'system:owner:add', '#', 'admin',
        '2020-12-16 10:19:38', '', NULL, ''),
       (2037, '业主 修改', 2034, 3, '#', '', 1, 0, 'F', '0', '0', 'system:owner:edit', '#', 'admin',
        '2020-12-16 10:19:38', '', NULL, ''),
       (2038, '业主 删除', 2034, 4, '#', '', 1, 0, 'F', '0', '0', 'system:owner:remove', '#', 'admin',
        '2020-12-16 10:19:38', '', NULL, ''),
       (2039, '业主 导出', 2034, 5, '#', '', 1, 0, 'F', '0', '0', 'system:owner:export', '#', 'admin',
        '2020-12-16 10:19:38', '', NULL, ''),
       (2040, '社区互动查询', 2046, 1, '#', '', 1, 0, 'F', '0', '0', 'system:interaction:query', '#', 'admin',
        '2020-12-17 07:58:24', '', NULL, ''),
       (2041, '社区互动新增', 2046, 2, '#', '', 1, 0, 'F', '0', '0', 'system:interaction:add', '#', 'admin',
        '2020-12-17 07:58:24', '', NULL, ''),
       (2042, '社区互动修改', 2046, 3, '#', '', 1, 0, 'F', '0', '0', 'system:interaction:edit', '#', 'admin',
        '2020-12-17 07:58:24', '', NULL, ''),
       (2043, '社区互动删除', 2046, 4, '#', '', 1, 0, 'F', '0', '0', 'system:interaction:remove', '#', 'admin',
        '2020-12-17 07:58:24', '', NULL, ''),
       (2044, '社区互动导出', 2046, 5, '#', '', 1, 0, 'F', '0', '0', 'system:interaction:export', '#', 'admin',
        '2020-12-17 07:58:24', '', NULL, ''),
       (2045, '互动管理', 0, 6, 'interaction', NULL, 1, 0, 'M', '0', '0', NULL, 'phone', 'admin', '2020-12-17 08:46:30',
        '', NULL, ''),
       (2046, '社区互动', 2045, 1, 'interaction', 'property/interaction/index', 1, 0, 'C', '0', '0',
        'system:interaction:list', 'wechat', 'admin', '2020-12-17 08:49:54', 'admin', '2020-12-17 08:51:23',
        '社区互动菜单'),
       (2047, '访客管理', 0, 7, 'visitor', NULL, 1, 0, 'M', '0', '0', NULL, 'fk', 'admin', '2020-12-18 05:50:19', '',
        NULL, ''),
       (2048, '访客邀请 ', 2047, 1, 'visitor', 'property/visitor/index', 1, 0, 'C', '0', '0', 'system:visitor:list',
        'fkxx', 'admin', '2020-12-18 05:50:50', 'admin', '2020-12-18 05:53:25', '访客邀请 菜单'),
       (2049, '访客邀请 查询', 2048, 1, '#', '', 1, 0, 'F', '0', '0', 'system:visitor:query', '#', 'admin',
        '2020-12-18 05:50:51', '', NULL, ''),
       (2050, '访客邀请 新增', 2048, 2, '#', '', 1, 0, 'F', '0', '0', 'system:visitor:add', '#', 'admin',
        '2020-12-18 05:50:51', '', NULL, ''),
       (2051, '访客邀请 修改', 2048, 3, '#', '', 1, 0, 'F', '0', '0', 'system:visitor:edit', '#', 'admin',
        '2020-12-18 05:50:51', '', NULL, ''),
       (2052, '访客邀请 删除', 2048, 4, '#', '', 1, 0, 'F', '0', '0', 'system:visitor:remove', '#', 'admin',
        '2020-12-18 05:50:51', '', NULL, ''),
       (2053, '访客邀请 导出', 2048, 5, '#', '', 1, 0, 'F', '0', '0', 'system:visitor:export', '#', 'admin',
        '2020-12-18 05:50:51', '', NULL, ''),
       (2054, '投诉建议 ', 2060, 1, 'suggest', 'property/suggest/index', 1, 0, 'C', '0', '0', 'system:suggest:list',
        'tsjy', 'admin', '2020-12-21 02:52:11', 'admin', '2020-12-21 03:03:57', '投诉建议 菜单'),
       (2055, '投诉建议 查询', 2054, 1, '#', '', 1, 0, 'F', '0', '0', 'system:suggest:query', '#', 'admin',
        '2020-12-21 02:52:11', '', NULL, ''),
       (2056, '投诉建议 新增', 2054, 2, '#', '', 1, 0, 'F', '0', '0', 'system:suggest:add', '#', 'admin',
        '2020-12-21 02:52:11', '', NULL, ''),
       (2057, '投诉建议 修改', 2054, 3, '#', '', 1, 0, 'F', '0', '0', 'system:suggest:edit', '#', 'admin',
        '2020-12-21 02:52:11', '', NULL, ''),
       (2058, '投诉建议 删除', 2054, 4, '#', '', 1, 0, 'F', '0', '0', 'system:suggest:remove', '#', 'admin',
        '2020-12-21 02:52:11', '', NULL, ''),
       (2059, '投诉建议 导出', 2054, 5, '#', '', 1, 0, 'F', '0', '0', 'system:suggest:export', '#', 'admin',
        '2020-12-21 02:52:11', '', NULL, ''),
       (2060, '投诉建议', 0, 8, 'suggest', NULL, 1, 0, 'M', '0', '0', NULL, 'ts', 'admin', '2020-12-21 03:02:22', '',
        NULL, ''),
       (2061, '报修信息', 2067, 1, 'repair', 'property/repair/index', 1, 0, 'C', '1', '0', 'system:repair:list', 'bxxx',
        'admin', '2020-12-22 07:14:51', 'admin', '2021-08-04 16:49:27', '报修信息菜单'),
       (2062, '报修信息查询', 2061, 1, '#', '', 1, 0, 'F', '0', '0', 'system:repair:query', '#', 'admin',
        '2020-12-22 07:14:51', '', NULL, ''),
       (2063, '报修信息新增', 2061, 2, '#', '', 1, 0, 'F', '0', '0', 'system:repair:add', '#', 'admin',
        '2020-12-22 07:14:51', '', NULL, ''),
       (2064, '报修信息修改', 2061, 3, '#', '', 1, 0, 'F', '0', '0', 'system:repair:edit', '#', 'admin',
        '2020-12-22 07:14:51', '', NULL, ''),
       (2065, '报修信息删除', 2061, 4, '#', '', 1, 0, 'F', '0', '0', 'system:repair:remove', '#', 'admin',
        '2020-12-22 07:14:51', '', NULL, ''),
       (2066, '报修信息导出', 2061, 5, '#', '', 1, 0, 'F', '0', '0', 'system:repair:export', '#', 'admin',
        '2020-12-22 07:14:51', '', NULL, ''),
       (2067, '报修管理', 0, 9, 'repair', NULL, 1, 0, 'M', '1', '0', '', 'bx', 'admin', '2020-12-22 07:47:09', 'admin',
        '2021-08-04 16:49:21', '');

/*Table structure for table `sys_notice` */

DROP TABLE IF EXISTS `sys_notice`;

CREATE TABLE `sys_notice`
(
    `notice_id`      int(4)      NOT NULL AUTO_INCREMENT COMMENT '公告ID',
    `notice_title`   varchar(50) NOT NULL COMMENT '公告标题',
    `notice_type`    char(1)     NOT NULL COMMENT '公告类型（1通知 2公告）',
    `notice_content` longblob COMMENT '公告内容',
    `status`         char(1)      DEFAULT '0' COMMENT '公告状态（0正常 1关闭）',
    `create_by`      varchar(64)  DEFAULT '' COMMENT '创建者',
    `create_time`    datetime     DEFAULT NULL COMMENT '创建时间',
    `update_by`      varchar(64)  DEFAULT '' COMMENT '更新者',
    `update_time`    datetime     DEFAULT NULL COMMENT '更新时间',
    `remark`         varchar(255) DEFAULT NULL COMMENT '备注',
    PRIMARY KEY (`notice_id`) USING BTREE
) ENGINE = InnoDB
  AUTO_INCREMENT = 3
  DEFAULT CHARSET = utf8
  ROW_FORMAT = DYNAMIC COMMENT ='通知公告表';

/*Data for the table `sys_notice` */

insert into `sys_notice`(`notice_id`, `notice_title`, `notice_type`, `notice_content`, `status`, `create_by`,
                         `create_time`, `update_by`, `update_time`, `remark`)
values (1, '温馨提醒：新版本发布啦', '2', '<p>新版本内容</p>', '0', 'admin', '2020-12-07 01:53:06', 'admin',
        '2023-02-20 20:40:48', '管理员'),
       (2, '维护通知：系统凌晨维护', '1', '<p>维护内容</p>', '0', 'admin', '2020-12-07 01:53:06', 'admin',
        '2023-02-20 20:41:01', '管理员');

/*Table structure for table `sys_oper_log` */

DROP TABLE IF EXISTS `sys_oper_log`;

CREATE TABLE `sys_oper_log`
(
    `oper_id`        bigint(20) NOT NULL AUTO_INCREMENT COMMENT '日志主键',
    `title`          varchar(50)   DEFAULT '' COMMENT '模块标题',
    `business_type`  int(2)        DEFAULT '0' COMMENT '业务类型（0其它 1新增 2修改 3删除）',
    `method`         varchar(100)  DEFAULT '' COMMENT '方法名称',
    `request_method` varchar(10)   DEFAULT '' COMMENT '请求方式',
    `operator_type`  int(1)        DEFAULT '0' COMMENT '操作类别（0其它 1后台用户 2手机端用户）',
    `oper_name`      varchar(50)   DEFAULT '' COMMENT '操作人员',
    `dept_name`      varchar(50)   DEFAULT '' COMMENT '部门名称',
    `oper_url`       varchar(255)  DEFAULT '' COMMENT '请求URL',
    `oper_ip`        varchar(50)   DEFAULT '' COMMENT '主机地址',
    `oper_location`  varchar(255)  DEFAULT '' COMMENT '操作地点',
    `oper_param`     varchar(2000) DEFAULT '' COMMENT '请求参数',
    `json_result`    varchar(2000) DEFAULT '' COMMENT '返回参数',
    `status`         int(1)        DEFAULT '0' COMMENT '操作状态（0正常 1异常）',
    `error_msg`      varchar(2000) DEFAULT '' COMMENT '错误消息',
    `oper_time`      datetime      DEFAULT NULL COMMENT '操作时间',
    PRIMARY KEY (`oper_id`) USING BTREE
) ENGINE = InnoDB
  AUTO_INCREMENT = 557
  DEFAULT CHARSET = utf8
  ROW_FORMAT = DYNAMIC COMMENT ='操作日志记录';

/*Data for the table `sys_oper_log` */

insert into `sys_oper_log`(`oper_id`, `title`, `business_type`, `method`, `request_method`, `operator_type`,
                           `oper_name`, `dept_name`, `oper_url`, `oper_ip`, `oper_location`, `oper_param`,
                           `json_result`, `status`, `error_msg`, `oper_time`)
values (521, '楼栋 ', 1, 'com.jeethink.community.web.controller.community.hjyBuildingController.add()', 'POST', 1,
        'admin', NULL, '/system/building', '127.0.0.1', '内网IP',
        '{\"buildingName\":\"123\",\"createBy\":\"admin\",\"createTime\":1616126026203,\"updateBy\":\"admin\",\"buildingCode\":\"BUILDING_1616126026195\",\"remark\":\"13\",\"updateTime\":1616126026203,\"communityId\":1338423795842494466,\"params\":{},\"buildingAcreage\":123,\"buildingId\":1372758166674595842}',
        '{\"code\":200,\"msg\":\"操作成功\",\"success\":true}', 0, NULL, '2021-03-19 11:53:46'),
       (522, '楼栋 ', 3, 'com.jeethink.community.web.controller.community.hjyBuildingController.remove()', 'DELETE', 1,
        'admin', NULL, '/system/building/1372758166674595842', '127.0.0.1', '内网IP',
        '{buildingIds=1372758166674595842}', '{\"code\":200,\"msg\":\"操作成功\",\"success\":true}', 0, NULL,
        '2021-03-19 11:53:52'),
       (523, '用户头像', 2, 'com.jeethink.community.web.controller.system.SysProfileController.avatar()', 'POST', 1,
        'admin', NULL, '/system/user/profile/avatar', '127.0.0.1', '内网IP', '',
        '{\"code\":200,\"msg\":\"操作成功\",\"imgUrl\":\"\"}', 0, NULL, '2021-03-22 14:22:46'),
       (524, '用户头像', 2, 'com.jeethink.community.web.controller.system.SysProfileController.avatar()', 'POST', 1,
        'admin', NULL, '/system/user/profile/avatar', '127.0.0.1', '内网IP', '',
        '{\"code\":200,\"msg\":\"操作成功\",\"imgUrl\":\"\"}', 0, NULL, '2021-03-22 14:22:46'),
       (525, '用户头像', 2, 'com.jeethink.community.web.controller.system.SysProfileController.avatar()', 'POST', 1,
        'admin', NULL, '/system/user/profile/avatar', '127.0.0.1', '内网IP', '',
        '{\"code\":200,\"msg\":\"操作成功\",\"imgUrl\":\"\"}', 0, NULL, '2021-03-22 14:22:46'),
       (526, '通知公告', 2, 'com.jeethink.community.web.controller.system.SysNoticeController.edit()', 'PUT', 1,
        'admin', NULL, '/system/notice', '127.0.0.1', '内网IP',
        '{\"noticeContent\":\"<p>新版本内容sdf </p>\",\"createBy\":\"admin\",\"createTime\":1607277186000,\"updateBy\":\"admin\",\"noticeType\":\"2\",\"remark\":\"管理员\",\"params\":{},\"noticeId\":1,\"noticeTitle\":\"温馨提醒：2018-07-01 吉想新版本发布啦\",\"status\":\"0\"}',
        '{\"code\":200,\"msg\":\"操作成功\",\"success\":true}', 0, NULL, '2021-03-24 14:36:56'),
       (527, '通知公告', 2, 'com.jeethink.community.web.controller.system.SysNoticeController.edit()', 'PUT', 1,
        'admin', NULL, '/system/notice', '127.0.0.1', '内网IP',
        '{\"noticeContent\":\"<p>维护内容123</p>\",\"createBy\":\"admin\",\"createTime\":1607277186000,\"updateBy\":\"admin\",\"noticeType\":\"1\",\"remark\":\"管理员\",\"params\":{},\"noticeId\":2,\"noticeTitle\":\"维护通知：2018-07-01 吉想系统凌晨维护\",\"status\":\"0\"}',
        '{\"code\":200,\"msg\":\"操作成功\",\"success\":true}', 0, NULL, '2021-03-24 14:37:26'),
       (528, '菜单管理', 2, 'com.jeethink.community.web.controller.system.SysMenuController.edit()', 'PUT', 1, 'admin',
        NULL, '/system/menu', '127.0.0.1', '内网IP',
        '{\"visible\":\"1\",\"icon\":\"bx\",\"orderNum\":\"9\",\"menuName\":\"报修管理\",\"params\":{},\"parentId\":0,\"isCache\":\"0\",\"path\":\"repair\",\"children\":[],\"createTime\":1608594429000,\"updateBy\":\"admin\",\"isFrame\":\"1\",\"menuId\":2067,\"menuType\":\"M\",\"perms\":\"\",\"status\":\"1\"}',
        '{\"code\":200,\"msg\":\"操作成功\",\"success\":true}', 0, NULL, '2021-08-04 16:48:40'),
       (529, '菜单管理', 2, 'com.jeethink.community.web.controller.system.SysMenuController.edit()', 'PUT', 1, 'admin',
        NULL, '/system/menu', '127.0.0.1', '内网IP',
        '{\"visible\":\"1\",\"icon\":\"bx\",\"orderNum\":\"9\",\"menuName\":\"报修管理\",\"params\":{},\"parentId\":0,\"isCache\":\"0\",\"path\":\"repair\",\"children\":[],\"createTime\":1608594429000,\"updateBy\":\"admin\",\"isFrame\":\"1\",\"menuId\":2067,\"menuType\":\"M\",\"perms\":\"\",\"status\":\"0\"}',
        '{\"code\":200,\"msg\":\"操作成功\",\"success\":true}', 0, NULL, '2021-08-04 16:49:21'),
       (530, '菜单管理', 2, 'com.jeethink.community.web.controller.system.SysMenuController.edit()', 'PUT', 1, 'admin',
        NULL, '/system/menu', '127.0.0.1', '内网IP',
        '{\"visible\":\"1\",\"icon\":\"bxxx\",\"orderNum\":\"1\",\"menuName\":\"报修信息\",\"params\":{},\"parentId\":2067,\"isCache\":\"0\",\"path\":\"repair\",\"component\":\"property/repair/index\",\"children\":[],\"createTime\":1608592491000,\"updateBy\":\"admin\",\"isFrame\":\"1\",\"menuId\":2061,\"menuType\":\"C\",\"perms\":\"system:repair:list\",\"status\":\"0\"}',
        '{\"code\":200,\"msg\":\"操作成功\",\"success\":true}', 0, NULL, '2021-08-04 16:49:27'),
       (531, '楼栋 ', 1, 'com.jeethink.community.web.controller.community.hjyBuildingController.add()', 'POST', 1,
        'admin', NULL, '/system/building', '127.0.0.1', '内网IP',
        '{\"buildingName\":\"1楼\",\"createBy\":\"admin\",\"createTime\":1675945561579,\"updateBy\":\"admin\",\"buildingCode\":\"BUILDING_1675945561579\",\"updateTime\":1675945561579,\"communityId\":1338423795842494466,\"params\":{},\"buildingAcreage\":120,\"buildingId\":1623659483150794753}',
        '{\"code\":200,\"msg\":\"操作成功\",\"success\":true}', 0, NULL, '2023-02-09 20:26:01'),
       (532, '楼栋 ', 2, 'com.jeethink.community.web.controller.community.hjyBuildingController.edit()', 'PUT', 1,
        'admin', NULL, '/system/building', '127.0.0.1', '内网IP',
        '{\"buildingName\":\"南一区1号楼\",\"createBy\":\"admin\",\"createTime\":1675945562000,\"updateBy\":\"admin\",\"buildingCode\":\"BUILDING_1675945561579\",\"updateTime\":1675945603949,\"communityId\":1338423795842494466,\"params\":{},\"buildingAcreage\":120,\"buildingId\":1623659483150794753}',
        '{\"code\":200,\"msg\":\"操作成功\",\"success\":true}', 0, NULL, '2023-02-09 20:26:44'),
       (533, '楼栋 ', 1, 'com.jeethink.community.web.controller.community.hjyBuildingController.add()', 'POST', 1,
        'admin', NULL, '/system/building', '127.0.0.1', '内网IP',
        '{\"buildingName\":\"南一区2号楼\",\"createBy\":\"admin\",\"createTime\":1675945706515,\"updateBy\":\"admin\",\"buildingCode\":\"BUILDING_1675945706515\",\"updateTime\":1675945706515,\"communityId\":1338423795842494466,\"params\":{},\"buildingAcreage\":99,\"buildingId\":1623660091043856386}',
        '{\"code\":200,\"msg\":\"操作成功\",\"success\":true}', 0, NULL, '2023-02-09 20:28:26'),
       (534, '小区 ', 1, 'com.jeethink.community.web.controller.community.hjyCommunityController.add()', 'POST', 1,
        'admin', NULL, '/community/community', '127.0.0.1', '内网IP',
        '{\"communityDetailedAddress\":\"北京市昌平区宏福苑\",\"communityCityCode\":\"10\",\"deptId\":103,\"updateTime\":1675945745985,\"communityTownCode\":\"1010\",\"params\":{},\"createBy\":\"admin\",\"communityprovinceCode\":\"1\",\"createTime\":1675945745985,\"updateBy\":\"admin\",\"communityName\":\"宏福苑小区\",\"communityId\":1623660256618201090,\"communityCode\":\"COMMUNITY_1675945745985\"}',
        '{\"code\":200,\"msg\":\"操作成功\",\"success\":true}', 0, NULL, '2023-02-09 20:29:06'),
       (535, '楼栋 ', 1, 'com.jeethink.community.web.controller.community.hjyBuildingController.add()', 'POST', 1,
        'admin', NULL, '/system/building', '127.0.0.1', '内网IP',
        '{\"buildingName\":\"宏福苑南一区1号楼\",\"createBy\":\"admin\",\"createTime\":1675946018661,\"updateBy\":\"admin\",\"buildingCode\":\"BUILDING_1675946018661\",\"updateTime\":1675946018661,\"communityId\":1338423795842494466,\"params\":{},\"buildingAcreage\":120,\"buildingId\":1623661400291655681}',
        '{\"code\":200,\"msg\":\"操作成功\",\"success\":true}', 0, NULL, '2023-02-09 20:33:38'),
       (536, '单元 ', 1, 'com.jeethink.community.web.controller.community.hjyUnitController.add()', 'POST', 1, 'admin',
        NULL, '/system/unit', '127.0.0.1', '内网IP',
        '{\"unitHaveElevator\":\"Y\",\"unitName\":\"1单元\",\"unitLevel\":1,\"updateTime\":1675948592443,\"params\":{},\"unitAcreage\":120,\"buildingId\":1623659483150794753,\"createBy\":\"admin\",\"createTime\":1675948592443,\"updateBy\":\"admin\",\"unitCode\":\"UNIT_1675948592441\",\"unitId\":1623672195486367746,\"communityId\":1623660256618201090}',
        '{\"code\":200,\"msg\":\"操作成功\",\"success\":true}', 0, NULL, '2023-02-09 21:16:32'),
       (537, '房间 ', 1, 'com.jeethink.community.web.controller.community.hjyRoomController.add()', 'POST', 1, 'admin',
        NULL, '/system/room', '127.0.0.1', '内网IP',
        '{\"roomHouseType\":\"two_house\",\"roomLevel\":1,\"updateTime\":1675948752156,\"roomCode\":\"ROOM_1675948752133\",\"roomCost\":2.0,\"params\":{},\"roomIsShop\":\"N\",\"roomId\":1623672865404796929,\"roomName\":\"101\",\"buildingId\":1623659483150794753,\"roomStatus\":\"has_stay\",\"createBy\":\"admin\",\"createTime\":1675948752156,\"updateBy\":\"admin\",\"roomSCommercialHouse\":\"Y\",\"roomAcreage\":120,\"unitId\":1623672195486367746,\"communityId\":1623660256618201090}',
        '{\"code\":200,\"msg\":\"操作成功\",\"success\":true}', 0, NULL, '2023-02-09 21:19:12'),
       (538, '房间 ', 1, 'com.jeethink.community.web.controller.community.hjyRoomController.add()', 'POST', 1, 'admin',
        NULL, '/system/room', '127.0.0.1', '内网IP',
        '{\"roomHouseType\":\"two_house\",\"roomLevel\":1,\"updateTime\":1675948900543,\"roomCode\":\"ROOM_1675948900533\",\"roomCost\":2.0,\"params\":{},\"roomIsShop\":\"N\",\"roomId\":1623673487776595969,\"roomName\":\"102\",\"buildingId\":1623659483150794753,\"roomStatus\":\"has_stay\",\"createBy\":\"admin\",\"createTime\":1675948900543,\"updateBy\":\"admin\",\"roomSCommercialHouse\":\"Y\",\"roomAcreage\":99,\"unitId\":1623672195486367746,\"communityId\":1623660256618201090}',
        '{\"code\":200,\"msg\":\"操作成功\",\"success\":true}', 0, NULL, '2023-02-09 21:21:40'),
       (539, '小区 ', 1, 'com.jeethink.community.web.controller.community.hjyCommunityController.add()', 'POST', 1,
        'admin', NULL, '/community/community', '127.0.0.1', '内网IP',
        '{\"communityDetailedAddress\":\"北京市昌平区陈家营\",\"communityCityCode\":\"10\",\"deptId\":103,\"updateTime\":1676015682768,\"communityTownCode\":\"1010\",\"params\":{},\"createBy\":\"admin\",\"communityprovinceCode\":\"1\",\"createTime\":1676015682768,\"updateBy\":\"admin\",\"communityName\":\"佳运园小区\",\"communityId\":1623953592746811393,\"communityCode\":\"COMMUNITY_1676015682766\"}',
        '{\"code\":200,\"msg\":\"操作成功\",\"success\":true}', 0, NULL, '2023-02-10 15:54:42'),
       (540, '小区 ', 2, 'com.jeethink.community.web.controller.community.hjyCommunityController.edit()', 'PUT', 1,
        'admin', NULL, '/community/community', '127.0.0.1', '内网IP',
        '{\"communityDetailedAddress\":\"北京市昌平区陈家营西路\",\"communityCityCode\":\"10\",\"deptId\":103,\"updateTime\":1676018551554,\"communityTownCode\":\"1010\",\"params\":{},\"createBy\":\"admin\",\"communityprovinceCode\":\"1\",\"createTime\":1676015683000,\"updateBy\":\"admin\",\"communityName\":\"清水园小区\",\"communityId\":1623953592746811393,\"communityCode\":\"COMMUNITY_1676015682766\"}',
        '{\"code\":200,\"msg\":\"操作成功\",\"success\":true}', 0, NULL, '2023-02-10 16:42:31'),
       (541, '小区 ', 3, 'com.jeethink.community.web.controller.community.hjyCommunityController.remove()', 'DELETE', 1,
        'admin', NULL, '/community/community/1623953592746811393', '127.0.0.1', '内网IP',
        '{communityIds=1623953592746811393}', '{\"code\":200,\"msg\":\"操作成功\",\"success\":true}', 0, NULL,
        '2023-02-10 16:46:57'),
       (542, '小区 ', 5, 'com.jeethink.community.web.controller.community.hjyCommunityController.export()', 'GET', 1,
        'admin', NULL, '/community/community/export', '127.0.0.1', '内网IP', '{}',
        '{\"code\":200,\"msg\":\"920a806c-42df-41cc-bbb9-b92d5c81e7f0_community.xlsx\",\"success\":true}', 0, NULL,
        '2023-02-10 17:06:01'),
       (543, '小区 ', 5, 'com.jeethink.community.web.controller.community.hjyCommunityController.export()', 'GET', 1,
        'admin', NULL, '/community/community/export', '127.0.0.1', '内网IP', '{}',
        '{\"code\":200,\"msg\":\"e0534a3d-bd21-4a30-8726-fc7fa04f67f3_community.xlsx\",\"success\":true}', 0, NULL,
        '2023-02-10 17:06:50'),
       (544, '楼栋 ', 5, 'com.jeethink.community.web.controller.community.hjyBuildingController.export()', 'GET', 1,
        'admin', NULL, '/system/building/export', '127.0.0.1', '内网IP', '{}',
        '{\"code\":200,\"msg\":\"0461f709-7c2b-4fcf-b17c-4e8a9dd7fc46_building.xlsx\",\"success\":true}', 0, NULL,
        '2023-02-10 17:09:47'),
       (545, '楼栋 ', 5, 'com.jeethink.community.web.controller.community.hjyBuildingController.export()', 'GET', 1,
        'admin', NULL, '/system/building/export', '127.0.0.1', '内网IP', '{}',
        '{\"code\":200,\"msg\":\"9069492c-8699-44b9-adb5-e5d013556da0_building.xlsx\",\"success\":true}', 0, NULL,
        '2023-02-10 17:12:43'),
       (546, '楼栋 ', 5, 'com.jeethink.community.web.controller.community.hjyBuildingController.export()', 'GET', 1,
        'admin', NULL, '/system/building/export', '127.0.0.1', '内网IP', '{}',
        '{\"code\":200,\"msg\":\"c84f74fd-c702-441f-bdf1-1155824f663b_building.xlsx\",\"success\":true}', 0, NULL,
        '2023-02-10 17:15:53'),
       (547, '单元 ', 5, 'com.jeethink.community.web.controller.community.hjyUnitController.export()', 'GET', 1,
        'admin', NULL, '/system/unit/export', '127.0.0.1', '内网IP', '{}',
        '{\"code\":200,\"msg\":\"3fc39102-2c40-410f-af63-b33899ae66fe_unit.xlsx\",\"success\":true}', 0, NULL,
        '2023-02-10 17:17:44'),
       (548, '角色管理', 1, 'com.jeethink.community.web.controller.system.SysRoleController.add()', 'POST', 1, 'admin',
        NULL, '/system/role', '127.0.0.1', '内网IP',
        '{\"flag\":false,\"roleId\":3,\"admin\":false,\"params\":{},\"roleSort\":\"3\",\"deptCheckStrictly\":true,\"createBy\":\"admin\",\"menuCheckStrictly\":true,\"roleKey\":\"service\",\"roleName\":\"社区服务\",\"deptIds\":[],\"menuIds\":[2006,2000,2001,2002,2003,2004,2005,2007,2014,2015,2016,2017,2018,2019,2020,2021,2022,2023,2024,2025,2008,2009,2010,2011,2012,2013,2033,2034,2035,2036,2037,2038,2039,2027,2028,2029,2030,2031,2032],\"status\":\"0\"}',
        '{\"code\":200,\"msg\":\"操作成功\",\"success\":true}', 0, NULL, '2023-02-20 15:37:55'),
       (549, '用户管理', 1, 'com.jeethink.community.web.controller.system.SysUserController.add()', 'POST', 1, 'admin',
        NULL, '/system/user', '127.0.0.1', '内网IP',
        '{\"phonenumber\":\"13500008888\",\"admin\":false,\"password\":\"$2a$10$9sO3zwwZvCsBx5RLFzdAhuqvnisgwNssT4PVBTeh1ufWG4.lbZIq.\",\"postIds\":[4],\"email\":\"123@msb.com\",\"nickName\":\"spike\",\"sex\":\"0\",\"deptId\":100,\"params\":{},\"userName\":\"sokie\",\"userId\":101,\"createBy\":\"admin\",\"roleIds\":[3],\"status\":\"0\"}',
        '{\"code\":200,\"msg\":\"操作成功\",\"success\":true}', 0, NULL, '2023-02-20 15:39:15'),
       (550, '用户管理', 2, 'com.jeethink.community.web.controller.system.SysUserController.edit()', 'PUT', 1, 'admin',
        NULL, '/system/user', '127.0.0.1', '内网IP',
        '{\"roles\":[{\"flag\":false,\"roleId\":3,\"admin\":false,\"dataScope\":\"1\",\"params\":{},\"roleSort\":\"3\",\"deptCheckStrictly\":false,\"menuCheckStrictly\":false,\"roleKey\":\"service\",\"roleName\":\"社区服务\",\"status\":\"0\"}],\"phonenumber\":\"13500008888\",\"admin\":false,\"delFlag\":\"0\",\"password\":\"\",\"updateBy\":\"admin\",\"postIds\":[4],\"loginIp\":\"\",\"email\":\"123@msb.com\",\"nickName\":\"spike\",\"sex\":\"0\",\"deptId\":100,\"avatar\":\"\",\"dept\":{\"deptName\":\"合家云智慧社区\",\"leader\":\"spike\",\"deptId\":100,\"orderNum\":\"0\",\"params\":{},\"parentId\":0,\"children\":[],\"status\":\"0\"},\"params\":{},\"userName\":\"sokie\",\"userId\":101,\"createBy\":\"admin\",\"roleIds\":[3],\"createTime\":1676878755000,\"status\":\"0\"}',
        '{\"code\":200,\"msg\":\"操作成功\",\"success\":true}', 0, NULL, '2023-02-20 15:39:39'),
       (551, '用户管理', 3, 'com.jeethink.community.web.controller.system.SysUserController.remove()', 'DELETE', 1,
        'admin', NULL, '/system/user/101', '127.0.0.1', '内网IP', '{userIds=101}',
        '{\"code\":200,\"msg\":\"操作成功\",\"success\":true}', 0, NULL, '2023-02-20 15:40:16'),
       (552, '用户管理', 1, 'com.jeethink.community.web.controller.system.SysUserController.add()', 'POST', 1, 'admin',
        NULL, '/system/user', '127.0.0.1', '内网IP',
        '{\"phonenumber\":\"13522102210\",\"admin\":false,\"password\":\"123456\",\"postIds\":[4],\"email\":\"123@msb.com\",\"nickName\":\" wowowo\",\"sex\":\"0\",\"deptId\":100,\"params\":{},\"userName\":\"spike\",\"roleIds\":[3],\"status\":\"0\"}',
        '{\"code\":400,\"msg\":\"新增用户\'spike\'失败，邮箱账号已存在\",\"success\":false}', 0, NULL,
        '2023-02-20 15:41:18'),
       (553, '用户管理', 1, 'com.jeethink.community.web.controller.system.SysUserController.add()', 'POST', 1, 'admin',
        NULL, '/system/user', '127.0.0.1', '内网IP',
        '{\"phonenumber\":\"13522102210\",\"admin\":false,\"password\":\"123456\",\"postIds\":[4],\"email\":\"123@msb.com\",\"nickName\":\" wowowo\",\"sex\":\"0\",\"deptId\":100,\"params\":{},\"userName\":\"laoli\",\"roleIds\":[3],\"status\":\"0\"}',
        '{\"code\":400,\"msg\":\"新增用户\'laoli\'失败，邮箱账号已存在\",\"success\":false}', 0, NULL,
        '2023-02-20 15:41:34'),
       (554, '用户管理', 1, 'com.jeethink.community.web.controller.system.SysUserController.add()', 'POST', 1, 'admin',
        NULL, '/system/user', '127.0.0.1', '内网IP',
        '{\"phonenumber\":\"13522102210\",\"admin\":false,\"password\":\"$2a$10$t4A7DhVsVd.XMjZDSOQ3RuXQwqFPSQ/DYFUZBJKbM9RJzaPh3SjIm\",\"postIds\":[4],\"email\":\"123456@msb.com\",\"nickName\":\" wowowo\",\"sex\":\"0\",\"deptId\":100,\"params\":{},\"userName\":\"laoli\",\"userId\":102,\"createBy\":\"admin\",\"roleIds\":[3],\"status\":\"0\"}',
        '{\"code\":200,\"msg\":\"操作成功\",\"success\":true}', 0, NULL, '2023-02-20 15:41:49'),
       (555, '通知公告', 2, 'com.jeethink.community.web.controller.system.SysNoticeController.edit()', 'PUT', 1,
        'admin', NULL, '/system/notice', '127.0.0.1', '内网IP',
        '{\"noticeContent\":\"<p>新版本内容</p>\",\"createBy\":\"admin\",\"createTime\":1607277186000,\"updateBy\":\"admin\",\"noticeType\":\"2\",\"remark\":\"管理员\",\"updateTime\":1616567816000,\"params\":{},\"noticeId\":1,\"noticeTitle\":\"温馨提醒：新版本发布啦\",\"status\":\"0\"}',
        '{\"code\":200,\"msg\":\"操作成功\",\"success\":true}', 0, NULL, '2023-02-20 20:40:48'),
       (556, '通知公告', 2, 'com.jeethink.community.web.controller.system.SysNoticeController.edit()', 'PUT', 1,
        'admin', NULL, '/system/notice', '127.0.0.1', '内网IP',
        '{\"noticeContent\":\"<p>维护内容</p>\",\"createBy\":\"admin\",\"createTime\":1607277186000,\"updateBy\":\"admin\",\"noticeType\":\"1\",\"remark\":\"管理员\",\"updateTime\":1616567846000,\"params\":{},\"noticeId\":2,\"noticeTitle\":\"维护通知：系统凌晨维护\",\"status\":\"0\"}',
        '{\"code\":200,\"msg\":\"操作成功\",\"success\":true}', 0, NULL, '2023-02-20 20:41:01');

/*Table structure for table `sys_post` */

DROP TABLE IF EXISTS `sys_post`;

CREATE TABLE `sys_post`
(
    `post_id`     bigint(20)  NOT NULL AUTO_INCREMENT COMMENT '岗位ID',
    `post_code`   varchar(64) NOT NULL COMMENT '岗位编码',
    `post_name`   varchar(50) NOT NULL COMMENT '岗位名称',
    `post_sort`   int(4)      NOT NULL COMMENT '显示顺序',
    `status`      char(1)     NOT NULL COMMENT '状态（0正常 1停用）',
    `create_by`   varchar(64)  DEFAULT '' COMMENT '创建者',
    `create_time` datetime     DEFAULT NULL COMMENT '创建时间',
    `update_by`   varchar(64)  DEFAULT '' COMMENT '更新者',
    `update_time` datetime     DEFAULT NULL COMMENT '更新时间',
    `remark`      varchar(500) DEFAULT NULL COMMENT '备注',
    PRIMARY KEY (`post_id`) USING BTREE
) ENGINE = InnoDB
  AUTO_INCREMENT = 5
  DEFAULT CHARSET = utf8
  ROW_FORMAT = DYNAMIC COMMENT ='岗位信息表';

/*Data for the table `sys_post` */

insert into `sys_post`(`post_id`, `post_code`, `post_name`, `post_sort`, `status`, `create_by`, `create_time`,
                       `update_by`, `update_time`, `remark`)
values (1, 'ceo', '董事长', 1, '0', 'admin', '2020-12-07 01:53:06', '', NULL, ''),
       (2, 'se', '项目经理', 2, '0', 'admin', '2020-12-07 01:53:06', '', NULL, ''),
       (3, 'hr', '人力资源', 3, '0', 'admin', '2020-12-07 01:53:06', '', NULL, ''),
       (4, 'user', '普通员工', 4, '0', 'admin', '2020-12-07 01:53:06', '', NULL, '');

/*Table structure for table `sys_role` */

DROP TABLE IF EXISTS `sys_role`;

CREATE TABLE `sys_role`
(
    `role_id`             bigint(20)   NOT NULL AUTO_INCREMENT COMMENT '角色ID',
    `role_name`           varchar(30)  NOT NULL COMMENT '角色名称',
    `role_key`            varchar(100) NOT NULL COMMENT '角色权限字符串',
    `role_sort`           int(4)       NOT NULL COMMENT '显示顺序',
    `data_scope`          char(1)      DEFAULT '1' COMMENT '数据范围（1：全部数据权限 2：自定数据权限 3：本部门数据权限 4：本部门及以下数据权限）',
    `menu_check_strictly` tinyint(1)   DEFAULT '1' COMMENT '菜单树选择项是否关联显示',
    `dept_check_strictly` tinyint(1)   DEFAULT '1' COMMENT '部门树选择项是否关联显示',
    `status`              char(1)      NOT NULL COMMENT '角色状态（0正常 1停用）',
    `del_flag`            char(1)      DEFAULT '0' COMMENT '删除标志（0代表存在 2代表删除）',
    `create_by`           varchar(64)  DEFAULT '' COMMENT '创建者',
    `create_time`         datetime     DEFAULT NULL COMMENT '创建时间',
    `update_by`           varchar(64)  DEFAULT '' COMMENT '更新者',
    `update_time`         datetime     DEFAULT NULL COMMENT '更新时间',
    `remark`              varchar(500) DEFAULT NULL COMMENT '备注',
    PRIMARY KEY (`role_id`) USING BTREE
) ENGINE = InnoDB
  AUTO_INCREMENT = 4
  DEFAULT CHARSET = utf8
  ROW_FORMAT = DYNAMIC COMMENT ='角色信息表';

/*Data for the table `sys_role` */

insert into `sys_role`(`role_id`, `role_name`, `role_key`, `role_sort`, `data_scope`, `menu_check_strictly`,
                       `dept_check_strictly`, `status`, `del_flag`, `create_by`, `create_time`, `update_by`,
                       `update_time`, `remark`)
values (1, '超级管理员', 'admin', 1, '1', 1, 1, '0', '0', 'admin', '2020-12-07 01:53:06', '', NULL, '超级管理员'),
       (2, '普通角色', 'common', 2, '3', 1, 1, '0', '0', 'admin', '2020-12-07 01:53:06', 'admin', '2020-12-25 07:56:17',
        '普通角色'),
       (3, '社区服务', 'service', 3, '1', 1, 1, '0', '0', 'admin', '2023-02-20 15:37:55', '', NULL, NULL);

/*Table structure for table `sys_role_dept` */

DROP TABLE IF EXISTS `sys_role_dept`;

CREATE TABLE `sys_role_dept`
(
    `role_id` bigint(20) NOT NULL COMMENT '角色ID',
    `dept_id` bigint(20) NOT NULL COMMENT '部门ID',
    PRIMARY KEY (`role_id`, `dept_id`) USING BTREE
) ENGINE = InnoDB
  DEFAULT CHARSET = utf8
  ROW_FORMAT = DYNAMIC COMMENT ='角色和部门关联表';

/*Data for the table `sys_role_dept` */

insert into `sys_role_dept`(`role_id`, `dept_id`)
values (2, 100),
       (2, 101),
       (2, 105);

/*Table structure for table `sys_role_menu` */

DROP TABLE IF EXISTS `sys_role_menu`;

CREATE TABLE `sys_role_menu`
(
    `role_id` bigint(20) NOT NULL COMMENT '角色ID',
    `menu_id` bigint(20) NOT NULL COMMENT '菜单ID',
    PRIMARY KEY (`role_id`, `menu_id`) USING BTREE
) ENGINE = InnoDB
  DEFAULT CHARSET = utf8
  ROW_FORMAT = DYNAMIC COMMENT ='角色和菜单关联表';

/*Data for the table `sys_role_menu` */

insert into `sys_role_menu`(`role_id`, `menu_id`)
values (2, 1),
       (2, 2),
       (2, 3),
       (2, 4),
       (2, 100),
       (2, 101),
       (2, 102),
       (2, 103),
       (2, 104),
       (2, 105),
       (2, 108),
       (2, 109),
       (2, 111),
       (2, 112),
       (2, 113),
       (2, 116),
       (2, 500),
       (2, 501),
       (2, 1001),
       (2, 1002),
       (2, 1005),
       (2, 1008),
       (2, 1012),
       (2, 1013),
       (2, 1017),
       (2, 1021),
       (2, 1025),
       (2, 1026),
       (2, 1030),
       (2, 1040),
       (2, 1041),
       (2, 1042),
       (2, 1043),
       (2, 1044),
       (2, 1045),
       (2, 1046),
       (2, 1047),
       (2, 1048),
       (2, 2000),
       (2, 2001),
       (2, 2002),
       (2, 2003),
       (2, 2004),
       (2, 2005),
       (2, 2006),
       (2, 2007),
       (2, 2008),
       (2, 2009),
       (2, 2010),
       (2, 2011),
       (2, 2012),
       (2, 2013),
       (2, 2014),
       (2, 2015),
       (2, 2016),
       (2, 2017),
       (2, 2018),
       (2, 2019),
       (2, 2020),
       (2, 2021),
       (2, 2022),
       (2, 2023),
       (2, 2024),
       (2, 2025),
       (2, 2027),
       (2, 2028),
       (2, 2029),
       (2, 2030),
       (2, 2031),
       (2, 2032),
       (2, 2033),
       (2, 2034),
       (2, 2035),
       (2, 2036),
       (2, 2037),
       (2, 2038),
       (2, 2039),
       (2, 2040),
       (2, 2041),
       (2, 2042),
       (2, 2043),
       (2, 2044),
       (2, 2045),
       (2, 2046),
       (2, 2047),
       (2, 2048),
       (2, 2049),
       (2, 2050),
       (2, 2051),
       (2, 2052),
       (2, 2053),
       (2, 2054),
       (2, 2055),
       (2, 2056),
       (2, 2057),
       (2, 2058),
       (2, 2059),
       (2, 2060),
       (2, 2061),
       (2, 2062),
       (2, 2063),
       (2, 2064),
       (2, 2065),
       (2, 2066),
       (2, 2067),
       (3, 2000),
       (3, 2001),
       (3, 2002),
       (3, 2003),
       (3, 2004),
       (3, 2005),
       (3, 2006),
       (3, 2007),
       (3, 2008),
       (3, 2009),
       (3, 2010),
       (3, 2011),
       (3, 2012),
       (3, 2013),
       (3, 2014),
       (3, 2015),
       (3, 2016),
       (3, 2017),
       (3, 2018),
       (3, 2019),
       (3, 2020),
       (3, 2021),
       (3, 2022),
       (3, 2023),
       (3, 2024),
       (3, 2025),
       (3, 2027),
       (3, 2028),
       (3, 2029),
       (3, 2030),
       (3, 2031),
       (3, 2032),
       (3, 2033),
       (3, 2034),
       (3, 2035),
       (3, 2036),
       (3, 2037),
       (3, 2038),
       (3, 2039);

/*Table structure for table `sys_user` */

DROP TABLE IF EXISTS `sys_user`;

CREATE TABLE `sys_user`
(
    `user_id`     bigint(20)  NOT NULL AUTO_INCREMENT COMMENT '用户ID',
    `dept_id`     bigint(20)   DEFAULT NULL COMMENT '部门ID',
    `user_name`   varchar(30) NOT NULL COMMENT '用户账号',
    `nick_name`   varchar(30) NOT NULL COMMENT '用户昵称',
    `user_type`   varchar(2)   DEFAULT '00' COMMENT '用户类型（00系统用户）',
    `email`       varchar(50)  DEFAULT '' COMMENT '用户邮箱',
    `phonenumber` varchar(11)  DEFAULT '' COMMENT '手机号码',
    `sex`         char(1)      DEFAULT '0' COMMENT '用户性别（0男 1女 2未知）',
    `avatar`      varchar(100) DEFAULT '' COMMENT '头像地址',
    `password`    varchar(100) DEFAULT '' COMMENT '密码',
    `status`      char(1)      DEFAULT '0' COMMENT '帐号状态（0正常 1停用）',
    `del_flag`    char(1)      DEFAULT '0' COMMENT '删除标志（0代表存在 2代表删除）',
    `login_ip`    varchar(50)  DEFAULT '' COMMENT '最后登录IP',
    `login_date`  datetime     DEFAULT NULL COMMENT '最后登录时间',
    `create_by`   varchar(64)  DEFAULT '' COMMENT '创建者',
    `create_time` datetime     DEFAULT NULL COMMENT '创建时间',
    `update_by`   varchar(64)  DEFAULT '' COMMENT '更新者',
    `update_time` datetime     DEFAULT NULL COMMENT '更新时间',
    `remark`      varchar(500) DEFAULT NULL COMMENT '备注',
    PRIMARY KEY (`user_id`) USING BTREE
) ENGINE = InnoDB
  AUTO_INCREMENT = 103
  DEFAULT CHARSET = utf8
  ROW_FORMAT = DYNAMIC COMMENT ='用户信息表';

/*Data for the table `sys_user` */

insert into `sys_user`(`user_id`, `dept_id`, `user_name`, `nick_name`, `user_type`, `email`, `phonenumber`, `sex`,
                       `avatar`, `password`, `status`, `del_flag`, `login_ip`, `login_date`, `create_by`, `create_time`,
                       `update_by`, `update_time`, `remark`)
values (1, 103, 'admin', 'msb', '00', 'msb@163.com', '15888888888', '0', '',
        '$2a$10$7JB720yubVSZvUI0rEqK/.VqGOZTH.ulu33dHOiBE8ByOhJIrdAu2', '0', '0', '127.0.0.1', '2020-12-07 01:53:06',
        'admin', '2020-12-07 01:53:06', '', '2021-03-19 10:06:50', '管理员 admin123'),
       (2, 105, 'jt', 'tuantuan', '00', 'msb@qq.com', '15666666666', '1', '',
        '$2a$10$negHDmyk8QrsymSdjCgEXuEoPonSshoPBVKf1aPpUMVyzsrmScMkW', '0', '2', '127.0.0.1', '2020-12-07 01:53:06',
        'admin', '2020-12-07 01:53:06', 'jt', '2020-12-25 02:23:22', '测试员'),
       (100, 103, 'test', 'test', '00', 'sadad@qwdwq.com', '13011111111', '0', '',
        '$2a$10$oATgmRttyTCF2ZjBKh.4de7ii/OeEmGvWgmFSJIKgMZ3em5Iwxl7G', '0', '0', '', NULL, 'admin',
        '2020-12-08 07:31:09', 'admin', '2020-12-25 08:02:33', NULL),
       (101, 100, 'sokie', 'spike', '00', '123@msb.com', '13500008888', '0', '',
        '$2a$10$9sO3zwwZvCsBx5RLFzdAhuqvnisgwNssT4PVBTeh1ufWG4.lbZIq.', '0', '2', '', NULL, 'admin',
        '2023-02-20 15:39:15', 'admin', '2023-02-20 15:39:39', NULL),
       (102, 100, 'laoli', ' wowowo', '00', '123456@msb.com', '13522102210', '0', '',
        '$2a$10$t4A7DhVsVd.XMjZDSOQ3RuXQwqFPSQ/DYFUZBJKbM9RJzaPh3SjIm', '0', '0', '', NULL, 'admin',
        '2023-02-20 15:41:49', '', NULL, NULL);

/*Table structure for table `sys_user_post` */

DROP TABLE IF EXISTS `sys_user_post`;

CREATE TABLE `sys_user_post`
(
    `user_id` bigint(20) NOT NULL COMMENT '用户ID',
    `post_id` bigint(20) NOT NULL COMMENT '岗位ID',
    PRIMARY KEY (`user_id`, `post_id`) USING BTREE
) ENGINE = InnoDB
  DEFAULT CHARSET = utf8
  ROW_FORMAT = DYNAMIC COMMENT ='用户与岗位关联表';

/*Data for the table `sys_user_post` */

insert into `sys_user_post`(`user_id`, `post_id`)
values (1, 1),
       (2, 2),
       (101, 4),
       (102, 4);

/*Table structure for table `sys_user_role` */

DROP TABLE IF EXISTS `sys_user_role`;

CREATE TABLE `sys_user_role`
(
    `user_id` bigint(20) NOT NULL COMMENT '用户ID',
    `role_id` bigint(20) NOT NULL COMMENT '角色ID',
    PRIMARY KEY (`user_id`, `role_id`) USING BTREE
) ENGINE = InnoDB
  DEFAULT CHARSET = utf8
  ROW_FORMAT = DYNAMIC COMMENT ='用户和角色关联表';

/*Data for the table `sys_user_role` */

insert into `sys_user_role`(`user_id`, `role_id`)
values (1, 1),
       (2, 2),
       (100, 2),
       (101, 3),
       (102, 3),
       (105, 2);
